feature_set,target,source_row,composition_group,observed,predicted,conformal_halfwidth
fractions,Curie(TC) (K),4,2,723.0,715.9415821428565,279.6874440476192
fractions,Curie(TC) (K),5,3,743.0,747.1823333333296,279.6874440476192
fractions,Curie(TC) (K),6,3,743.0,747.1823333333296,279.6874440476192
fractions,Curie(TC) (K),16,10,561.0,492.5229999999997,279.6874440476192
fractions,Curie(TC) (K),18,12,647.15,660.271722222219,279.6874440476192
fractions,Curie(TC) (K),32,23,562.15,572.5343589743567,279.6874440476192
fractions,Curie(TC) (K),34,25,566.15,555.2288333333303,279.6874440476192
fractions,Curie(TC) (K),39,30,473.0,469.51289583333244,279.6874440476192
fractions,Curie(TC) (K),40,31,465.15,572.4102926739912,279.6874440476192
fractions,Curie(TC) (K),49,39,700.0,610.4764444444424,279.6874440476192
fractions,Curie(TC) (K),55,44,598.15,1175.6071666666678,279.6874440476192
fractions,Curie(TC) (K),61,49,612.1,703.4927738095219,279.6874440476192
fractions,Curie(TC) (K),62,49,706.8,703.4927738095219,279.6874440476192
fractions,Curie(TC) (K),63,49,717.4,703.4927738095219,279.6874440476192
fractions,Curie(TC) (K),71,54,798.15,745.3140333333305,279.6874440476192
fractions,Curie(TC) (K),72,55,690.0,790.242433333331,279.6874440476192
fractions,Curie(TC) (K),75,58,605.0,577.2014999999999,279.6874440476192
fractions,Curie(TC) (K),76,59,580.0,566.2252193100358,279.6874440476192
fractions,Curie(TC) (K),81,63,643.0,567.2192380952358,279.6874440476192
fractions,Curie(TC) (K),85,2,725.0,715.9415821428565,279.6874440476192
fractions,Curie(TC) (K),86,66,710.0,593.9967784391521,279.6874440476192
fractions,Curie(TC) (K),87,67,436.0,449.33123333333333,279.6874440476192
fractions,Curie(TC) (K),90,70,697.15,696.2588518518496,279.6874440476192
fractions,Curie(TC) (K),92,72,653.15,661.8384230769226,279.6874440476192
fractions,Curie(TC) (K),96,76,22.0,473.51668849206385,279.6874440476192
fractions,Curie(TC) (K),98,78,497.15,716.0254097222202,279.6874440476192
fractions,Curie(TC) (K),99,3,743.15,747.1823333333296,279.6874440476192
fractions,Curie(TC) (K),107,83,509.15,132.8921666666666,279.6874440476192
fractions,Curie(TC) (K),108,3,749.15,747.1823333333296,279.6874440476192
fractions,Curie(TC) (K),111,86,622.75,618.2713888888889,279.6874440476192
fractions,Curie(TC) (K),113,88,607.65,603.5401944444443,279.6874440476192
fractions,Curie(TC) (K),127,96,740.0,622.1598333333329,279.6874440476192
fractions,Curie(TC) (K),132,3,747.15,747.1823333333296,279.6874440476192
fractions,Curie(TC) (K),133,100,525.0,561.8090666666657,279.6874440476192
fractions,Curie(TC) (K),135,101,1173.0,740.1325833333327,279.6874440476192
fractions,Curie(TC) (K),144,101,1123.15,740.1325833333327,279.6874440476192
fractions,Curie(TC) (K),145,106,540.0,517.3406282051275,279.6874440476192
fractions,Curie(TC) (K),146,107,409.1,429.5196111111109,279.6874440476192
fractions,Curie(TC) (K),148,109,476.0,521.1956666666655,279.6874440476192
fractions,Curie(TC) (K),152,3,740.0,747.1823333333296,279.6874440476192
fractions,Curie(TC) (K),154,113,473.15,452.834882407407,279.6874440476192
fractions,Curie(TC) (K),162,120,618.15,531.0315222222221,279.6874440476192
fractions,Curie(TC) (K),168,44,849.15,1175.6071666666678,279.6874440476192
fractions,Curie(TC) (K),186,136,695.0,662.7876111111132,279.6874440476192
fractions,Curie(TC) (K),190,139,443.15,445.43999999999755,279.6874440476192
fractions,Curie(TC) (K),192,139,448.15,445.43999999999755,279.6874440476192
fractions,Curie(TC) (K),193,120,633.0,531.0315222222221,279.6874440476192
fractions,Curie(TC) (K),194,141,585.15,554.0542059523798,279.6874440476192
fractions,Curie(TC) (K),209,3,723.15,747.1823333333296,279.6874440476192
fractions,Curie(TC) (K),213,158,695.0,706.2189999999996,279.6874440476192
fractions,Curie(TC) (K),217,120,630.0,531.0315222222221,279.6874440476192
fractions,Curie(TC) (K),218,3,743.15,747.1823333333296,279.6874440476192
fractions,Curie(TC) (K),228,168,1130.0,234.9294583333336,279.6874440476192
fractions,Curie(TC) (K),233,101,1150.0,740.1325833333327,279.6874440476192
fractions,Curie(TC) (K),236,174,980.0,730.4189696969696,279.6874440476192
fractions,Curie(TC) (K),243,178,695.0,701.6329599761048,279.6874440476192
fractions,Curie(TC) (K),254,2,996.15,715.9415821428565,279.6874440476192
fractions,Curie(TC) (K),255,2,996.15,715.9415821428565,279.6874440476192
fractions,Curie(TC) (K),256,2,996.15,715.9415821428565,279.6874440476192
fractions,Curie(TC) (K),257,2,996.15,715.9415821428565,279.6874440476192
fractions,Curie(TC) (K),258,2,996.15,715.9415821428565,279.6874440476192
fractions,Curie(TC) (K),259,2,996.15,715.9415821428565,279.6874440476192
fractions,Curie(TC) (K),264,184,773.15,724.4942927248649,279.6874440476192
fractions,Curie(TC) (K),265,66,773.15,593.9967784391521,279.6874440476192
fractions,Curie(TC) (K),275,192,750.0,748.361166666663,279.6874440476192
fractions,Curie(TC) (K),285,120,630.0,531.0315222222221,279.6874440476192
fractions,Curie(TC) (K),289,198,584.15,569.2674999999995,279.6874440476192
fractions,Curie(TC) (K),290,199,560.0,580.4877777777778,279.6874440476192
fractions,Curie(TC) (K),299,208,723.15,759.5629999999978,279.6874440476192
fractions,Curie(TC) (K),301,210,603.15,518.0365952380934,279.6874440476192
fractions,Curie(TC) (K),302,3,1073.0,747.1823333333296,279.6874440476192
fractions,Curie(TC) (K),306,213,732.0,718.8649857142852,279.6874440476192
fractions,Curie(TC) (K),308,215,650.0,654.4753333333329,279.6874440476192
fractions,Curie(TC) (K),311,218,650.0,627.5173333333332,279.6874440476192
fractions,Curie(TC) (K),341,237,750.15,766.1421111111079,279.6874440476192
fractions,Curie(TC) (K),348,3,748.15,747.1823333333296,279.6874440476192
fractions,Curie(TC) (K),355,244,708.15,694.986166666663,279.6874440476192
fractions,Curie(TC) (K),358,247,605.0,709.4689743589737,279.6874440476192
fractions,Curie(TC) (K),359,247,765.0,709.4689743589737,279.6874440476192
fractions,Curie(TC) (K),370,256,546.0,557.0033772893768,279.6874440476192
fractions,Curie(TC) (K),374,260,518.0,517.9953333333333,279.6874440476192
fractions,Curie(TC) (K),392,273,887.9,616.4909230769206,279.6874440476192
fractions,Curie(TC) (K),393,2,723.15,715.9415821428565,279.6874440476192
fractions,Curie(TC) (K),395,275,704.15,675.4998333333298,279.6874440476192
fractions,Curie(TC) (K),397,277,625.15,643.880574074071,279.6874440476192
fractions,Curie(TC) (K),400,280,587.15,625.2380897435893,279.6874440476192
fractions,Curie(TC) (K),411,286,750.15,630.1016153846138,279.6874440476192
fractions,Curie(TC) (K),414,289,717.0,427.3316666666657,279.6874440476192
fractions,Curie(TC) (K),419,294,350.0,627.3724999999994,279.6874440476192
fractions,Curie(TC) (K),421,296,480.0,502.7268333333332,279.6874440476192
fractions,Curie(TC) (K),437,306,1178.15,900.3188333333301,279.6874440476192
fractions,Curie(TC) (K),439,307,723.0,712.0744444444421,279.6874440476192
fractions,Curie(TC) (K),440,307,723.0,712.0744444444421,279.6874440476192
fractions,Curie(TC) (K),441,307,723.0,712.0744444444421,279.6874440476192
fractions,Curie(TC) (K),442,307,723.0,712.0744444444421,279.6874440476192
fractions,Curie(TC) (K),444,3,750.15,747.1823333333296,279.6874440476192
fractions,Curie(TC) (K),445,308,573.15,613.9681250000011,279.6874440476192
fractions,Curie(TC) (K),446,309,573.15,621.0335416666683,279.6874440476192
fractions,Curie(TC) (K),447,120,628.0,531.0315222222221,279.6874440476192
fractions,Curie(TC) (K),457,318,492.47,627.725458333332,279.6874440476192
fractions,Curie(TC) (K),458,319,466.56,753.8850916666655,279.6874440476192
fractions,Curie(TC) (K),468,323,758.0,691.2184749999972,279.6874440476192
fractions,Curie(TC) (K),474,327,541.15,525.1276564102561,279.6874440476192
fractions,Curie(TC) (K),475,328,610.15,543.398674358974,279.6874440476192
fractions,Curie(TC) (K),476,215,650.15,654.4753333333329,279.6874440476192
fractions,Curie(TC) (K),480,331,637.15,623.4610897435886,279.6874440476192
fractions,Curie(TC) (K),481,332,608.15,601.0278974358963,279.6874440476192
fractions,Curie(TC) (K),484,120,633.15,531.0315222222221,279.6874440476192
fractions,Curie(TC) (K),485,333,595.0,571.8309999999993,279.6874440476192
fractions,Curie(TC) (K),486,120,530.0,531.0315222222221,279.6874440476192
fractions,Curie(TC) (K),487,334,625.0,532.8571888888887,279.6874440476192
fractions,Curie(TC) (K),496,120,530.15,531.0315222222221,279.6874440476192
fractions,Curie(TC) (K),502,346,240.0,332.27102777777776,279.6874440476192
fractions,Curie(TC) (K),506,350,255.0,259.35933333333327,279.6874440476192
fractions,Curie(TC) (K),507,351,658.0,646.1906410256388,279.6874440476192
fractions,Curie(TC) (K),508,352,663.0,644.6739999999978,279.6874440476192
fractions,Curie(TC) (K),509,2,728.0,715.9415821428565,279.6874440476192
fractions,Curie(TC) (K),514,355,304.3,522.6460777777778,279.6874440476192
fractions,Curie(TC) (K),515,355,318.9,522.6460777777778,279.6874440476192
fractions,Curie(TC) (K),516,355,357.6,522.6460777777778,279.6874440476192
fractions,Curie(TC) (K),517,355,359.3,522.6460777777778,279.6874440476192
fractions,Curie(TC) (K),524,359,933.15,780.1595919191908,279.6874440476192
fractions,Curie(TC) (K),529,362,915.0,895.5938333333335,279.6874440476192
fractions,Curie(TC) (K),533,365,480.0,676.6978333333328,279.6874440476192
fractions,Curie(TC) (K),538,370,488.0,579.3379333333311,279.6874440476192
fractions,Curie(TC) (K),539,371,548.0,578.549733333331,279.6874440476192
fractions,Curie(TC) (K),556,381,744.15,711.9786666666636,279.6874440476192
fractions,Curie(TC) (K),563,388,576.15,570.6866666666635,279.6874440476192
fractions,Curie(TC) (K),581,30,473.15,469.51289583333244,279.6874440476192
fractions,Curie(TC) (K),583,398,793.0,727.1286845878132,279.6874440476192
fractions,Curie(TC) (K),591,404,568.15,614.5751333333303,279.6874440476192
fractions,Curie(TC) (K),592,405,370.0,636.8826510101003,279.6874440476192
fractions,Curie(TC) (K),597,408,781.15,707.8237623655884,279.6874440476192
fractions,Curie(TC) (K),598,409,780.15,731.3168665322548,279.6874440476192
fractions,Curie(TC) (K),600,411,772.15,771.4128666666628,279.6874440476192
fractions,Curie(TC) (K),627,425,516.0,510.48150000000004,279.6874440476192
fractions,Curie(TC) (K),632,428,766.27,747.1113976190461,279.6874440476192
fractions,Curie(TC) (K),636,429,731.0,652.4552861111091,279.6874440476192
fractions,Curie(TC) (K),637,430,783.0,366.81505555555583,279.6874440476192
fractions,Curie(TC) (K),638,430,718.0,366.81505555555583,279.6874440476192
fractions,Curie(TC) (K),645,436,583.15,492.93640476190444,279.6874440476192
fractions,Curie(TC) (K),654,440,743.15,747.5094999999963,279.6874440476192
fractions,Curie(TC) (K),658,442,793.0,691.771,279.6874440476192
fractions,Curie(TC) (K),663,447,589.15,672.0999230769224,279.6874440476192
fractions,Curie(TC) (K),671,449,12.0,325.43799999999965,279.6874440476192
fractions,Curie(TC) (K),675,451,500.0,461.60326944444347,279.6874440476192
fractions,Curie(TC) (K),681,457,423.0,411.6323124999999,279.6874440476192
fractions,Curie(TC) (K),687,3,748.0,747.1823333333296,279.6874440476192
fractions,Curie(TC) (K),688,428,735.0,747.1113976190461,279.6874440476192
fractions,Curie(TC) (K),691,465,39.0,98.28933333333312,279.6874440476192
fractions,Curie(TC) (K),693,467,1199.0,1169.277811111111,279.6874440476192
fractions,Curie(TC) (K),705,477,666.0,667.4019999999999,279.6874440476192
fractions,Curie(TC) (K),710,481,678.15,599.1337129629634,279.6874440476192
fractions,Curie(TC) (K),712,482,662.15,482.3971736111107,279.6874440476192
fractions,Curie(TC) (K),713,30,640.15,469.51289583333244,279.6874440476192
fractions,Curie(TC) (K),721,485,225.0,206.3788888888889,279.6874440476192
fractions,Curie(TC) (K),730,3,750.0,747.1823333333296,279.6874440476192
fractions,Curie(TC) (K),739,2,741.18,715.9415821428565,279.6874440476192
fractions,Curie(TC) (K),744,499,773.0,702.8684636200704,279.6874440476192
fractions,Curie(TC) (K),745,499,773.0,702.8684636200704,279.6874440476192
fractions,Curie(TC) (K),746,499,773.0,702.8684636200704,279.6874440476192
fractions,Curie(TC) (K),747,499,773.0,702.8684636200704,279.6874440476192
fractions,Curie(TC) (K),748,499,773.0,702.8684636200704,279.6874440476192
fractions,Curie(TC) (K),751,501,491.0,493.43456666666657,279.6874440476192
fractions,Curie(TC) (K),754,504,474.0,477.9474999999999,279.6874440476192
fractions,Curie(TC) (K),757,506,396.0,142.4109222222222,279.6874440476192
fractions,Curie(TC) (K),758,507,329.0,165.48005555555554,279.6874440476192
fractions,Curie(TC) (K),769,518,710.0,642.7772619047619,279.6874440476192
fractions,Curie(TC) (K),775,522,470.0,362.62862222222196,279.6874440476192
fractions,Curie(TC) (K),781,528,630.0,581.0576099163677,279.6874440476192
fractions,Curie(TC) (K),782,529,630.0,621.9882580645159,279.6874440476192
fractions,Curie(TC) (K),789,536,288.0,285.50333333333333,279.6874440476192
fractions,Curie(TC) (K),802,543,510.15,548.8087222222202,279.6874440476192
fractions,Curie(TC) (K),814,549,601.0,599.4735,279.6874440476192
fractions,Curie(TC) (K),817,551,816.5,743.3211117682179,279.6874440476192
fractions,Curie(TC) (K),822,307,728.15,712.0744444444421,279.6874440476192
fractions,Curie(TC) (K),823,307,729.15,712.0744444444421,279.6874440476192
fractions,Curie(TC) (K),824,307,728.15,712.0744444444421,279.6874440476192
fractions,Curie(TC) (K),825,307,727.15,712.0744444444421,279.6874440476192
fractions,Curie(TC) (K),826,307,725.15,712.0744444444421,279.6874440476192
fractions,Curie(TC) (K),827,307,724.15,712.0744444444421,279.6874440476192
fractions,Curie(TC) (K),830,554,695.0,694.6742558841088,279.6874440476192
fractions,Curie(TC) (K),847,557,518.15,591.8911130952375,279.6874440476192
fractions,Curie(TC) (K),848,557,518.15,591.8911130952375,279.6874440476192
fractions,Curie(TC) (K),849,558,589.15,67.19164444444442,279.6874440476192
fractions,Curie(TC) (K),872,572,580.0,703.0194743589735,279.6874440476192
fractions,Curie(TC) (K),876,2,540.0,715.9415821428565,279.6874440476192
fractions,Curie(TC) (K),877,575,622.15,581.7770897435882,279.6874440476192
fractions,Curie(TC) (K),878,576,671.15,642.1379999999987,279.6874440476192
fractions,Curie(TC) (K),884,578,373.0,699.0426111111109,279.6874440476192
fractions,Curie(TC) (K),890,583,956.0,907.0866666666665,279.6874440476192
fractions,Curie(TC) (K),898,589,373.0,426.52534947089947,279.6874440476192
fractions,Curie(TC) (K),899,590,664.0,643.2368333333325,279.6874440476192
fractions,Curie(TC) (K),901,3,746.0,747.1823333333296,279.6874440476192
fractions,Curie(TC) (K),904,594,563.0,790.3976666666657,279.6874440476192
fractions,Curie(TC) (K),951,30,790.0,469.51289583333244,279.6874440476192
fractions,Curie(TC) (K),952,30,790.0,469.51289583333244,279.6874440476192
fractions,Curie(TC) (K),953,30,790.0,469.51289583333244,279.6874440476192
fractions,Curie(TC) (K),954,30,790.0,469.51289583333244,279.6874440476192
fractions,Curie(TC) (K),955,30,790.0,469.51289583333244,279.6874440476192
fractions,Curie(TC) (K),960,626,770.0,595.5711267174421,279.6874440476192
fractions,Curie(TC) (K),962,628,1060.0,912.1193117845119,279.6874440476192
fractions,Curie(TC) (K),986,3,748.15,747.1823333333296,279.6874440476192
fractions,Curie(TC) (K),990,649,745.15,571.3686666666648,279.6874440476192
fractions,Curie(TC) (K),991,649,748.15,571.3686666666648,279.6874440476192
fractions,Curie(TC) (K),992,649,748.15,571.3686666666648,279.6874440476192
fractions,Curie(TC) (K),993,650,556.15,524.7904566544555,279.6874440476192
fractions,Curie(TC) (K),996,652,541.55,599.3912152777764,279.6874440476192
fractions,Curie(TC) (K),1001,657,892.15,758.3391869047598,279.6874440476192
fractions,Curie(TC) (K),1006,662,796.15,762.3274999999965,279.6874440476192
fractions,Curie(TC) (K),1013,665,375.0,320.1518888888904,279.6874440476192
fractions,Curie(TC) (K),1019,667,1126.0,1129.0378333333333,279.6874440476192
fractions,Curie(TC) (K),1022,113,723.15,452.834882407407,279.6874440476192
fractions,Curie(TC) (K),1031,44,583.15,1175.6071666666678,279.6874440476192
fractions,Curie(TC) (K),1037,675,793.0,659.3333134920626,279.6874440476192
fractions,Curie(TC) (K),1038,675,793.0,659.3333134920626,279.6874440476192
fractions,Curie(TC) (K),1043,679,723.15,690.8631624999969,279.6874440476192
fractions,Curie(TC) (K),1046,682,506.15,461.0955833333314,279.6874440476192
fractions,Curie(TC) (K),1052,684,691.0,694.0862857142846,279.6874440476192
fractions,Curie(TC) (K),1056,688,160.0,176.7278777777778,279.6874440476192
fractions,Curie(TC) (K),1060,692,538.15,323.7995000000001,279.6874440476192
fractions,Curie(TC) (K),1067,695,693.15,790.8206666666642,279.6874440476192
fractions,Curie(TC) (K),1085,2,724.0,715.9415821428565,279.6874440476192
fractions,Curie(TC) (K),1086,2,689.0,715.9415821428565,279.6874440476192
fractions,Curie(TC) (K),1087,2,667.0,715.9415821428565,279.6874440476192
fractions,Curie(TC) (K),1088,2,645.0,715.9415821428565,279.6874440476192
fractions,Curie(TC) (K),1089,2,625.0,715.9415821428565,279.6874440476192
fractions,Curie(TC) (K),1090,2,606.0,715.9415821428565,279.6874440476192
fractions,Curie(TC) (K),1094,66,673.15,593.9967784391521,279.6874440476192
fractions,Curie(TC) (K),1095,66,673.15,593.9967784391521,279.6874440476192
fractions,Curie(TC) (K),1096,657,730.0,758.3391869047598,279.6874440476192
fractions,Curie(TC) (K),1097,706,700.0,720.8703166666656,279.6874440476192
fractions,Curie(TC) (K),1099,708,655.0,653.6338333333332,279.6874440476192
fractions,Curie(TC) (K),1103,712,436.0,481.6424333333328,279.6874440476192
fractions,Curie(TC) (K),1104,3,749.0,747.1823333333296,279.6874440476192
fractions,Curie(TC) (K),1106,657,722.15,758.3391869047598,279.6874440476192
fractions,Curie(TC) (K),1107,2,725.0,715.9415821428565,279.6874440476192
fractions,Curie(TC) (K),1108,66,728.0,593.9967784391521,279.6874440476192
fractions,Curie(TC) (K),1134,734,687.15,575.3844621647509,279.6874440476192
fractions,Curie(TC) (K),1135,30,798.15,469.51289583333244,279.6874440476192
fractions,Curie(TC) (K),1136,30,708.15,469.51289583333244,279.6874440476192
fractions,Curie(TC) (K),1140,30,450.0,469.51289583333244,279.6874440476192
fractions,Curie(TC) (K),1141,737,745.05,587.3478968253957,279.6874440476192
fractions,Curie(TC) (K),1150,740,621.0,616.6993333333322,279.6874440476192
fractions,Curie(TC) (K),1151,741,609.0,591.8843333333327,279.6874440476192
fractions,Curie(TC) (K),1153,743,565.0,585.3808333333324,279.6874440476192
fractions,Curie(TC) (K),1166,753,523.0,539.6618333333325,279.6874440476192
fractions,Curie(TC) (K),1167,665,370.0,320.1518888888904,279.6874440476192
fractions,Curie(TC) (K),1168,754,332.0,251.98666666666676,279.6874440476192
fractions,Curie(TC) (K),1171,756,400.0,580.9504351851832,279.6874440476192
fractions,Curie(TC) (K),1175,759,428.0,428.57,279.6874440476192
fractions,Curie(TC) (K),1179,761,822.0,822.5571666666666,279.6874440476192
fractions,Curie(TC) (K),1185,695,683.0,790.8206666666642,279.6874440476192
fractions,Curie(TC) (K),1206,777,365.0,161.4835,279.6874440476192
fractions,Curie(TC) (K),1212,781,300.0,371.05712222222223,279.6874440476192
fractions,Curie(TC) (K),1214,782,710.0,567.6377166666662,279.6874440476192
fractions,Curie(TC) (K),1216,2,730.0,715.9415821428565,279.6874440476192
fractions,Curie(TC) (K),1217,783,363.0,943.9829259259238,279.6874440476192
fractions,Curie(TC) (K),1231,789,64.0,222.73438888888887,279.6874440476192
fractions,Curie(TC) (K),1232,790,370.0,189.58022222222223,279.6874440476192
fractions,Curie(TC) (K),1233,790,370.0,189.58022222222223,279.6874440476192
fractions,Curie(TC) (K),1234,790,370.0,189.58022222222223,279.6874440476192
fractions,Curie(TC) (K),1235,790,370.0,189.58022222222223,279.6874440476192
fractions,Curie(TC) (K),1237,792,767.0,640.8556666666659,279.6874440476192
fractions,Curie(TC) (K),1238,120,633.0,531.0315222222221,279.6874440476192
fractions,Curie(TC) (K),1242,790,123.0,189.58022222222223,279.6874440476192
fractions,Curie(TC) (K),1247,798,658.15,600.8862222222208,279.6874440476192
fractions,Curie(TC) (K),1248,798,658.15,600.8862222222208,279.6874440476192
fractions,Curie(TC) (K),1250,30,350.0,469.51289583333244,279.6874440476192
fractions,Curie(TC) (K),1257,801,620.0,734.2972646464627,279.6874440476192
fractions,Curie(TC) (K),1260,790,360.0,189.58022222222223,279.6874440476192
fractions,Curie(TC) (K),1261,790,360.0,189.58022222222223,279.6874440476192
fractions,Curie(TC) (K),1269,120,628.0,531.0315222222221,279.6874440476192
fractions,Curie(TC) (K),1270,120,628.0,531.0315222222221,279.6874440476192
fractions,Curie(TC) (K),1273,809,780.0,227.60193333333333,279.6874440476192
fractions,Curie(TC) (K),1275,810,215.0,195.56466666666674,279.6874440476192
fractions,Curie(TC) (K),1291,44,175.0,1175.6071666666678,279.6874440476192
fractions,Curie(TC) (K),1294,816,423.15,685.3250313131307,279.6874440476192
fractions,Curie(TC) (K),1295,816,423.15,685.3250313131307,279.6874440476192
fractions,Curie(TC) (K),1306,792,761.0,640.8556666666659,279.6874440476192
fractions,Curie(TC) (K),1307,792,761.0,640.8556666666659,279.6874440476192
fractions,Curie(TC) (K),1309,824,400.0,547.8771666666667,279.6874440476192
fractions,Curie(TC) (K),1324,792,763.15,640.8556666666659,279.6874440476192
fractions,Curie(TC) (K),1327,44,928.0,1175.6071666666678,279.6874440476192
fractions,Curie(TC) (K),1342,841,350.0,397.7583333333332,279.6874440476192
fractions,Curie(TC) (K),1349,845,400.0,505.43712499999907,279.6874440476192
fractions,Curie(TC) (K),1351,789,30.0,222.73438888888887,279.6874440476192
fractions,Curie(TC) (K),1354,665,360.0,320.1518888888904,279.6874440476192
fractions,Curie(TC) (K),1372,665,288.0,320.1518888888904,279.6874440476192
fractions,Curie(TC) (K),1375,790,350.0,189.58022222222223,279.6874440476192
fractions,Curie(TC) (K),1379,792,767.0,640.8556666666659,279.6874440476192
fractions,Curie(TC) (K),1383,628,981.0,912.1193117845119,279.6874440476192
fractions,Curie(TC) (K),1384,867,952.0,906.6143787878789,279.6874440476192
fractions,Curie(TC) (K),1386,869,864.0,859.0107055555552,279.6874440476192
fractions,Curie(TC) (K),1393,872,28.0,205.22380555555517,279.6874440476192
fractions,Curie(TC) (K),1394,665,350.0,320.1518888888904,279.6874440476192
fractions,Curie(TC) (K),1396,873,328.0,445.19216666666637,279.6874440476192
fractions,Curie(TC) (K),1400,875,150.0,246.07700000000003,279.6874440476192
fractions,Curie(TC) (K),1405,879,47.9,485.50654689153413,279.6874440476192
fractions,Curie(TC) (K),1407,810,200.0,195.56466666666674,279.6874440476192
fractions,Curie(TC) (K),1408,875,150.0,246.07700000000003,279.6874440476192
fractions,Curie(TC) (K),1409,875,150.0,246.07700000000003,279.6874440476192
fractions,Curie(TC) (K),1419,886,1000.0,914.1875249158247,279.6874440476192
fractions,Curie(TC) (K),1420,887,130.0,272.8495,279.6874440476192
fractions,Curie(TC) (K),1428,810,260.0,195.56466666666674,279.6874440476192
fractions,Curie(TC) (K),1429,895,8.7,242.91593055555563,279.6874440476192
fractions,Curie(TC) (K),1430,896,80.0,501.2079250000009,279.6874440476192
fractions,Curie(TC) (K),1432,845,404.0,505.43712499999907,279.6874440476192
fractions,Curie(TC) (K),1437,900,160.0,137.60019999999997,279.6874440476192
fractions,Curie(TC) (K),1442,904,16.0,310.37065277777754,279.6874440476192
fractions,Curie(TC) (K),1459,916,204.0,598.8400277777766,279.6874440476192
fractions,Curie(TC) (K),1476,925,625.0,658.2821547619043,279.6874440476192
fractions,Curie(TC) (K),1503,44,1388.0,1175.6071666666678,279.6874440476192
fractions,Curie(TC) (K),1505,946,215.5,216.57363333333353,279.6874440476192
fractions,Curie(TC) (K),1507,948,166.2,221.31344444444494,279.6874440476192
fractions,Curie(TC) (K),1515,952,9.7,83.01272222222225,279.6874440476192
fractions,Curie(TC) (K),1518,954,541.0,553.3938333333326,279.6874440476192
fractions,Curie(TC) (K),1531,960,930.0,385.2090000000001,279.6874440476192
fractions,Curie(TC) (K),1539,964,119.0,439.60034444444403,279.6874440476192
fractions,Curie(TC) (K),1542,967,707.0,737.0373182539709,279.6874440476192
fractions,Curie(TC) (K),1550,974,278.0,469.4425,279.6874440476192
fractions,Curie(TC) (K),1552,976,290.0,579.1296611111105,279.6874440476192
fractions,Curie(TC) (K),1555,845,415.0,505.43712499999907,279.6874440476192
fractions,Curie(TC) (K),1556,845,470.0,505.43712499999907,279.6874440476192
fractions,Curie(TC) (K),1557,845,520.0,505.43712499999907,279.6874440476192
fractions,Curie(TC) (K),1558,845,570.0,505.43712499999907,279.6874440476192
fractions,Curie(TC) (K),1559,978,830.0,633.0900904761897,279.6874440476192
fractions,Curie(TC) (K),1567,981,10.6,142.20941111111114,279.6874440476192
fractions,Curie(TC) (K),1572,120,628.0,531.0315222222221,279.6874440476192
fractions,Curie(TC) (K),1580,792,761.0,640.8556666666659,279.6874440476192
fractions,Curie(TC) (K),1605,485,228.0,206.3788888888889,279.6874440476192
fractions,Curie(TC) (K),1606,485,226.0,206.3788888888889,279.6874440476192
fractions,Curie(TC) (K),1607,845,450.0,505.43712499999907,279.6874440476192
fractions,Curie(TC) (K),1608,1002,60.0,102.19250000000007,279.6874440476192
fractions,Curie(TC) (K),1634,790,255.0,189.58022222222223,279.6874440476192
fractions,Curie(TC) (K),1635,810,250.0,195.56466666666674,279.6874440476192
fractions,Curie(TC) (K),1636,810,230.0,195.56466666666674,279.6874440476192
fractions,Curie(TC) (K),1640,506,395.0,142.4109222222222,279.6874440476192
fractions,Curie(TC) (K),1642,960,365.0,385.2090000000001,279.6874440476192
fractions,Curie(TC) (K),1646,1016,120.0,120.21793333333339,279.6874440476192
fractions,Curie(TC) (K),1649,44,300.0,1175.6071666666678,279.6874440476192
fractions,Curie(TC) (K),1655,789,68.0,222.73438888888887,279.6874440476192
fractions,Curie(TC) (K),1656,790,320.0,189.58022222222223,279.6874440476192
fractions,Curie(TC) (K),1661,1023,423.0,452.12845,279.6874440476192
fractions,Curie(TC) (K),1669,1028,80.0,223.34486666666683,279.6874440476192
fractions,Curie(TC) (K),1674,665,290.5,320.1518888888904,279.6874440476192
fractions,Curie(TC) (K),1675,665,286.0,320.1518888888904,279.6874440476192
fractions,Curie(TC) (K),1676,1032,380.0,274.29754444444444,279.6874440476192
fractions,Curie(TC) (K),1682,1035,300.0,346.91210000000007,279.6874440476192
fractions,Curie(TC) (K),1685,790,200.0,189.58022222222223,279.6874440476192
fractions,Curie(TC) (K),1686,790,210.0,189.58022222222223,279.6874440476192
fractions,Curie(TC) (K),1720,485,228.0,206.3788888888889,279.6874440476192
fractions,Curie(TC) (K),1721,1052,711.0,128.61675555555556,279.6874440476192
fractions,Curie(TC) (K),1723,789,58.6,222.73438888888887,279.6874440476192
fractions,Curie(TC) (K),1724,1054,350.0,910.0193045454529,279.6874440476192
fractions,Curie(TC) (K),1729,44,18.6,1175.6071666666678,279.6874440476192
fractions,Curie(TC) (K),1730,44,16.3,1175.6071666666678,279.6874440476192
fractions,Curie(TC) (K),1735,1057,15.0,428.2323634920629,279.6874440476192
fractions,Coercivity (Oe),4,2,2.941511432634403,2.9113707590084386,1.5855080953933334
fractions,Coercivity (Oe),5,3,3.6127838567197355,4.0078876491715665,1.5855080953933334
fractions,Coercivity (Oe),6,3,4.012837224705172,4.0078876491715665,1.5855080953933334
fractions,Coercivity (Oe),16,10,4.206015876763344,3.1663358414543565,1.5855080953933334
fractions,Coercivity (Oe),18,12,-0.769551078621726,-0.38290085678818764,1.5855080953933334
fractions,Coercivity (Oe),32,23,3.9395192526186187,3.869323907732767,1.5855080953933334
fractions,Coercivity (Oe),34,25,3.6020599913279625,3.681636979117719,1.5855080953933334
fractions,Coercivity (Oe),39,30,0.2741578492636798,1.3617798149190328,1.5855080953933334
fractions,Coercivity (Oe),40,31,3.681241237375587,3.488480688724428,1.5855080953933334
fractions,Coercivity (Oe),49,39,1.4229179807676624,2.94255611333825,1.5855080953933334
fractions,Coercivity (Oe),55,44,-1.2218487496163564,2.6242980482985954,1.5855080953933334
fractions,Coercivity (Oe),61,49,3.9161137495997234,3.9686957655505597,1.5855080953933334
fractions,Coercivity (Oe),62,49,4.015137101461758,3.9686957655505597,1.5855080953933334
fractions,Coercivity (Oe),63,49,4.1095097022294444,3.9686957655505597,1.5855080953933334
fractions,Coercivity (Oe),71,54,3.214843848047698,2.6383621335992244,1.5855080953933334
fractions,Coercivity (Oe),72,55,4.176091259055681,3.949728100768601,1.5855080953933334
fractions,Coercivity (Oe),75,58,1.3502480183341627,1.491035245507846,1.5855080953933334
fractions,Coercivity (Oe),76,59,1.639486489268586,1.5262352929890557,1.5855080953933334
fractions,Coercivity (Oe),81,63,4.107209969647869,4.058395115458604,1.5855080953933334
fractions,Coercivity (Oe),85,2,3.7032913781186614,2.9113707590084386,1.5855080953933334
fractions,Coercivity (Oe),86,66,2.9542425094393248,1.8784927520931098,1.5855080953933334
fractions,Coercivity (Oe),87,67,3.7437464455911926,3.692992359040261,1.5855080953933334
fractions,Coercivity (Oe),90,70,3.4771212547196626,2.83318384702264,1.5855080953933334
fractions,Coercivity (Oe),92,72,4.701567985055927,3.767613720792189,1.5855080953933334
fractions,Coercivity (Oe),96,76,1.0,3.3064889094890866,1.5855080953933334
fractions,Coercivity (Oe),98,78,3.380211241711606,3.7301432379065105,1.5855080953933334
fractions,Coercivity (Oe),99,3,3.662757831681574,4.0078876491715665,1.5855080953933334
fractions,Coercivity (Oe),107,83,1.5247854493212223,2.916936952061825,1.5855080953933334
fractions,Coercivity (Oe),108,3,4.501059262217751,4.0078876491715665,1.5855080953933334
fractions,Coercivity (Oe),111,86,3.9822712330395684,3.9709221141207567,1.5855080953933334
fractions,Coercivity (Oe),113,88,3.99563519459755,3.857085438417774,1.5855080953933334
fractions,Coercivity (Oe),127,96,4.004321373782642,3.8967959522415585,1.5855080953933334
fractions,Coercivity (Oe),132,3,3.93363051054507,4.0078876491715665,1.5855080953933334
fractions,Coercivity (Oe),133,100,3.6812729035270784,1.779005061040571,1.5855080953933334
fractions,Coercivity (Oe),135,101,3.249658099106613,2.4948846484519853,1.5855080953933334
fractions,Coercivity (Oe),144,101,3.214843848047698,2.4948846484519853,1.5855080953933334
fractions,Coercivity (Oe),145,106,4.117271295655764,3.8556112529678073,1.5855080953933334
fractions,Coercivity (Oe),146,107,3.722458688843872,3.6892626180760977,1.5855080953933334
fractions,Coercivity (Oe),148,109,-0.8860566476931632,0.2960336110442732,1.5855080953933334
fractions,Coercivity (Oe),152,3,4.043692295012276,4.0078876491715665,1.5855080953933334
fractions,Coercivity (Oe),154,113,-0.619788758288394,0.5585701659106415,1.5855080953933334
fractions,Coercivity (Oe),162,120,3.663700925389648,3.9430147049629856,1.5855080953933334
fractions,Coercivity (Oe),168,44,2.550228353055094,2.6242980482985954,1.5855080953933334
fractions,Coercivity (Oe),186,136,3.886490725172482,3.5839251625827804,1.5855080953933334
fractions,Coercivity (Oe),190,139,2.885361220031512,3.1997819839656003,1.5855080953933334
fractions,Coercivity (Oe),192,139,3.2340108175871793,3.1997819839656003,1.5855080953933334
fractions,Coercivity (Oe),193,120,3.4818008095386106,3.9430147049629856,1.5855080953933334
fractions,Coercivity (Oe),194,141,4.362135126493338,4.040401450805698,1.5855080953933334
fractions,Coercivity (Oe),209,3,4.1003705451175625,4.0078876491715665,1.5855080953933334
fractions,Coercivity (Oe),213,158,2.8857568810692675,2.8933614013743454,1.5855080953933334
fractions,Coercivity (Oe),217,120,4.4609375135201335,3.9430147049629856,1.5855080953933334
fractions,Coercivity (Oe),218,3,4.143014800254095,4.0078876491715665,1.5855080953933334
fractions,Coercivity (Oe),228,168,3.2624510897304293,3.8066602007651045,1.5855080953933334
fractions,Coercivity (Oe),233,101,3.26356269383999,2.4948846484519853,1.5855080953933334
fractions,Coercivity (Oe),236,174,2.591064607026499,1.1296478592703867,1.5855080953933334
fractions,Coercivity (Oe),243,178,1.400192488592576,2.112825621162372,1.5855080953933334
fractions,Coercivity (Oe),254,2,3.683947130751512,2.9113707590084386,1.5855080953933334
fractions,Coercivity (Oe),255,2,3.546542663478131,2.9113707590084386,1.5855080953933334
fractions,Coercivity (Oe),256,2,3.660865478003869,2.9113707590084386,1.5855080953933334
fractions,Coercivity (Oe),257,2,3.6464037262230695,2.9113707590084386,1.5855080953933334
fractions,Coercivity (Oe),258,2,3.510545010206612,2.9113707590084386,1.5855080953933334
fractions,Coercivity (Oe),259,2,3.595496221825574,2.9113707590084386,1.5855080953933334
fractions,Coercivity (Oe),264,184,1.5440680443502757,1.678929109907899,1.5855080953933334
fractions,Coercivity (Oe),265,66,1.4941545940184429,1.8784927520931098,1.5855080953933334
fractions,Coercivity (Oe),275,192,3.0,4.01628713658462,1.5855080953933334
fractions,Coercivity (Oe),285,120,3.568201724066995,3.9430147049629856,1.5855080953933334
fractions,Coercivity (Oe),289,198,4.164352855784437,3.8403479193924555,1.5855080953933334
fractions,Coercivity (Oe),290,199,3.6232492903979003,3.4918580177654537,1.5855080953933334
fractions,Coercivity (Oe),299,208,3.1760912590556813,3.006819436616586,1.5855080953933334
fractions,Coercivity (Oe),301,210,3.763851598418233,3.2855873617496347,1.5855080953933334
fractions,Coercivity (Oe),302,3,3.4971495058611235,4.0078876491715665,1.5855080953933334
fractions,Coercivity (Oe),306,213,1.5588285248170117,1.838534079399656,1.5855080953933334
fractions,Coercivity (Oe),308,215,3.4913616938342726,3.7878645835930205,1.5855080953933334
fractions,Coercivity (Oe),311,218,4.05307844348342,3.892316253765366,1.5855080953933334
fractions,Coercivity (Oe),341,237,3.5287881917748964,3.3866666767816507,1.5855080953933334
fractions,Coercivity (Oe),348,3,4.1303337684950066,4.0078876491715665,1.5855080953933334
fractions,Coercivity (Oe),355,244,3.5440680443502757,3.5707882264608526,1.5855080953933334
fractions,Coercivity (Oe),358,247,4.152288344383057,2.9786268137013527,1.5855080953933334
fractions,Coercivity (Oe),359,247,4.033423755486949,2.9786268137013527,1.5855080953933334
fractions,Coercivity (Oe),370,256,1.7704101315139062,3.5767645674201813,1.5855080953933334
fractions,Coercivity (Oe),374,260,1.4771212547196624,1.7582111990011688,1.5855080953933334
fractions,Coercivity (Oe),392,273,-1.2218487496163564,-0.5410980781679294,1.5855080953933334
fractions,Coercivity (Oe),393,2,3.5384480517102173,2.9113707590084386,1.5855080953933334
fractions,Coercivity (Oe),395,275,2.661812685537261,2.5599739482879182,1.5855080953933334
fractions,Coercivity (Oe),397,277,1.8195439355418688,2.1230908018836825,1.5855080953933334
fractions,Coercivity (Oe),400,280,3.963787827345555,3.8558287502238384,1.5855080953933334
fractions,Coercivity (Oe),411,286,4.03981055414835,3.7436531883775435,1.5855080953933334
fractions,Coercivity (Oe),414,289,3.3010299956639813,2.073924924424865,1.5855080953933334
fractions,Coercivity (Oe),419,294,4.079181246047625,3.845854524762809,1.5855080953933334
fractions,Coercivity (Oe),421,296,3.3979400086720375,3.3124287802157406,1.5855080953933334
fractions,Coercivity (Oe),437,306,4.117271295655764,4.103849784534073,1.5855080953933334
fractions,Coercivity (Oe),439,307,3.6599162000698504,3.1189849063253114,1.5855080953933334
fractions,Coercivity (Oe),440,307,3.6444385894678386,3.1189849063253114,1.5855080953933334
fractions,Coercivity (Oe),441,307,3.6830470382388496,3.1189849063253114,1.5855080953933334
fractions,Coercivity (Oe),442,307,3.6884198220027105,3.1189849063253114,1.5855080953933334
fractions,Coercivity (Oe),444,3,4.096910013008056,4.0078876491715665,1.5855080953933334
fractions,Coercivity (Oe),445,308,3.3654879848909,2.991139954536196,1.5855080953933334
fractions,Coercivity (Oe),446,309,3.4265112613645754,2.969617151355591,1.5855080953933334
fractions,Coercivity (Oe),447,120,4.02530586526477,3.9430147049629856,1.5855080953933334
fractions,Coercivity (Oe),457,318,3.7906918167176094,3.7055694328390762,1.5855080953933334
fractions,Coercivity (Oe),458,319,3.7947716744956903,3.5716548947818287,1.5855080953933334
fractions,Coercivity (Oe),468,323,3.6532125137753435,3.300285297028385,1.5855080953933334
fractions,Coercivity (Oe),474,327,3.462397997898956,3.4380472566194817,1.5855080953933334
fractions,Coercivity (Oe),475,328,3.3979400086720375,3.4331218326203756,1.5855080953933334
fractions,Coercivity (Oe),476,215,3.6314437690131722,3.7878645835930205,1.5855080953933334
fractions,Coercivity (Oe),480,331,3.747569492637394,3.7332787749811005,1.5855080953933334
fractions,Coercivity (Oe),481,332,3.93616626845658,3.545117464546509,1.5855080953933334
fractions,Coercivity (Oe),484,120,3.4471580313422194,3.9430147049629856,1.5855080953933334
fractions,Coercivity (Oe),485,333,3.7436484973026496,3.5525842119054625,1.5855080953933334
fractions,Coercivity (Oe),486,120,4.008600171761918,3.9430147049629856,1.5855080953933334
fractions,Coercivity (Oe),487,334,4.0,3.9409822452677985,1.5855080953933334
fractions,Coercivity (Oe),496,120,3.8976270912904414,3.9430147049629856,1.5855080953933334
fractions,Coercivity (Oe),502,346,3.9030899869919438,3.3922777188774056,1.5855080953933334
fractions,Coercivity (Oe),506,350,2.376576957056512,2.3726003651929646,1.5855080953933334
fractions,Coercivity (Oe),507,351,-1.0,-0.4275849351701772,1.5855080953933334
fractions,Coercivity (Oe),508,352,-1.0969100130080565,-0.49515969403888277,1.5855080953933334
fractions,Coercivity (Oe),509,2,3.557428997797532,2.9113707590084386,1.5855080953933334
fractions,Coercivity (Oe),514,355,3.1055101847699738,2.120431778019384,1.5855080953933334
fractions,Coercivity (Oe),515,355,3.0549958615291417,2.120431778019384,1.5855080953933334
fractions,Coercivity (Oe),516,355,3.1172712956557644,2.120431778019384,1.5855080953933334
fractions,Coercivity (Oe),517,355,2.380211241711606,2.120431778019384,1.5855080953933334
fractions,Coercivity (Oe),524,359,-0.12493873660829995,1.4797665361100178,1.5855080953933334
fractions,Coercivity (Oe),529,362,2.0791812460476247,2.0529269541240516,1.5855080953933334
fractions,Coercivity (Oe),533,365,2.423245873936808,2.876639601343137,1.5855080953933334
fractions,Coercivity (Oe),538,370,-1.2218487496163564,-0.8223915850656122,1.5855080953933334
fractions,Coercivity (Oe),539,371,-1.3979400086720375,-0.842546002246481,1.5855080953933334
fractions,Coercivity (Oe),556,381,2.648925689157213,2.6385567593368524,1.5855080953933334
fractions,Coercivity (Oe),563,388,-0.8860566476931632,-0.9019719864641838,1.5855080953933334
fractions,Coercivity (Oe),581,30,0.3424226808222063,1.3617798149190328,1.5855080953933334
fractions,Coercivity (Oe),583,398,2.296665190261531,1.9238045071441294,1.5855080953933334
fractions,Coercivity (Oe),591,404,2.5563025007672873,2.40356000576617,1.5855080953933334
fractions,Coercivity (Oe),592,405,1.5646660642520893,1.8712325917575579,1.5855080953933334
fractions,Coercivity (Oe),597,408,3.137670537236755,2.762723616765177,1.5855080953933334
fractions,Coercivity (Oe),598,409,2.9472376078706666,2.8344491527373012,1.5855080953933334
fractions,Coercivity (Oe),600,411,2.2531198338868874,2.871833353099803,1.5855080953933334
fractions,Coercivity (Oe),627,425,-0.5528419686577808,-0.4427827648146368,1.5855080953933334
fractions,Coercivity (Oe),632,428,3.804480189105993,2.9190769972202064,1.5855080953933334
fractions,Coercivity (Oe),636,429,2.9281397068751196,3.131846158654577,1.5855080953933334
fractions,Coercivity (Oe),637,430,0.6127838567197355,0.5199139129418225,1.5855080953933334
fractions,Coercivity (Oe),638,430,0.8750612633917001,0.5199139129418225,1.5855080953933334
fractions,Coercivity (Oe),645,436,3.9522992849085568,3.445158760218492,1.5855080953933334
fractions,Coercivity (Oe),654,440,3.8946726581414817,4.009487418838642,1.5855080953933334
fractions,Coercivity (Oe),658,442,2.962369335670021,2.862335816179121,1.5855080953933334
fractions,Coercivity (Oe),663,447,3.6720978579357175,3.6070539382146762,1.5855080953933334
fractions,Coercivity (Oe),671,449,2.2041199826559246,3.386681871873648,1.5855080953933334
fractions,Coercivity (Oe),675,451,1.9211660506377388,2.7714806709675397,1.5855080953933334
fractions,Coercivity (Oe),681,457,3.094331349277096,2.852399905587296,1.5855080953933334
fractions,Coercivity (Oe),687,3,3.960470777534299,4.0078876491715665,1.5855080953933334
fractions,Coercivity (Oe),688,428,2.62293896921149,2.9190769972202064,1.5855080953933334
fractions,Coercivity (Oe),691,465,4.342422680822207,3.4930233086763747,1.5855080953933334
fractions,Coercivity (Oe),693,467,0.9030899869919435,1.0461818679997754,1.5855080953933334
fractions,Coercivity (Oe),705,477,0.28103336724772754,0.3188888222569115,1.5855080953933334
fractions,Coercivity (Oe),710,481,2.318313817223999,1.4713478189983904,1.5855080953933334
fractions,Coercivity (Oe),712,482,2.4595734061046524,0.9142380926886312,1.5855080953933334
fractions,Coercivity (Oe),713,30,2.471775621020804,1.3617798149190328,1.5855080953933334
fractions,Coercivity (Oe),721,485,2.9876662649262746,3.011992747697835,1.5855080953933334
fractions,Coercivity (Oe),730,3,4.392696953259666,4.0078876491715665,1.5855080953933334
fractions,Coercivity (Oe),739,2,3.7795964912578244,2.9113707590084386,1.5855080953933334
fractions,Coercivity (Oe),744,499,2.247973266361807,2.6669334592791643,1.5855080953933334
fractions,Coercivity (Oe),745,499,2.444044795918076,2.6669334592791643,1.5855080953933334
fractions,Coercivity (Oe),746,499,2.690196080028514,2.6669334592791643,1.5855080953933334
fractions,Coercivity (Oe),747,499,3.0342272607705505,2.6669334592791643,1.5855080953933334
fractions,Coercivity (Oe),748,499,2.9339931638312424,2.6669334592791643,1.5855080953933334
fractions,Coercivity (Oe),751,501,3.7582304084577496,3.6786179551193983,1.5855080953933334
fractions,Coercivity (Oe),754,504,2.8680563618230415,2.834640288383574,1.5855080953933334
fractions,Coercivity (Oe),757,506,1.7781512503836436,2.323068919505769,1.5855080953933334
fractions,Coercivity (Oe),758,507,1.7781512503836436,2.0628743969829006,1.5855080953933334
fractions,Coercivity (Oe),769,518,1.9030899869919435,2.3275768675982196,1.5855080953933334
fractions,Coercivity (Oe),775,522,-1.2218487496163564,0.647122656905955,1.5855080953933334
fractions,Coercivity (Oe),781,528,2.977266212427293,2.487098910140678,1.5855080953933334
fractions,Coercivity (Oe),782,529,2.9804578922761,2.7163728823229087,1.5855080953933334
fractions,Coercivity (Oe),789,536,3.865991800126275,3.9523684221120887,1.5855080953933334
fractions,Coercivity (Oe),802,543,2.0073636543122784,1.8580260859598707,1.5855080953933334
fractions,Coercivity (Oe),814,549,-1.2218487496163564,-1.1817405280544202,1.5855080953933334
fractions,Coercivity (Oe),817,551,2.6766936096248664,1.910905886077156,1.5855080953933334
fractions,Coercivity (Oe),822,307,2.44870631990508,3.1189849063253114,1.5855080953933334
fractions,Coercivity (Oe),823,307,2.5998830720736876,3.1189849063253114,1.5855080953933334
fractions,Coercivity (Oe),824,307,2.5352941200427703,3.1189849063253114,1.5855080953933334
fractions,Coercivity (Oe),825,307,2.5921767573958667,3.1189849063253114,1.5855080953933334
fractions,Coercivity (Oe),826,307,2.561101383649056,3.1189849063253114,1.5855080953933334
fractions,Coercivity (Oe),827,307,2.494154594018443,3.1189849063253114,1.5855080953933334
fractions,Coercivity (Oe),830,554,2.2397998184470986,1.6827974487886006,1.5855080953933334
fractions,Coercivity (Oe),847,557,3.479421257301672,3.5177620913061887,1.5855080953933334
fractions,Coercivity (Oe),848,557,3.6555120363564666,3.5177620913061887,1.5855080953933334
fractions,Coercivity (Oe),849,558,4.418632687354066,2.630285528136257,1.5855080953933334
fractions,Coercivity (Oe),872,572,3.678993384838101,3.5644481607600413,1.5855080953933334
fractions,Coercivity (Oe),876,2,3.3725438007590705,2.9113707590084386,1.5855080953933334
fractions,Coercivity (Oe),877,575,0.2741578492636798,-0.16835018317523615,1.5855080953933334
fractions,Coercivity (Oe),878,576,-0.5376020021010439,-0.7906236200857706,1.5855080953933334
fractions,Coercivity (Oe),884,578,2.691656043498147,2.419831626166595,1.5855080953933334
fractions,Coercivity (Oe),890,583,3.571009672309305,3.4535159388437697,1.5855080953933334
fractions,Coercivity (Oe),898,589,3.213156358659705,3.1294492053442204,1.5855080953933334
fractions,Coercivity (Oe),899,590,-1.0,-0.8612729955566095,1.5855080953933334
fractions,Coercivity (Oe),901,3,4.44870631990508,4.0078876491715665,1.5855080953933334
fractions,Coercivity (Oe),904,594,3.124514006131383,3.017909967560682,1.5855080953933334
fractions,Coercivity (Oe),951,30,2.2070146586829003,1.3617798149190328,1.5855080953933334
fractions,Coercivity (Oe),952,30,2.841271851779091,1.3617798149190328,1.5855080953933334
fractions,Coercivity (Oe),953,30,2.557964113554224,1.3617798149190328,1.5855080953933334
fractions,Coercivity (Oe),954,30,2.2455866889742135,1.3617798149190328,1.5855080953933334
fractions,Coercivity (Oe),955,30,1.7000110623221123,1.3617798149190328,1.5855080953933334
fractions,Coercivity (Oe),960,626,2.151982395457474,1.7695465688701655,1.5855080953933334
fractions,Coercivity (Oe),962,628,2.5308397786165204,1.4589012894268465,1.5855080953933334
fractions,Coercivity (Oe),986,3,3.9684829485539352,4.0078876491715665,1.5855080953933334
fractions,Coercivity (Oe),990,649,-0.6575773191777937,-0.7421369724316716,1.5855080953933334
fractions,Coercivity (Oe),991,649,-0.3372421683184259,-0.7421369724316716,1.5855080953933334
fractions,Coercivity (Oe),992,649,-0.5376020021010439,-0.7421369724316716,1.5855080953933334
fractions,Coercivity (Oe),993,650,4.26245108973043,3.5913249219123173,1.5855080953933334
fractions,Coercivity (Oe),996,652,2.506505032404872,2.278676635014801,1.5855080953933334
fractions,Coercivity (Oe),1001,657,3.322219294733919,3.4050740245444655,1.5855080953933334
fractions,Coercivity (Oe),1006,662,1.845098040014257,2.044159234978058,1.5855080953933334
fractions,Coercivity (Oe),1013,665,1.521007252408604,1.8126500035661528,1.5855080953933334
fractions,Coercivity (Oe),1019,667,1.5759956202032677,1.5852770349012422,1.5855080953933334
fractions,Coercivity (Oe),1022,113,1.1139433523068367,0.5585701659106415,1.5855080953933334
fractions,Coercivity (Oe),1031,44,-1.6989700043360187,2.6242980482985954,1.5855080953933334
fractions,Coercivity (Oe),1037,675,1.6110857334148727,2.911324635528402,1.5855080953933334
fractions,Coercivity (Oe),1038,675,1.8185557792978027,2.911324635528402,1.5855080953933334
fractions,Coercivity (Oe),1043,679,1.6637951222194076,1.7647899042451354,1.5855080953933334
fractions,Coercivity (Oe),1046,682,2.0043213737826426,1.5120240939029652,1.5855080953933334
fractions,Coercivity (Oe),1052,684,-0.4089353929735008,-0.8454479537503733,1.5855080953933334
fractions,Coercivity (Oe),1056,688,2.656424040287152,2.384827042923713,1.5855080953933334
fractions,Coercivity (Oe),1060,692,0.5622928644564748,0.8380204075820578,1.5855080953933334
fractions,Coercivity (Oe),1067,695,-1.6989700043360187,-0.33536171833053796,1.5855080953933334
fractions,Coercivity (Oe),1085,2,3.529045170765769,2.9113707590084386,1.5855080953933334
fractions,Coercivity (Oe),1086,2,3.5656117249020585,2.9113707590084386,1.5855080953933334
fractions,Coercivity (Oe),1087,2,3.6586790285824486,2.9113707590084386,1.5855080953933334
fractions,Coercivity (Oe),1088,2,3.5413295776666938,2.9113707590084386,1.5855080953933334
fractions,Coercivity (Oe),1089,2,3.545430829465351,2.9113707590084386,1.5855080953933334
fractions,Coercivity (Oe),1090,2,3.578295305120826,2.9113707590084386,1.5855080953933334
fractions,Coercivity (Oe),1094,66,1.8933178116161118,1.8784927520931098,1.5855080953933334
fractions,Coercivity (Oe),1095,66,1.5560611590095326,1.8784927520931098,1.5855080953933334
fractions,Coercivity (Oe),1096,657,3.4430438286483405,3.4050740245444655,1.5855080953933334
fractions,Coercivity (Oe),1097,706,3.4579575512036382,3.437642513995616,1.5855080953933334
fractions,Coercivity (Oe),1099,708,3.484484909031941,3.476840211114307,1.5855080953933334
fractions,Coercivity (Oe),1103,712,3.7141066863794343,3.6548761772448444,1.5855080953933334
fractions,Coercivity (Oe),1104,3,4.501059262217751,4.0078876491715665,1.5855080953933334
fractions,Coercivity (Oe),1106,657,3.5055569386638217,3.4050740245444655,1.5855080953933334
fractions,Coercivity (Oe),1107,2,3.217220655644519,2.9113707590084386,1.5855080953933334
fractions,Coercivity (Oe),1108,66,2.3010299956639813,1.8784927520931098,1.5855080953933334
fractions,Coercivity (Oe),1134,734,-0.8860566476931632,3.078828143609468,1.5855080953933334
fractions,Coercivity (Oe),1135,30,1.6720978579357175,1.3617798149190328,1.5855080953933334
fractions,Coercivity (Oe),1136,30,0.9030899869919435,1.3617798149190328,1.5855080953933334
fractions,Coercivity (Oe),1140,30,1.2041199826559248,1.3617798149190328,1.5855080953933334
fractions,Coercivity (Oe),1141,737,2.332034277027518,1.8440463664471833,1.5855080953933334
fractions,Coercivity (Oe),1150,740,-1.3010299956639813,-1.2515008756420247,1.5855080953933334
fractions,Coercivity (Oe),1151,741,-1.154901959985743,-1.1914672631968601,1.5855080953933334
fractions,Coercivity (Oe),1153,743,-0.6575773191777937,-1.0639291076305981,1.5855080953933334
fractions,Coercivity (Oe),1166,753,-1.0457574905606752,-0.3768735717096081,1.5855080953933334
fractions,Coercivity (Oe),1167,665,1.6989700043360187,1.8126500035661528,1.5855080953933334
fractions,Coercivity (Oe),1168,754,1.286456469746983,1.0381334284042956,1.5855080953933334
fractions,Coercivity (Oe),1171,756,1.2430380486862944,2.055286691664137,1.5855080953933334
fractions,Coercivity (Oe),1175,759,2.2695129442179165,2.129902879370534,1.5855080953933334
fractions,Coercivity (Oe),1179,761,2.0941215958405612,2.4557974357283574,1.5855080953933334
fractions,Coercivity (Oe),1185,695,-1.6989700043360187,-0.33536171833053796,1.5855080953933334
fractions,Coercivity (Oe),1206,777,1.0021660617565078,3.9974897618689047,1.5855080953933334
fractions,Coercivity (Oe),1212,781,2.161368002234975,2.0952051878148072,1.5855080953933334
fractions,Coercivity (Oe),1214,782,2.8721562727482928,3.3567783477091013,1.5855080953933334
fractions,Coercivity (Oe),1216,2,3.7363965022766426,2.9113707590084386,1.5855080953933334
fractions,Coercivity (Oe),1217,783,2.798180883926343,3.9645593700998023,1.5855080953933334
fractions,Coercivity (Oe),1231,789,2.060697840353612,2.5494489486971084,1.5855080953933334
fractions,Coercivity (Oe),1232,790,2.4771212547196626,2.8403968481239397,1.5855080953933334
fractions,Coercivity (Oe),1233,790,2.578639209968072,2.8403968481239397,1.5855080953933334
fractions,Coercivity (Oe),1234,790,2.575187844927661,2.8403968481239397,1.5855080953933334
fractions,Coercivity (Oe),1235,790,2.4913616938342726,2.8403968481239397,1.5855080953933334
fractions,Coercivity (Oe),1237,792,1.2041199826559248,2.5098361511369154,1.5855080953933334
fractions,Coercivity (Oe),1238,120,3.4927603890268375,3.9430147049629856,1.5855080953933334
fractions,Coercivity (Oe),1242,790,2.7007037171450192,2.8403968481239397,1.5855080953933334
fractions,Coercivity (Oe),1247,798,0.7403626894942439,2.6518707212155337,1.5855080953933334
fractions,Coercivity (Oe),1248,798,0.6989700043360189,2.6518707212155337,1.5855080953933334
fractions,Coercivity (Oe),1250,30,2.5385486002970885,1.3617798149190328,1.5855080953933334
fractions,Coercivity (Oe),1257,801,0.00860017176191757,3.8909780144840487,1.5855080953933334
fractions,Coercivity (Oe),1260,790,2.361727836017593,2.8403968481239397,1.5855080953933334
fractions,Coercivity (Oe),1261,790,1.954242509439325,2.8403968481239397,1.5855080953933334
fractions,Coercivity (Oe),1269,120,3.8195439355418688,3.9430147049629856,1.5855080953933334
fractions,Coercivity (Oe),1270,120,3.690196080028514,3.9430147049629856,1.5855080953933334
fractions,Coercivity (Oe),1273,809,1.6532125137753437,2.653525488791357,1.5855080953933334
fractions,Coercivity (Oe),1275,810,1.6989700043360187,2.2598076119174366,1.5855080953933334
fractions,Coercivity (Oe),1291,44,1.6532125137753437,2.6242980482985954,1.5855080953933334
fractions,Coercivity (Oe),1294,816,3.5185139398778875,2.714426153269757,1.5855080953933334
fractions,Coercivity (Oe),1295,816,3.6334684555795866,2.714426153269757,1.5855080953933334
fractions,Coercivity (Oe),1306,792,1.0791812460476249,2.5098361511369154,1.5855080953933334
fractions,Coercivity (Oe),1307,792,1.1139433523068367,2.5098361511369154,1.5855080953933334
fractions,Coercivity (Oe),1309,824,0.9800033715837464,1.879981992980429,1.5855080953933334
fractions,Coercivity (Oe),1324,792,2.3010299956639813,2.5098361511369154,1.5855080953933334
fractions,Coercivity (Oe),1327,44,3.591064607026499,2.6242980482985954,1.5855080953933334
fractions,Coercivity (Oe),1342,841,1.7403626894942439,1.5899946240972966,1.5855080953933334
fractions,Coercivity (Oe),1349,845,0.0,3.627122756964656,1.5855080953933334
fractions,Coercivity (Oe),1351,789,1.4771212547196624,2.5494489486971084,1.5855080953933334
fractions,Coercivity (Oe),1354,665,2.4771212547196626,1.8126500035661528,1.5855080953933334
fractions,Coercivity (Oe),1372,665,2.4771212547196626,1.8126500035661528,1.5855080953933334
fractions,Coercivity (Oe),1375,790,2.146128035678238,2.8403968481239397,1.5855080953933334
fractions,Coercivity (Oe),1379,792,1.0,2.5098361511369154,1.5855080953933334
fractions,Coercivity (Oe),1383,628,1.3010299956639813,1.4589012894268465,1.5855080953933334
fractions,Coercivity (Oe),1384,867,1.3010299956639813,1.361797395173815,1.5855080953933334
fractions,Coercivity (Oe),1386,869,1.3010299956639813,1.358526010841755,1.5855080953933334
fractions,Coercivity (Oe),1393,872,3.2041199826559246,3.840201109133374,1.5855080953933334
fractions,Coercivity (Oe),1394,665,0.49692964807321494,1.8126500035661528,1.5855080953933334
fractions,Coercivity (Oe),1396,873,3.3010299956639813,2.192728659701736,1.5855080953933334
fractions,Coercivity (Oe),1400,875,3.6989700043360187,2.06760506520538,1.5855080953933334
fractions,Coercivity (Oe),1405,879,3.230448921378274,1.9045019056386863,1.5855080953933334
fractions,Coercivity (Oe),1407,810,2.6989700043360187,2.2598076119174366,1.5855080953933334
fractions,Coercivity (Oe),1408,875,3.0,2.06760506520538,1.5855080953933334
fractions,Coercivity (Oe),1409,875,2.3010299956639813,2.06760506520538,1.5855080953933334
fractions,Coercivity (Oe),1419,886,0.9444826721501687,1.1016680037017206,1.5855080953933334
fractions,Coercivity (Oe),1420,887,1.1760912590556813,2.7252497962616427,1.5855080953933334
fractions,Coercivity (Oe),1428,810,1.6989700043360187,2.2598076119174366,1.5855080953933334
fractions,Coercivity (Oe),1429,895,2.6989700043360187,2.256105605797554,1.5855080953933334
fractions,Coercivity (Oe),1430,896,3.4313637641589874,2.8661607376252505,1.5855080953933334
fractions,Coercivity (Oe),1432,845,2.0,3.627122756964656,1.5855080953933334
fractions,Coercivity (Oe),1437,900,3.5477747053878224,3.3103683068719882,1.5855080953933334
fractions,Coercivity (Oe),1442,904,3.6334684555795866,2.896109006210944,1.5855080953933334
fractions,Coercivity (Oe),1459,916,3.0,0.772718488551438,1.5855080953933334
fractions,Coercivity (Oe),1476,925,4.41161970596323,3.172851474013848,1.5855080953933334
fractions,Coercivity (Oe),1503,44,2.1367205671564067,2.6242980482985954,1.5855080953933334
fractions,Coercivity (Oe),1505,946,2.7075701760979363,3.232316916770372,1.5855080953933334
fractions,Coercivity (Oe),1507,948,3.3891660843645326,3.054531110926781,1.5855080953933334
fractions,Coercivity (Oe),1515,952,2.8260748027008264,2.016159448983772,1.5855080953933334
fractions,Coercivity (Oe),1518,954,-1.154901959985743,-0.742827759316041,1.5855080953933334
fractions,Coercivity (Oe),1531,960,2.4771212547196626,2.523123257443945,1.5855080953933334
fractions,Coercivity (Oe),1539,964,2.598790506763115,2.710671341906968,1.5855080953933334
fractions,Coercivity (Oe),1542,967,4.632457292184724,3.71772332793606,1.5855080953933334
fractions,Coercivity (Oe),1550,974,2.380211241711606,1.2019101150492,1.5855080953933334
fractions,Coercivity (Oe),1552,976,0.36172783601759284,2.962117333058974,1.5855080953933334
fractions,Coercivity (Oe),1555,845,1.5563025007672873,3.627122756964656,1.5855080953933334
fractions,Coercivity (Oe),1556,845,1.99563519459755,3.627122756964656,1.5855080953933334
fractions,Coercivity (Oe),1557,845,2.290034611362518,3.627122756964656,1.5855080953933334
fractions,Coercivity (Oe),1558,845,2.4471580313422194,3.627122756964656,1.5855080953933334
fractions,Coercivity (Oe),1559,978,2.6127838567197355,3.128902955284156,1.5855080953933334
fractions,Coercivity (Oe),1567,981,2.57978359661681,3.1704347732552094,1.5855080953933334
fractions,Coercivity (Oe),1572,120,4.204119982655925,3.9430147049629856,1.5855080953933334
fractions,Coercivity (Oe),1580,792,2.0,2.5098361511369154,1.5855080953933334
fractions,Coercivity (Oe),1605,485,3.886490725172482,3.011992747697835,1.5855080953933334
fractions,Coercivity (Oe),1606,485,4.008600171761918,3.011992747697835,1.5855080953933334
fractions,Coercivity (Oe),1607,845,2.5563025007672873,3.627122756964656,1.5855080953933334
fractions,Coercivity (Oe),1608,1002,2.255272505103306,3.113410890293517,1.5855080953933334
fractions,Coercivity (Oe),1634,790,1.845098040014257,2.8403968481239397,1.5855080953933334
fractions,Coercivity (Oe),1635,810,2.0,2.2598076119174366,1.5855080953933334
fractions,Coercivity (Oe),1636,810,2.4771212547196626,2.2598076119174366,1.5855080953933334
fractions,Coercivity (Oe),1640,506,1.6720978579357175,2.323068919505769,1.5855080953933334
fractions,Coercivity (Oe),1642,960,2.5440680443502757,2.523123257443945,1.5855080953933334
fractions,Coercivity (Oe),1646,1016,2.6989700043360187,2.359840413189562,1.5855080953933334
fractions,Coercivity (Oe),1649,44,3.681241237375587,2.6242980482985954,1.5855080953933334
fractions,Coercivity (Oe),1655,789,2.342422680822206,2.5494489486971084,1.5855080953933334
fractions,Coercivity (Oe),1656,790,1.1760912590556813,2.8403968481239397,1.5855080953933334
fractions,Coercivity (Oe),1661,1023,2.053462604925455,2.2807129866321727,1.5855080953933334
fractions,Coercivity (Oe),1669,1028,3.3979400086720375,3.9604915053366243,1.5855080953933334
fractions,Coercivity (Oe),1674,665,1.9661417327390327,1.8126500035661528,1.5855080953933334
fractions,Coercivity (Oe),1675,665,2.337459261290656,1.8126500035661528,1.5855080953933334
fractions,Coercivity (Oe),1676,1032,2.255272505103306,2.7927492206295197,1.5855080953933334
fractions,Coercivity (Oe),1682,1035,2.1760912590556813,1.9726257544328347,1.5855080953933334
fractions,Coercivity (Oe),1685,790,1.845098040014257,2.8403968481239397,1.5855080953933334
fractions,Coercivity (Oe),1686,790,2.146128035678238,2.8403968481239397,1.5855080953933334
fractions,Coercivity (Oe),1720,485,3.7323937598229686,3.011992747697835,1.5855080953933334
fractions,Coercivity (Oe),1721,1052,3.8129133566428557,2.813464633630381,1.5855080953933334
fractions,Coercivity (Oe),1723,789,1.8750612633917,2.5494489486971084,1.5855080953933334
fractions,Coercivity (Oe),1724,1054,2.5440680443502757,2.4925126218041216,1.5855080953933334
fractions,Coercivity (Oe),1729,44,3.3010299956639813,2.6242980482985954,1.5855080953933334
fractions,Coercivity (Oe),1730,44,3.4771212547196626,2.6242980482985954,1.5855080953933334
fractions,Coercivity (Oe),1735,1057,2.5563025007672873,2.1438704156182125,1.5855080953933334
physics,Curie(TC) (K),4,2,723.0,721.7366943359375,278.65994393484937
physics,Curie(TC) (K),5,3,743.0,734.1581420898438,278.65994393484937
physics,Curie(TC) (K),6,3,743.0,734.1581420898438,278.65994393484937
physics,Curie(TC) (K),16,10,561.0,594.2860717773438,278.65994393484937
physics,Curie(TC) (K),18,12,647.15,651.7874755859375,278.65994393484937
physics,Curie(TC) (K),32,23,562.15,594.071533203125,278.65994393484937
physics,Curie(TC) (K),34,25,566.15,593.6172485351562,278.65994393484937
physics,Curie(TC) (K),39,30,473.0,472.5400085449219,278.65994393484937
physics,Curie(TC) (K),40,31,465.15,667.4986572265625,278.65994393484937
physics,Curie(TC) (K),49,39,700.0,668.056640625,278.65994393484937
physics,Curie(TC) (K),55,44,598.15,1053.181396484375,278.65994393484937
physics,Curie(TC) (K),61,49,612.1,770.639892578125,278.65994393484937
physics,Curie(TC) (K),62,49,706.8,770.639892578125,278.65994393484937
physics,Curie(TC) (K),63,49,717.4,770.639892578125,278.65994393484937
physics,Curie(TC) (K),71,54,798.15,744.619873046875,278.65994393484937
physics,Curie(TC) (K),72,55,690.0,721.4338989257812,278.65994393484937
physics,Curie(TC) (K),75,58,605.0,495.8489685058594,278.65994393484937
physics,Curie(TC) (K),76,59,580.0,504.10137939453125,278.65994393484937
physics,Curie(TC) (K),81,63,643.0,534.1197509765625,278.65994393484937
physics,Curie(TC) (K),85,2,725.0,721.7366943359375,278.65994393484937
physics,Curie(TC) (K),86,66,710.0,554.7059936523438,278.65994393484937
physics,Curie(TC) (K),87,67,436.0,544.61572265625,278.65994393484937
physics,Curie(TC) (K),90,70,697.15,688.0558471679688,278.65994393484937
physics,Curie(TC) (K),92,72,653.15,621.7271118164062,278.65994393484937
physics,Curie(TC) (K),96,76,22.0,537.9564208984375,278.65994393484937
physics,Curie(TC) (K),98,78,497.15,592.8115234375,278.65994393484937
physics,Curie(TC) (K),99,3,743.15,734.1581420898438,278.65994393484937
physics,Curie(TC) (K),107,83,509.15,457.9770202636719,278.65994393484937
physics,Curie(TC) (K),108,3,749.15,734.1581420898438,278.65994393484937
physics,Curie(TC) (K),111,86,622.75,596.22021484375,278.65994393484937
physics,Curie(TC) (K),113,88,607.65,580.2168579101562,278.65994393484937
physics,Curie(TC) (K),127,96,740.0,615.9070434570312,278.65994393484937
physics,Curie(TC) (K),132,3,747.15,734.1581420898438,278.65994393484937
physics,Curie(TC) (K),133,100,525.0,566.2202758789062,278.65994393484937
physics,Curie(TC) (K),135,101,1173.0,664.294189453125,278.65994393484937
physics,Curie(TC) (K),144,101,1123.15,664.294189453125,278.65994393484937
physics,Curie(TC) (K),145,106,540.0,583.7525024414062,278.65994393484937
physics,Curie(TC) (K),146,107,409.1,524.1582641601562,278.65994393484937
physics,Curie(TC) (K),148,109,476.0,536.841552734375,278.65994393484937
physics,Curie(TC) (K),152,3,740.0,734.1581420898438,278.65994393484937
physics,Curie(TC) (K),154,113,473.15,654.485595703125,278.65994393484937
physics,Curie(TC) (K),162,120,618.15,500.5787048339844,278.65994393484937
physics,Curie(TC) (K),168,44,849.15,1053.181396484375,278.65994393484937
physics,Curie(TC) (K),186,136,695.0,649.2875366210938,278.65994393484937
physics,Curie(TC) (K),190,139,443.15,443.039306640625,278.65994393484937
physics,Curie(TC) (K),192,139,448.15,443.039306640625,278.65994393484937
physics,Curie(TC) (K),193,120,633.0,500.5787048339844,278.65994393484937
physics,Curie(TC) (K),194,141,585.15,550.9172973632812,278.65994393484937
physics,Curie(TC) (K),209,3,723.15,734.1581420898438,278.65994393484937
physics,Curie(TC) (K),213,158,695.0,713.7506103515625,278.65994393484937
physics,Curie(TC) (K),217,120,630.0,500.5787048339844,278.65994393484937
physics,Curie(TC) (K),218,3,743.15,734.1581420898438,278.65994393484937
physics,Curie(TC) (K),228,168,1130.0,555.4918823242188,278.65994393484937
physics,Curie(TC) (K),233,101,1150.0,664.294189453125,278.65994393484937
physics,Curie(TC) (K),236,174,980.0,686.4699096679688,278.65994393484937
physics,Curie(TC) (K),243,178,695.0,721.8822631835938,278.65994393484937
physics,Curie(TC) (K),254,2,996.15,721.7366943359375,278.65994393484937
physics,Curie(TC) (K),255,2,996.15,721.7366943359375,278.65994393484937
physics,Curie(TC) (K),256,2,996.15,721.7366943359375,278.65994393484937
physics,Curie(TC) (K),257,2,996.15,721.7366943359375,278.65994393484937
physics,Curie(TC) (K),258,2,996.15,721.7366943359375,278.65994393484937
physics,Curie(TC) (K),259,2,996.15,721.7366943359375,278.65994393484937
physics,Curie(TC) (K),264,184,773.15,770.3168334960938,278.65994393484937
physics,Curie(TC) (K),265,66,773.15,554.7059936523438,278.65994393484937
physics,Curie(TC) (K),275,192,750.0,735.0538940429688,278.65994393484937
physics,Curie(TC) (K),285,120,630.0,500.5787048339844,278.65994393484937
physics,Curie(TC) (K),289,198,584.15,577.10107421875,278.65994393484937
physics,Curie(TC) (K),290,199,560.0,560.5695190429688,278.65994393484937
physics,Curie(TC) (K),299,208,723.15,817.1668701171875,278.65994393484937
physics,Curie(TC) (K),301,210,603.15,560.4174194335938,278.65994393484937
physics,Curie(TC) (K),302,3,1073.0,734.1581420898438,278.65994393484937
physics,Curie(TC) (K),306,213,732.0,703.7454223632812,278.65994393484937
physics,Curie(TC) (K),308,215,650.0,628.038818359375,278.65994393484937
physics,Curie(TC) (K),311,218,650.0,610.3836669921875,278.65994393484937
physics,Curie(TC) (K),341,237,750.15,769.3328247070312,278.65994393484937
physics,Curie(TC) (K),348,3,748.15,734.1581420898438,278.65994393484937
physics,Curie(TC) (K),355,244,708.15,699.60693359375,278.65994393484937
physics,Curie(TC) (K),358,247,605.0,666.8890380859375,278.65994393484937
physics,Curie(TC) (K),359,247,765.0,666.8890380859375,278.65994393484937
physics,Curie(TC) (K),370,256,546.0,547.6930541992188,278.65994393484937
physics,Curie(TC) (K),374,260,518.0,497.79107666015625,278.65994393484937
physics,Curie(TC) (K),392,273,887.9,598.2529907226562,278.65994393484937
physics,Curie(TC) (K),393,2,723.15,721.7366943359375,278.65994393484937
physics,Curie(TC) (K),395,275,704.15,696.7833862304688,278.65994393484937
physics,Curie(TC) (K),397,277,625.15,640.6222534179688,278.65994393484937
physics,Curie(TC) (K),400,280,587.15,625.5603637695312,278.65994393484937
physics,Curie(TC) (K),411,286,750.15,631.337158203125,278.65994393484937
physics,Curie(TC) (K),414,289,717.0,537.67919921875,278.65994393484937
physics,Curie(TC) (K),419,294,350.0,674.146728515625,278.65994393484937
physics,Curie(TC) (K),421,296,480.0,601.5645141601562,278.65994393484937
physics,Curie(TC) (K),437,306,1178.15,874.797607421875,278.65994393484937
physics,Curie(TC) (K),439,307,723.0,703.9561157226562,278.65994393484937
physics,Curie(TC) (K),440,307,723.0,703.9561157226562,278.65994393484937
physics,Curie(TC) (K),441,307,723.0,703.9561157226562,278.65994393484937
physics,Curie(TC) (K),442,307,723.0,703.9561157226562,278.65994393484937
physics,Curie(TC) (K),444,3,750.15,734.1581420898438,278.65994393484937
physics,Curie(TC) (K),445,308,573.15,595.46337890625,278.65994393484937
physics,Curie(TC) (K),446,309,573.15,631.47998046875,278.65994393484937
physics,Curie(TC) (K),447,120,628.0,500.5787048339844,278.65994393484937
physics,Curie(TC) (K),457,318,492.47,483.6248779296875,278.65994393484937
physics,Curie(TC) (K),458,319,466.56,454.4704895019531,278.65994393484937
physics,Curie(TC) (K),468,323,758.0,712.9139404296875,278.65994393484937
physics,Curie(TC) (K),474,327,541.15,622.6199340820312,278.65994393484937
physics,Curie(TC) (K),475,328,610.15,637.6450805664062,278.65994393484937
physics,Curie(TC) (K),476,215,650.15,628.038818359375,278.65994393484937
physics,Curie(TC) (K),480,331,637.15,617.4994506835938,278.65994393484937
physics,Curie(TC) (K),481,332,608.15,610.3426513671875,278.65994393484937
physics,Curie(TC) (K),484,120,633.15,500.5787048339844,278.65994393484937
physics,Curie(TC) (K),485,333,595.0,588.9743041992188,278.65994393484937
physics,Curie(TC) (K),486,120,530.0,500.5787048339844,278.65994393484937
physics,Curie(TC) (K),487,334,625.0,551.9505004882812,278.65994393484937
physics,Curie(TC) (K),496,120,530.15,500.5787048339844,278.65994393484937
physics,Curie(TC) (K),502,346,240.0,437.33392333984375,278.65994393484937
physics,Curie(TC) (K),506,350,255.0,240.59414672851562,278.65994393484937
physics,Curie(TC) (K),507,351,658.0,632.656005859375,278.65994393484937
physics,Curie(TC) (K),508,352,663.0,637.3922729492188,278.65994393484937
physics,Curie(TC) (K),509,2,728.0,721.7366943359375,278.65994393484937
physics,Curie(TC) (K),514,355,304.3,436.1927185058594,278.65994393484937
physics,Curie(TC) (K),515,355,318.9,436.1927185058594,278.65994393484937
physics,Curie(TC) (K),516,355,357.6,436.1927185058594,278.65994393484937
physics,Curie(TC) (K),517,355,359.3,436.1927185058594,278.65994393484937
physics,Curie(TC) (K),524,359,933.15,861.5691528320312,278.65994393484937
physics,Curie(TC) (K),529,362,915.0,856.60693359375,278.65994393484937
physics,Curie(TC) (K),533,365,480.0,599.3411254882812,278.65994393484937
physics,Curie(TC) (K),538,370,488.0,588.7916870117188,278.65994393484937
physics,Curie(TC) (K),539,371,548.0,584.3990478515625,278.65994393484937
physics,Curie(TC) (K),556,381,744.15,613.8163452148438,278.65994393484937
physics,Curie(TC) (K),563,388,576.15,599.3831787109375,278.65994393484937
physics,Curie(TC) (K),581,30,473.15,472.5400085449219,278.65994393484937
physics,Curie(TC) (K),583,398,793.0,692.2445068359375,278.65994393484937
physics,Curie(TC) (K),591,404,568.15,687.3274536132812,278.65994393484937
physics,Curie(TC) (K),592,405,370.0,782.3699951171875,278.65994393484937
physics,Curie(TC) (K),597,408,781.15,647.4646606445312,278.65994393484937
physics,Curie(TC) (K),598,409,780.15,651.77099609375,278.65994393484937
physics,Curie(TC) (K),600,411,772.15,598.939208984375,278.65994393484937
physics,Curie(TC) (K),627,425,516.0,608.8591918945312,278.65994393484937
physics,Curie(TC) (K),632,428,766.27,761.892822265625,278.65994393484937
physics,Curie(TC) (K),636,429,731.0,575.8399047851562,278.65994393484937
physics,Curie(TC) (K),637,430,783.0,419.8181457519531,278.65994393484937
physics,Curie(TC) (K),638,430,718.0,419.8181457519531,278.65994393484937
physics,Curie(TC) (K),645,436,583.15,557.113525390625,278.65994393484937
physics,Curie(TC) (K),654,440,743.15,735.8346557617188,278.65994393484937
physics,Curie(TC) (K),658,442,793.0,699.6322021484375,278.65994393484937
physics,Curie(TC) (K),663,447,589.15,604.9873046875,278.65994393484937
physics,Curie(TC) (K),671,449,12.0,94.86058807373047,278.65994393484937
physics,Curie(TC) (K),675,451,500.0,366.3391418457031,278.65994393484937
physics,Curie(TC) (K),681,457,423.0,400.3790283203125,278.65994393484937
physics,Curie(TC) (K),687,3,748.0,734.1581420898438,278.65994393484937
physics,Curie(TC) (K),688,428,735.0,761.892822265625,278.65994393484937
physics,Curie(TC) (K),691,465,39.0,201.32608032226562,278.65994393484937
physics,Curie(TC) (K),693,467,1199.0,1022.8655395507812,278.65994393484937
physics,Curie(TC) (K),705,477,666.0,663.2559814453125,278.65994393484937
physics,Curie(TC) (K),710,481,678.15,557.2564697265625,278.65994393484937
physics,Curie(TC) (K),712,482,662.15,489.489990234375,278.65994393484937
physics,Curie(TC) (K),713,30,640.15,472.5400085449219,278.65994393484937
physics,Curie(TC) (K),721,485,225.0,202.70785522460938,278.65994393484937
physics,Curie(TC) (K),730,3,750.0,734.1581420898438,278.65994393484937
physics,Curie(TC) (K),739,2,741.18,721.7366943359375,278.65994393484937
physics,Curie(TC) (K),744,499,773.0,760.2222290039062,278.65994393484937
physics,Curie(TC) (K),745,499,773.0,760.2222290039062,278.65994393484937
physics,Curie(TC) (K),746,499,773.0,760.2222290039062,278.65994393484937
physics,Curie(TC) (K),747,499,773.0,760.2222290039062,278.65994393484937
physics,Curie(TC) (K),748,499,773.0,760.2222290039062,278.65994393484937
physics,Curie(TC) (K),751,501,491.0,527.6564331054688,278.65994393484937
physics,Curie(TC) (K),754,504,474.0,517.9769897460938,278.65994393484937
physics,Curie(TC) (K),757,506,396.0,197.64498901367188,278.65994393484937
physics,Curie(TC) (K),758,507,329.0,176.20901489257812,278.65994393484937
physics,Curie(TC) (K),769,518,710.0,577.1973876953125,278.65994393484937
physics,Curie(TC) (K),775,522,470.0,369.5729064941406,278.65994393484937
physics,Curie(TC) (K),781,528,630.0,636.8283081054688,278.65994393484937
physics,Curie(TC) (K),782,529,630.0,629.7139892578125,278.65994393484937
physics,Curie(TC) (K),789,536,288.0,327.889404296875,278.65994393484937
physics,Curie(TC) (K),802,543,510.15,613.9004516601562,278.65994393484937
physics,Curie(TC) (K),814,549,601.0,591.029541015625,278.65994393484937
physics,Curie(TC) (K),817,551,816.5,561.021484375,278.65994393484937
physics,Curie(TC) (K),822,307,728.15,703.9561157226562,278.65994393484937
physics,Curie(TC) (K),823,307,729.15,703.9561157226562,278.65994393484937
physics,Curie(TC) (K),824,307,728.15,703.9561157226562,278.65994393484937
physics,Curie(TC) (K),825,307,727.15,703.9561157226562,278.65994393484937
physics,Curie(TC) (K),826,307,725.15,703.9561157226562,278.65994393484937
physics,Curie(TC) (K),827,307,724.15,703.9561157226562,278.65994393484937
physics,Curie(TC) (K),830,554,695.0,629.2046508789062,278.65994393484937
physics,Curie(TC) (K),847,557,518.15,600.9495239257812,278.65994393484937
physics,Curie(TC) (K),848,557,518.15,600.9495239257812,278.65994393484937
physics,Curie(TC) (K),849,558,589.15,-2.7114219665527344,278.65994393484937
physics,Curie(TC) (K),872,572,580.0,616.8888549804688,278.65994393484937
physics,Curie(TC) (K),876,2,540.0,721.7366943359375,278.65994393484937
physics,Curie(TC) (K),877,575,622.15,570.9713134765625,278.65994393484937
physics,Curie(TC) (K),878,576,671.15,581.51123046875,278.65994393484937
physics,Curie(TC) (K),884,578,373.0,702.7012329101562,278.65994393484937
physics,Curie(TC) (K),890,583,956.0,905.381103515625,278.65994393484937
physics,Curie(TC) (K),898,589,373.0,647.1405639648438,278.65994393484937
physics,Curie(TC) (K),899,590,664.0,606.0494384765625,278.65994393484937
physics,Curie(TC) (K),901,3,746.0,734.1581420898438,278.65994393484937
physics,Curie(TC) (K),904,594,563.0,626.5816650390625,278.65994393484937
physics,Curie(TC) (K),951,30,790.0,472.5400085449219,278.65994393484937
physics,Curie(TC) (K),952,30,790.0,472.5400085449219,278.65994393484937
physics,Curie(TC) (K),953,30,790.0,472.5400085449219,278.65994393484937
physics,Curie(TC) (K),954,30,790.0,472.5400085449219,278.65994393484937
physics,Curie(TC) (K),955,30,790.0,472.5400085449219,278.65994393484937
physics,Curie(TC) (K),960,626,770.0,574.2345581054688,278.65994393484937
physics,Curie(TC) (K),962,628,1060.0,937.88232421875,278.65994393484937
physics,Curie(TC) (K),986,3,748.15,734.1581420898438,278.65994393484937
physics,Curie(TC) (K),990,649,745.15,638.3490600585938,278.65994393484937
physics,Curie(TC) (K),991,649,748.15,638.3490600585938,278.65994393484937
physics,Curie(TC) (K),992,649,748.15,638.3490600585938,278.65994393484937
physics,Curie(TC) (K),993,650,556.15,606.3960571289062,278.65994393484937
physics,Curie(TC) (K),996,652,541.55,463.5471496582031,278.65994393484937
physics,Curie(TC) (K),1001,657,892.15,758.8438720703125,278.65994393484937
physics,Curie(TC) (K),1006,662,796.15,709.4708251953125,278.65994393484937
physics,Curie(TC) (K),1013,665,375.0,318.87384033203125,278.65994393484937
physics,Curie(TC) (K),1019,667,1126.0,946.9411010742188,278.65994393484937
physics,Curie(TC) (K),1022,113,723.15,654.485595703125,278.65994393484937
physics,Curie(TC) (K),1031,44,583.15,1053.181396484375,278.65994393484937
physics,Curie(TC) (K),1037,675,793.0,663.2305297851562,278.65994393484937
physics,Curie(TC) (K),1038,675,793.0,663.2305297851562,278.65994393484937
physics,Curie(TC) (K),1043,679,723.15,671.9711303710938,278.65994393484937
physics,Curie(TC) (K),1046,682,506.15,584.3848266601562,278.65994393484937
physics,Curie(TC) (K),1052,684,691.0,617.4674072265625,278.65994393484937
physics,Curie(TC) (K),1056,688,160.0,201.67079162597656,278.65994393484937
physics,Curie(TC) (K),1060,692,538.15,366.8721008300781,278.65994393484937
physics,Curie(TC) (K),1067,695,693.15,691.477294921875,278.65994393484937
physics,Curie(TC) (K),1085,2,724.0,721.7366943359375,278.65994393484937
physics,Curie(TC) (K),1086,2,689.0,721.7366943359375,278.65994393484937
physics,Curie(TC) (K),1087,2,667.0,721.7366943359375,278.65994393484937
physics,Curie(TC) (K),1088,2,645.0,721.7366943359375,278.65994393484937
physics,Curie(TC) (K),1089,2,625.0,721.7366943359375,278.65994393484937
physics,Curie(TC) (K),1090,2,606.0,721.7366943359375,278.65994393484937
physics,Curie(TC) (K),1094,66,673.15,554.7059936523438,278.65994393484937
physics,Curie(TC) (K),1095,66,673.15,554.7059936523438,278.65994393484937
physics,Curie(TC) (K),1096,657,730.0,758.8438720703125,278.65994393484937
physics,Curie(TC) (K),1097,706,700.0,744.2069091796875,278.65994393484937
physics,Curie(TC) (K),1099,708,655.0,705.9796142578125,278.65994393484937
physics,Curie(TC) (K),1103,712,436.0,567.31201171875,278.65994393484937
physics,Curie(TC) (K),1104,3,749.0,734.1581420898438,278.65994393484937
physics,Curie(TC) (K),1106,657,722.15,758.8438720703125,278.65994393484937
physics,Curie(TC) (K),1107,2,725.0,721.7366943359375,278.65994393484937
physics,Curie(TC) (K),1108,66,728.0,554.7059936523438,278.65994393484937
physics,Curie(TC) (K),1134,734,687.15,613.6442260742188,278.65994393484937
physics,Curie(TC) (K),1135,30,798.15,472.5400085449219,278.65994393484937
physics,Curie(TC) (K),1136,30,708.15,472.5400085449219,278.65994393484937
physics,Curie(TC) (K),1140,30,450.0,472.5400085449219,278.65994393484937
physics,Curie(TC) (K),1141,737,745.05,621.7308959960938,278.65994393484937
physics,Curie(TC) (K),1150,740,621.0,601.8953247070312,278.65994393484937
physics,Curie(TC) (K),1151,741,609.0,604.639404296875,278.65994393484937
physics,Curie(TC) (K),1153,743,565.0,602.9869384765625,278.65994393484937
physics,Curie(TC) (K),1166,753,523.0,610.9674072265625,278.65994393484937
physics,Curie(TC) (K),1167,665,370.0,318.87384033203125,278.65994393484937
physics,Curie(TC) (K),1168,754,332.0,291.3729248046875,278.65994393484937
physics,Curie(TC) (K),1171,756,400.0,500.3193664550781,278.65994393484937
physics,Curie(TC) (K),1175,759,428.0,390.2074890136719,278.65994393484937
physics,Curie(TC) (K),1179,761,822.0,793.5354614257812,278.65994393484937
physics,Curie(TC) (K),1185,695,683.0,691.477294921875,278.65994393484937
physics,Curie(TC) (K),1206,777,365.0,379.59552001953125,278.65994393484937
physics,Curie(TC) (K),1212,781,300.0,298.12335205078125,278.65994393484937
physics,Curie(TC) (K),1214,782,710.0,590.9392700195312,278.65994393484937
physics,Curie(TC) (K),1216,2,730.0,721.7366943359375,278.65994393484937
physics,Curie(TC) (K),1217,783,363.0,966.6648559570312,278.65994393484937
physics,Curie(TC) (K),1231,789,64.0,61.39374542236328,278.65994393484937
physics,Curie(TC) (K),1232,790,370.0,614.9848022460938,278.65994393484937
physics,Curie(TC) (K),1233,790,370.0,614.9848022460938,278.65994393484937
physics,Curie(TC) (K),1234,790,370.0,614.9848022460938,278.65994393484937
physics,Curie(TC) (K),1235,790,370.0,614.9848022460938,278.65994393484937
physics,Curie(TC) (K),1237,792,767.0,653.9220581054688,278.65994393484937
physics,Curie(TC) (K),1238,120,633.0,500.5787048339844,278.65994393484937
physics,Curie(TC) (K),1242,790,123.0,614.9848022460938,278.65994393484937
physics,Curie(TC) (K),1247,798,658.15,667.2269897460938,278.65994393484937
physics,Curie(TC) (K),1248,798,658.15,667.2269897460938,278.65994393484937
physics,Curie(TC) (K),1250,30,350.0,472.5400085449219,278.65994393484937
physics,Curie(TC) (K),1257,801,620.0,698.3975830078125,278.65994393484937
physics,Curie(TC) (K),1260,790,360.0,614.9848022460938,278.65994393484937
physics,Curie(TC) (K),1261,790,360.0,614.9848022460938,278.65994393484937
physics,Curie(TC) (K),1269,120,628.0,500.5787048339844,278.65994393484937
physics,Curie(TC) (K),1270,120,628.0,500.5787048339844,278.65994393484937
physics,Curie(TC) (K),1273,809,780.0,552.000244140625,278.65994393484937
physics,Curie(TC) (K),1275,810,215.0,286.26806640625,278.65994393484937
physics,Curie(TC) (K),1291,44,175.0,1053.181396484375,278.65994393484937
physics,Curie(TC) (K),1294,816,423.15,551.0474243164062,278.65994393484937
physics,Curie(TC) (K),1295,816,423.15,551.0474243164062,278.65994393484937
physics,Curie(TC) (K),1306,792,761.0,653.9220581054688,278.65994393484937
physics,Curie(TC) (K),1307,792,761.0,653.9220581054688,278.65994393484937
physics,Curie(TC) (K),1309,824,400.0,589.0779418945312,278.65994393484937
physics,Curie(TC) (K),1324,792,763.15,653.9220581054688,278.65994393484937
physics,Curie(TC) (K),1327,44,928.0,1053.181396484375,278.65994393484937
physics,Curie(TC) (K),1342,841,350.0,216.2364959716797,278.65994393484937
physics,Curie(TC) (K),1349,845,400.0,608.1710815429688,278.65994393484937
physics,Curie(TC) (K),1351,789,30.0,61.39374542236328,278.65994393484937
physics,Curie(TC) (K),1354,665,360.0,318.87384033203125,278.65994393484937
physics,Curie(TC) (K),1372,665,288.0,318.87384033203125,278.65994393484937
physics,Curie(TC) (K),1375,790,350.0,614.9848022460938,278.65994393484937
physics,Curie(TC) (K),1379,792,767.0,653.9220581054688,278.65994393484937
physics,Curie(TC) (K),1383,628,981.0,937.88232421875,278.65994393484937
physics,Curie(TC) (K),1384,867,952.0,893.6907958984375,278.65994393484937
physics,Curie(TC) (K),1386,869,864.0,847.1068115234375,278.65994393484937
physics,Curie(TC) (K),1393,872,28.0,134.60679626464844,278.65994393484937
physics,Curie(TC) (K),1394,665,350.0,318.87384033203125,278.65994393484937
physics,Curie(TC) (K),1396,873,328.0,349.4479675292969,278.65994393484937
physics,Curie(TC) (K),1400,875,150.0,200.8926239013672,278.65994393484937
physics,Curie(TC) (K),1405,879,47.9,264.86932373046875,278.65994393484937
physics,Curie(TC) (K),1407,810,200.0,286.26806640625,278.65994393484937
physics,Curie(TC) (K),1408,875,150.0,200.8926239013672,278.65994393484937
physics,Curie(TC) (K),1409,875,150.0,200.8926239013672,278.65994393484937
physics,Curie(TC) (K),1419,886,1000.0,993.5011596679688,278.65994393484937
physics,Curie(TC) (K),1420,887,130.0,377.5841369628906,278.65994393484937
physics,Curie(TC) (K),1428,810,260.0,286.26806640625,278.65994393484937
physics,Curie(TC) (K),1429,895,8.7,177.3711395263672,278.65994393484937
physics,Curie(TC) (K),1430,896,80.0,487.3223571777344,278.65994393484937
physics,Curie(TC) (K),1432,845,404.0,608.1710815429688,278.65994393484937
physics,Curie(TC) (K),1437,900,160.0,164.3704833984375,278.65994393484937
physics,Curie(TC) (K),1442,904,16.0,98.8798828125,278.65994393484937
physics,Curie(TC) (K),1459,916,204.0,693.149169921875,278.65994393484937
physics,Curie(TC) (K),1476,925,625.0,588.4949951171875,278.65994393484937
physics,Curie(TC) (K),1503,44,1388.0,1053.181396484375,278.65994393484937
physics,Curie(TC) (K),1505,946,215.5,335.4411315917969,278.65994393484937
physics,Curie(TC) (K),1507,948,166.2,296.2882385253906,278.65994393484937
physics,Curie(TC) (K),1515,952,9.7,75.80345916748047,278.65994393484937
physics,Curie(TC) (K),1518,954,541.0,527.5350952148438,278.65994393484937
physics,Curie(TC) (K),1531,960,930.0,490.8204650878906,278.65994393484937
physics,Curie(TC) (K),1539,964,119.0,440.1700439453125,278.65994393484937
physics,Curie(TC) (K),1542,967,707.0,747.0278930664062,278.65994393484937
physics,Curie(TC) (K),1550,974,278.0,418.3230895996094,278.65994393484937
physics,Curie(TC) (K),1552,976,290.0,531.5149536132812,278.65994393484937
physics,Curie(TC) (K),1555,845,415.0,608.1710815429688,278.65994393484937
physics,Curie(TC) (K),1556,845,470.0,608.1710815429688,278.65994393484937
physics,Curie(TC) (K),1557,845,520.0,608.1710815429688,278.65994393484937
physics,Curie(TC) (K),1558,845,570.0,608.1710815429688,278.65994393484937
physics,Curie(TC) (K),1559,978,830.0,403.1791076660156,278.65994393484937
physics,Curie(TC) (K),1567,981,10.6,80.26203918457031,278.65994393484937
physics,Curie(TC) (K),1572,120,628.0,500.5787048339844,278.65994393484937
physics,Curie(TC) (K),1580,792,761.0,653.9220581054688,278.65994393484937
physics,Curie(TC) (K),1605,485,228.0,202.70785522460938,278.65994393484937
physics,Curie(TC) (K),1606,485,226.0,202.70785522460938,278.65994393484937
physics,Curie(TC) (K),1607,845,450.0,608.1710815429688,278.65994393484937
physics,Curie(TC) (K),1608,1002,60.0,69.85379791259766,278.65994393484937
physics,Curie(TC) (K),1634,790,255.0,614.9848022460938,278.65994393484937
physics,Curie(TC) (K),1635,810,250.0,286.26806640625,278.65994393484937
physics,Curie(TC) (K),1636,810,230.0,286.26806640625,278.65994393484937
physics,Curie(TC) (K),1640,506,395.0,197.64498901367188,278.65994393484937
physics,Curie(TC) (K),1642,960,365.0,490.8204650878906,278.65994393484937
physics,Curie(TC) (K),1646,1016,120.0,337.11419677734375,278.65994393484937
physics,Curie(TC) (K),1649,44,300.0,1053.181396484375,278.65994393484937
physics,Curie(TC) (K),1655,789,68.0,61.39374542236328,278.65994393484937
physics,Curie(TC) (K),1656,790,320.0,614.9848022460938,278.65994393484937
physics,Curie(TC) (K),1661,1023,423.0,433.2426452636719,278.65994393484937
physics,Curie(TC) (K),1669,1028,80.0,181.51718139648438,278.65994393484937
physics,Curie(TC) (K),1674,665,290.5,318.87384033203125,278.65994393484937
physics,Curie(TC) (K),1675,665,286.0,318.87384033203125,278.65994393484937
physics,Curie(TC) (K),1676,1032,380.0,363.4422607421875,278.65994393484937
physics,Curie(TC) (K),1682,1035,300.0,287.3682861328125,278.65994393484937
physics,Curie(TC) (K),1685,790,200.0,614.9848022460938,278.65994393484937
physics,Curie(TC) (K),1686,790,210.0,614.9848022460938,278.65994393484937
physics,Curie(TC) (K),1720,485,228.0,202.70785522460938,278.65994393484937
physics,Curie(TC) (K),1721,1052,711.0,485.23577880859375,278.65994393484937
physics,Curie(TC) (K),1723,789,58.6,61.39374542236328,278.65994393484937
physics,Curie(TC) (K),1724,1054,350.0,992.9786987304688,278.65994393484937
physics,Curie(TC) (K),1729,44,18.6,1053.181396484375,278.65994393484937
physics,Curie(TC) (K),1730,44,16.3,1053.181396484375,278.65994393484937
physics,Curie(TC) (K),1735,1057,15.0,319.3155822753906,278.65994393484937
physics,Coercivity (Oe),4,2,2.941511432634403,3.0583580134556714,1.52674781200162
physics,Coercivity (Oe),5,3,3.6127838567197355,3.9990098723958014,1.52674781200162
physics,Coercivity (Oe),6,3,4.012837224705172,3.9990098723958014,1.52674781200162
physics,Coercivity (Oe),16,10,4.206015876763344,3.652548891493493,1.52674781200162
physics,Coercivity (Oe),18,12,-0.769551078621726,0.31444019359479247,1.52674781200162
physics,Coercivity (Oe),32,23,3.9395192526186187,3.774608793630114,1.52674781200162
physics,Coercivity (Oe),34,25,3.6020599913279625,3.6121065707962443,1.52674781200162
physics,Coercivity (Oe),39,30,0.2741578492636798,1.7505790003464285,1.52674781200162
physics,Coercivity (Oe),40,31,3.681241237375587,2.9423891187402957,1.52674781200162
physics,Coercivity (Oe),49,39,1.4229179807676624,3.0242571186592304,1.52674781200162
physics,Coercivity (Oe),55,44,-1.2218487496163564,2.0764626581724017,1.52674781200162
physics,Coercivity (Oe),61,49,3.9161137495997234,4.002891305568564,1.52674781200162
physics,Coercivity (Oe),62,49,4.015137101461758,4.002891305568564,1.52674781200162
physics,Coercivity (Oe),63,49,4.1095097022294444,4.002891305568564,1.52674781200162
physics,Coercivity (Oe),71,54,3.214843848047698,2.494241631652519,1.52674781200162
physics,Coercivity (Oe),72,55,4.176091259055681,3.6217352240062564,1.52674781200162
physics,Coercivity (Oe),75,58,1.3502480183341627,1.9882688301285805,1.52674781200162
physics,Coercivity (Oe),76,59,1.639486489268586,1.8189804370868339,1.52674781200162
physics,Coercivity (Oe),81,63,4.107209969647869,3.9296816098776026,1.52674781200162
physics,Coercivity (Oe),85,2,3.7032913781186614,3.0583580134556714,1.52674781200162
physics,Coercivity (Oe),86,66,2.9542425094393248,1.5996688292373493,1.52674781200162
physics,Coercivity (Oe),87,67,3.7437464455911926,2.820539150226237,1.52674781200162
physics,Coercivity (Oe),90,70,3.4771212547196626,2.946228874343747,1.52674781200162
physics,Coercivity (Oe),92,72,4.701567985055927,3.8335410977690216,1.52674781200162
physics,Coercivity (Oe),96,76,1.0,2.3181801432959026,1.52674781200162
physics,Coercivity (Oe),98,78,3.380211241711606,3.506631878870037,1.52674781200162
physics,Coercivity (Oe),99,3,3.662757831681574,3.9990098723958014,1.52674781200162
physics,Coercivity (Oe),107,83,1.5247854493212223,2.361821394709821,1.52674781200162
physics,Coercivity (Oe),108,3,4.501059262217751,3.9990098723958014,1.52674781200162
physics,Coercivity (Oe),111,86,3.9822712330395684,3.755168698496286,1.52674781200162
physics,Coercivity (Oe),113,88,3.99563519459755,3.713997124127085,1.52674781200162
physics,Coercivity (Oe),127,96,4.004321373782642,3.2645063174289297,1.52674781200162
physics,Coercivity (Oe),132,3,3.93363051054507,3.9990098723958014,1.52674781200162
physics,Coercivity (Oe),133,100,3.6812729035270784,3.57288423887229,1.52674781200162
physics,Coercivity (Oe),135,101,3.249658099106613,1.9737266285141561,1.52674781200162
physics,Coercivity (Oe),144,101,3.214843848047698,1.9737266285141561,1.52674781200162
physics,Coercivity (Oe),145,106,4.117271295655764,3.922005608959417,1.52674781200162
physics,Coercivity (Oe),146,107,3.722458688843872,3.5354983881290165,1.52674781200162
physics,Coercivity (Oe),148,109,-0.8860566476931632,0.25035046774210945,1.52674781200162
physics,Coercivity (Oe),152,3,4.043692295012276,3.9990098723958014,1.52674781200162
physics,Coercivity (Oe),154,113,-0.619788758288394,1.3991851318510014,1.52674781200162
physics,Coercivity (Oe),162,120,3.663700925389648,3.332201321547304,1.52674781200162
physics,Coercivity (Oe),168,44,2.550228353055094,2.0764626581724017,1.52674781200162
physics,Coercivity (Oe),186,136,3.886490725172482,3.6969899666649773,1.52674781200162
physics,Coercivity (Oe),190,139,2.885361220031512,3.253654343757,1.52674781200162
physics,Coercivity (Oe),192,139,3.2340108175871793,3.253654343757,1.52674781200162
physics,Coercivity (Oe),193,120,3.4818008095386106,3.332201321547304,1.52674781200162
physics,Coercivity (Oe),194,141,4.362135126493338,3.281815826600717,1.52674781200162
physics,Coercivity (Oe),209,3,4.1003705451175625,3.9990098723958014,1.52674781200162
physics,Coercivity (Oe),213,158,2.8857568810692675,2.947409879273319,1.52674781200162
physics,Coercivity (Oe),217,120,4.4609375135201335,3.332201321547304,1.52674781200162
physics,Coercivity (Oe),218,3,4.143014800254095,3.9990098723958014,1.52674781200162
physics,Coercivity (Oe),228,168,3.2624510897304293,2.514271383364346,1.52674781200162
physics,Coercivity (Oe),233,101,3.26356269383999,1.9737266285141561,1.52674781200162
physics,Coercivity (Oe),236,174,2.591064607026499,0.9967332254809298,1.52674781200162
physics,Coercivity (Oe),243,178,1.400192488592576,2.177339630857175,1.52674781200162
physics,Coercivity (Oe),254,2,3.683947130751512,3.0583580134556714,1.52674781200162
physics,Coercivity (Oe),255,2,3.546542663478131,3.0583580134556714,1.52674781200162
physics,Coercivity (Oe),256,2,3.660865478003869,3.0583580134556714,1.52674781200162
physics,Coercivity (Oe),257,2,3.6464037262230695,3.0583580134556714,1.52674781200162
physics,Coercivity (Oe),258,2,3.510545010206612,3.0583580134556714,1.52674781200162
physics,Coercivity (Oe),259,2,3.595496221825574,3.0583580134556714,1.52674781200162
physics,Coercivity (Oe),264,184,1.5440680443502757,1.6989118344232697,1.52674781200162
physics,Coercivity (Oe),265,66,1.4941545940184429,1.5996688292373493,1.52674781200162
physics,Coercivity (Oe),275,192,3.0,3.9293552997690235,1.52674781200162
physics,Coercivity (Oe),285,120,3.568201724066995,3.332201321547304,1.52674781200162
physics,Coercivity (Oe),289,198,4.164352855784437,3.962525112102352,1.52674781200162
physics,Coercivity (Oe),290,199,3.6232492903979003,3.650817179724692,1.52674781200162
physics,Coercivity (Oe),299,208,3.1760912590556813,2.530538775791939,1.52674781200162
physics,Coercivity (Oe),301,210,3.763851598418233,3.6612200901740684,1.52674781200162
physics,Coercivity (Oe),302,3,3.4971495058611235,3.9990098723958014,1.52674781200162
physics,Coercivity (Oe),306,213,1.5588285248170117,2.9662890070737795,1.52674781200162
physics,Coercivity (Oe),308,215,3.4913616938342726,3.2834155601729287,1.52674781200162
physics,Coercivity (Oe),311,218,4.05307844348342,3.872291940988636,1.52674781200162
physics,Coercivity (Oe),341,237,3.5287881917748964,3.308378658020777,1.52674781200162
physics,Coercivity (Oe),348,3,4.1303337684950066,3.9990098723958014,1.52674781200162
physics,Coercivity (Oe),355,244,3.5440680443502757,3.2808399718858046,1.52674781200162
physics,Coercivity (Oe),358,247,4.152288344383057,2.8717324105279327,1.52674781200162
physics,Coercivity (Oe),359,247,4.033423755486949,2.8717324105279327,1.52674781200162
physics,Coercivity (Oe),370,256,1.7704101315139062,3.002772553806724,1.52674781200162
physics,Coercivity (Oe),374,260,1.4771212547196624,1.8444216956385724,1.52674781200162
physics,Coercivity (Oe),392,273,-1.2218487496163564,-1.0115584173650316,1.52674781200162
physics,Coercivity (Oe),393,2,3.5384480517102173,3.0583580134556714,1.52674781200162
physics,Coercivity (Oe),395,275,2.661812685537261,2.618459544907333,1.52674781200162
physics,Coercivity (Oe),397,277,1.8195439355418688,2.37602658122282,1.52674781200162
physics,Coercivity (Oe),400,280,3.963787827345555,3.9500751006255164,1.52674781200162
physics,Coercivity (Oe),411,286,4.03981055414835,3.5647982251224395,1.52674781200162
physics,Coercivity (Oe),414,289,3.3010299956639813,2.8042995892294917,1.52674781200162
physics,Coercivity (Oe),419,294,4.079181246047625,3.5911393481977028,1.52674781200162
physics,Coercivity (Oe),421,296,3.3979400086720375,3.4493485748591826,1.52674781200162
physics,Coercivity (Oe),437,306,4.117271295655764,3.621656127650327,1.52674781200162
physics,Coercivity (Oe),439,307,3.6599162000698504,2.8420673748426095,1.52674781200162
physics,Coercivity (Oe),440,307,3.6444385894678386,2.8420673748426095,1.52674781200162
physics,Coercivity (Oe),441,307,3.6830470382388496,2.8420673748426095,1.52674781200162
physics,Coercivity (Oe),442,307,3.6884198220027105,2.8420673748426095,1.52674781200162
physics,Coercivity (Oe),444,3,4.096910013008056,3.9990098723958014,1.52674781200162
physics,Coercivity (Oe),445,308,3.3654879848909,3.088037362255623,1.52674781200162
physics,Coercivity (Oe),446,309,3.4265112613645754,3.012124657149362,1.52674781200162
physics,Coercivity (Oe),447,120,4.02530586526477,3.332201321547304,1.52674781200162
physics,Coercivity (Oe),457,318,3.7906918167176094,3.4958101576375302,1.52674781200162
physics,Coercivity (Oe),458,319,3.7947716744956903,3.1453950793949406,1.52674781200162
physics,Coercivity (Oe),468,323,3.6532125137753435,3.2714888367217125,1.52674781200162
physics,Coercivity (Oe),474,327,3.462397997898956,3.5855597079183226,1.52674781200162
physics,Coercivity (Oe),475,328,3.3979400086720375,3.588088902795668,1.52674781200162
physics,Coercivity (Oe),476,215,3.6314437690131722,3.2834155601729287,1.52674781200162
physics,Coercivity (Oe),480,331,3.747569492637394,3.653131209234319,1.52674781200162
physics,Coercivity (Oe),481,332,3.93616626845658,3.948005167136299,1.52674781200162
physics,Coercivity (Oe),484,120,3.4471580313422194,3.332201321547304,1.52674781200162
physics,Coercivity (Oe),485,333,3.7436484973026496,3.7317690611689263,1.52674781200162
physics,Coercivity (Oe),486,120,4.008600171761918,3.332201321547304,1.52674781200162
physics,Coercivity (Oe),487,334,4.0,3.5518727580263243,1.52674781200162
physics,Coercivity (Oe),496,120,3.8976270912904414,3.332201321547304,1.52674781200162
physics,Coercivity (Oe),502,346,3.9030899869919438,2.9517276271338564,1.52674781200162
physics,Coercivity (Oe),506,350,2.376576957056512,2.5935599334878576,1.52674781200162
physics,Coercivity (Oe),507,351,-1.0,-0.9006527351139996,1.52674781200162
physics,Coercivity (Oe),508,352,-1.0969100130080565,-0.902000306055932,1.52674781200162
physics,Coercivity (Oe),509,2,3.557428997797532,3.0583580134556714,1.52674781200162
physics,Coercivity (Oe),514,355,3.1055101847699738,2.2600038256141444,1.52674781200162
physics,Coercivity (Oe),515,355,3.0549958615291417,2.2600038256141444,1.52674781200162
physics,Coercivity (Oe),516,355,3.1172712956557644,2.2600038256141444,1.52674781200162
physics,Coercivity (Oe),517,355,2.380211241711606,2.2600038256141444,1.52674781200162
physics,Coercivity (Oe),524,359,-0.12493873660829995,1.0031049816727151,1.52674781200162
physics,Coercivity (Oe),529,362,2.0791812460476247,2.0321387956863157,1.52674781200162
physics,Coercivity (Oe),533,365,2.423245873936808,2.7086130554211927,1.52674781200162
physics,Coercivity (Oe),538,370,-1.2218487496163564,-0.6297140125400335,1.52674781200162
physics,Coercivity (Oe),539,371,-1.3979400086720375,-0.5285893002996138,1.52674781200162
physics,Coercivity (Oe),556,381,2.648925689157213,2.6092943910556565,1.52674781200162
physics,Coercivity (Oe),563,388,-0.8860566476931632,-0.7833355317399421,1.52674781200162
physics,Coercivity (Oe),581,30,0.3424226808222063,1.7505790003464285,1.52674781200162
physics,Coercivity (Oe),583,398,2.296665190261531,2.047014970897833,1.52674781200162
physics,Coercivity (Oe),591,404,2.5563025007672873,1.2608526266422477,1.52674781200162
physics,Coercivity (Oe),592,405,1.5646660642520893,3.0898581163326977,1.52674781200162
physics,Coercivity (Oe),597,408,3.137670537236755,2.6320649999332164,1.52674781200162
physics,Coercivity (Oe),598,409,2.9472376078706666,2.6518796247496166,1.52674781200162
physics,Coercivity (Oe),600,411,2.2531198338868874,2.6581954351449157,1.52674781200162
physics,Coercivity (Oe),627,425,-0.5528419686577808,-0.43122262589899596,1.52674781200162
physics,Coercivity (Oe),632,428,3.804480189105993,2.86390289292516,1.52674781200162
physics,Coercivity (Oe),636,429,2.9281397068751196,3.2229352216734113,1.52674781200162
physics,Coercivity (Oe),637,430,0.6127838567197355,1.3594752720726568,1.52674781200162
physics,Coercivity (Oe),638,430,0.8750612633917001,1.3594752720726568,1.52674781200162
physics,Coercivity (Oe),645,436,3.9522992849085568,3.655818740421724,1.52674781200162
physics,Coercivity (Oe),654,440,3.8946726581414817,3.989527277817671,1.52674781200162
physics,Coercivity (Oe),658,442,2.962369335670021,2.871299043003202,1.52674781200162
physics,Coercivity (Oe),663,447,3.6720978579357175,3.539178419373552,1.52674781200162
physics,Coercivity (Oe),671,449,2.2041199826559246,3.2970916539657793,1.52674781200162
physics,Coercivity (Oe),675,451,1.9211660506377388,2.6096965683201154,1.52674781200162
physics,Coercivity (Oe),681,457,3.094331349277096,2.8400798154524596,1.52674781200162
physics,Coercivity (Oe),687,3,3.960470777534299,3.9990098723958014,1.52674781200162
physics,Coercivity (Oe),688,428,2.62293896921149,2.86390289292516,1.52674781200162
physics,Coercivity (Oe),691,465,4.342422680822207,3.1828871149749793,1.52674781200162
physics,Coercivity (Oe),693,467,0.9030899869919435,1.1535206028764444,1.52674781200162
physics,Coercivity (Oe),705,477,0.28103336724772754,0.45320023059441533,1.52674781200162
physics,Coercivity (Oe),710,481,2.318313817223999,1.3063304174771666,1.52674781200162
physics,Coercivity (Oe),712,482,2.4595734061046524,1.3456406575740685,1.52674781200162
physics,Coercivity (Oe),713,30,2.471775621020804,1.7505790003464285,1.52674781200162
physics,Coercivity (Oe),721,485,2.9876662649262746,2.77342926555826,1.52674781200162
physics,Coercivity (Oe),730,3,4.392696953259666,3.9990098723958014,1.52674781200162
physics,Coercivity (Oe),739,2,3.7795964912578244,3.0583580134556714,1.52674781200162
physics,Coercivity (Oe),744,499,2.247973266361807,1.885823090301363,1.52674781200162
physics,Coercivity (Oe),745,499,2.444044795918076,1.885823090301363,1.52674781200162
physics,Coercivity (Oe),746,499,2.690196080028514,1.885823090301363,1.52674781200162
physics,Coercivity (Oe),747,499,3.0342272607705505,1.885823090301363,1.52674781200162
physics,Coercivity (Oe),748,499,2.9339931638312424,1.885823090301363,1.52674781200162
physics,Coercivity (Oe),751,501,3.7582304084577496,3.763949645288868,1.52674781200162
physics,Coercivity (Oe),754,504,2.8680563618230415,3.304339855859749,1.52674781200162
physics,Coercivity (Oe),757,506,1.7781512503836436,2.503536525881837,1.52674781200162
physics,Coercivity (Oe),758,507,1.7781512503836436,2.4081486876661375,1.52674781200162
physics,Coercivity (Oe),769,518,1.9030899869919435,2.3855879525727643,1.52674781200162
physics,Coercivity (Oe),775,522,-1.2218487496163564,1.0100136710205228,1.52674781200162
physics,Coercivity (Oe),781,528,2.977266212427293,2.571754155628286,1.52674781200162
physics,Coercivity (Oe),782,529,2.9804578922761,2.7308580589191918,1.52674781200162
physics,Coercivity (Oe),789,536,3.865991800126275,3.697712207718599,1.52674781200162
physics,Coercivity (Oe),802,543,2.0073636543122784,1.7335048335942913,1.52674781200162
physics,Coercivity (Oe),814,549,-1.2218487496163564,-0.6060285395529214,1.52674781200162
physics,Coercivity (Oe),817,551,2.6766936096248664,2.010779753955626,1.52674781200162
physics,Coercivity (Oe),822,307,2.44870631990508,2.8420673748426095,1.52674781200162
physics,Coercivity (Oe),823,307,2.5998830720736876,2.8420673748426095,1.52674781200162
physics,Coercivity (Oe),824,307,2.5352941200427703,2.8420673748426095,1.52674781200162
physics,Coercivity (Oe),825,307,2.5921767573958667,2.8420673748426095,1.52674781200162
physics,Coercivity (Oe),826,307,2.561101383649056,2.8420673748426095,1.52674781200162
physics,Coercivity (Oe),827,307,2.494154594018443,2.8420673748426095,1.52674781200162
physics,Coercivity (Oe),830,554,2.2397998184470986,1.8811968332863394,1.52674781200162
physics,Coercivity (Oe),847,557,3.479421257301672,2.8702580602555874,1.52674781200162
physics,Coercivity (Oe),848,557,3.6555120363564666,2.8702580602555874,1.52674781200162
physics,Coercivity (Oe),849,558,4.418632687354066,2.2987459639831185,1.52674781200162
physics,Coercivity (Oe),872,572,3.678993384838101,3.4929528863304284,1.52674781200162
physics,Coercivity (Oe),876,2,3.3725438007590705,3.0583580134556714,1.52674781200162
physics,Coercivity (Oe),877,575,0.2741578492636798,0.0015145735030175362,1.52674781200162
physics,Coercivity (Oe),878,576,-0.5376020021010439,-0.6693740528027974,1.52674781200162
physics,Coercivity (Oe),884,578,2.691656043498147,2.144767333742412,1.52674781200162
physics,Coercivity (Oe),890,583,3.571009672309305,3.104628033778237,1.52674781200162
physics,Coercivity (Oe),898,589,3.213156358659705,2.50023289846917,1.52674781200162
physics,Coercivity (Oe),899,590,-1.0,-0.8507646886014654,1.52674781200162
physics,Coercivity (Oe),901,3,4.44870631990508,3.9990098723958014,1.52674781200162
physics,Coercivity (Oe),904,594,3.124514006131383,1.8314458655115848,1.52674781200162
physics,Coercivity (Oe),951,30,2.2070146586829003,1.7505790003464285,1.52674781200162
physics,Coercivity (Oe),952,30,2.841271851779091,1.7505790003464285,1.52674781200162
physics,Coercivity (Oe),953,30,2.557964113554224,1.7505790003464285,1.52674781200162
physics,Coercivity (Oe),954,30,2.2455866889742135,1.7505790003464285,1.52674781200162
physics,Coercivity (Oe),955,30,1.7000110623221123,1.7505790003464285,1.52674781200162
physics,Coercivity (Oe),960,626,2.151982395457474,2.0004118464442033,1.52674781200162
physics,Coercivity (Oe),962,628,2.5308397786165204,1.4375377803553901,1.52674781200162
physics,Coercivity (Oe),986,3,3.9684829485539352,3.9990098723958014,1.52674781200162
physics,Coercivity (Oe),990,649,-0.6575773191777937,-0.5314223017642679,1.52674781200162
physics,Coercivity (Oe),991,649,-0.3372421683184259,-0.5314223017642679,1.52674781200162
physics,Coercivity (Oe),992,649,-0.5376020021010439,-0.5314223017642679,1.52674781200162
physics,Coercivity (Oe),993,650,4.26245108973043,3.511516029874556,1.52674781200162
physics,Coercivity (Oe),996,652,2.506505032404872,2.3954358353665146,1.52674781200162
physics,Coercivity (Oe),1001,657,3.322219294733919,3.123737571839637,1.52674781200162
physics,Coercivity (Oe),1006,662,1.845098040014257,2.355566697769817,1.52674781200162
physics,Coercivity (Oe),1013,665,1.521007252408604,1.920292585798663,1.52674781200162
physics,Coercivity (Oe),1019,667,1.5759956202032677,1.0890598202812698,1.52674781200162
physics,Coercivity (Oe),1022,113,1.1139433523068367,1.3991851318510014,1.52674781200162
physics,Coercivity (Oe),1031,44,-1.6989700043360187,2.0764626581724017,1.52674781200162
physics,Coercivity (Oe),1037,675,1.6110857334148727,2.545975669971859,1.52674781200162
physics,Coercivity (Oe),1038,675,1.8185557792978027,2.545975669971859,1.52674781200162
physics,Coercivity (Oe),1043,679,1.6637951222194076,1.8067504994548835,1.52674781200162
physics,Coercivity (Oe),1046,682,2.0043213737826426,3.0244049017655747,1.52674781200162
physics,Coercivity (Oe),1052,684,-0.4089353929735008,-0.10294705869171972,1.52674781200162
physics,Coercivity (Oe),1056,688,2.656424040287152,2.3702993670606958,1.52674781200162
physics,Coercivity (Oe),1060,692,0.5622928644564748,1.6514784833423848,1.52674781200162
physics,Coercivity (Oe),1067,695,-1.6989700043360187,-0.44112148745239843,1.52674781200162
physics,Coercivity (Oe),1085,2,3.529045170765769,3.0583580134556714,1.52674781200162
physics,Coercivity (Oe),1086,2,3.5656117249020585,3.0583580134556714,1.52674781200162
physics,Coercivity (Oe),1087,2,3.6586790285824486,3.0583580134556714,1.52674781200162
physics,Coercivity (Oe),1088,2,3.5413295776666938,3.0583580134556714,1.52674781200162
physics,Coercivity (Oe),1089,2,3.545430829465351,3.0583580134556714,1.52674781200162
physics,Coercivity (Oe),1090,2,3.578295305120826,3.0583580134556714,1.52674781200162
physics,Coercivity (Oe),1094,66,1.8933178116161118,1.5996688292373493,1.52674781200162
physics,Coercivity (Oe),1095,66,1.5560611590095326,1.5996688292373493,1.52674781200162
physics,Coercivity (Oe),1096,657,3.4430438286483405,3.123737571839637,1.52674781200162
physics,Coercivity (Oe),1097,706,3.4579575512036382,3.267576511134222,1.52674781200162
physics,Coercivity (Oe),1099,708,3.484484909031941,3.3006175561156357,1.52674781200162
physics,Coercivity (Oe),1103,712,3.7141066863794343,3.573942880520381,1.52674781200162
physics,Coercivity (Oe),1104,3,4.501059262217751,3.9990098723958014,1.52674781200162
physics,Coercivity (Oe),1106,657,3.5055569386638217,3.123737571839637,1.52674781200162
physics,Coercivity (Oe),1107,2,3.217220655644519,3.0583580134556714,1.52674781200162
physics,Coercivity (Oe),1108,66,2.3010299956639813,1.5996688292373493,1.52674781200162
physics,Coercivity (Oe),1134,734,-0.8860566476931632,2.8484415604467186,1.52674781200162
physics,Coercivity (Oe),1135,30,1.6720978579357175,1.7505790003464285,1.52674781200162
physics,Coercivity (Oe),1136,30,0.9030899869919435,1.7505790003464285,1.52674781200162
physics,Coercivity (Oe),1140,30,1.2041199826559248,1.7505790003464285,1.52674781200162
physics,Coercivity (Oe),1141,737,2.332034277027518,1.996204625951414,1.52674781200162
physics,Coercivity (Oe),1150,740,-1.3010299956639813,-1.073236147435957,1.52674781200162
physics,Coercivity (Oe),1151,741,-1.154901959985743,-1.0671584061913497,1.52674781200162
physics,Coercivity (Oe),1153,743,-0.6575773191777937,-0.7182881601353627,1.52674781200162
physics,Coercivity (Oe),1166,753,-1.0457574905606752,-0.5376747737756428,1.52674781200162
physics,Coercivity (Oe),1167,665,1.6989700043360187,1.920292585798663,1.52674781200162
physics,Coercivity (Oe),1168,754,1.286456469746983,1.5049118950126883,1.52674781200162
physics,Coercivity (Oe),1171,756,1.2430380486862944,1.8687605861316794,1.52674781200162
physics,Coercivity (Oe),1175,759,2.2695129442179165,2.1974063034106943,1.52674781200162
physics,Coercivity (Oe),1179,761,2.0941215958405612,2.577019448221002,1.52674781200162
physics,Coercivity (Oe),1185,695,-1.6989700043360187,-0.44112148745239843,1.52674781200162
physics,Coercivity (Oe),1206,777,1.0021660617565078,2.6921770773579943,1.52674781200162
physics,Coercivity (Oe),1212,781,2.161368002234975,2.1399919879550255,1.52674781200162
physics,Coercivity (Oe),1214,782,2.8721562727482928,2.7942295226456264,1.52674781200162
physics,Coercivity (Oe),1216,2,3.7363965022766426,3.0583580134556714,1.52674781200162
physics,Coercivity (Oe),1217,783,2.798180883926343,4.121879843104137,1.52674781200162
physics,Coercivity (Oe),1231,789,2.060697840353612,2.600497509602674,1.52674781200162
physics,Coercivity (Oe),1232,790,2.4771212547196626,3.416641528460885,1.52674781200162
physics,Coercivity (Oe),1233,790,2.578639209968072,3.416641528460885,1.52674781200162
physics,Coercivity (Oe),1234,790,2.575187844927661,3.416641528460885,1.52674781200162
physics,Coercivity (Oe),1235,790,2.4913616938342726,3.416641528460885,1.52674781200162
physics,Coercivity (Oe),1237,792,1.2041199826559248,2.2985266876225796,1.52674781200162
physics,Coercivity (Oe),1238,120,3.4927603890268375,3.332201321547304,1.52674781200162
physics,Coercivity (Oe),1242,790,2.7007037171450192,3.416641528460885,1.52674781200162
physics,Coercivity (Oe),1247,798,0.7403626894942439,0.8465387282819936,1.52674781200162
physics,Coercivity (Oe),1248,798,0.6989700043360189,0.8465387282819936,1.52674781200162
physics,Coercivity (Oe),1250,30,2.5385486002970885,1.7505790003464285,1.52674781200162
physics,Coercivity (Oe),1257,801,0.00860017176191757,3.6118247377787815,1.52674781200162
physics,Coercivity (Oe),1260,790,2.361727836017593,3.416641528460885,1.52674781200162
physics,Coercivity (Oe),1261,790,1.954242509439325,3.416641528460885,1.52674781200162
physics,Coercivity (Oe),1269,120,3.8195439355418688,3.332201321547304,1.52674781200162
physics,Coercivity (Oe),1270,120,3.690196080028514,3.332201321547304,1.52674781200162
physics,Coercivity (Oe),1273,809,1.6532125137753437,3.0555449274963724,1.52674781200162
physics,Coercivity (Oe),1275,810,1.6989700043360187,2.096526699842503,1.52674781200162
physics,Coercivity (Oe),1291,44,1.6532125137753437,2.0764626581724017,1.52674781200162
physics,Coercivity (Oe),1294,816,3.5185139398778875,2.8715281522133416,1.52674781200162
physics,Coercivity (Oe),1295,816,3.6334684555795866,2.8715281522133416,1.52674781200162
physics,Coercivity (Oe),1306,792,1.0791812460476249,2.2985266876225796,1.52674781200162
physics,Coercivity (Oe),1307,792,1.1139433523068367,2.2985266876225796,1.52674781200162
physics,Coercivity (Oe),1309,824,0.9800033715837464,2.203093610895938,1.52674781200162
physics,Coercivity (Oe),1324,792,2.3010299956639813,2.2985266876225796,1.52674781200162
physics,Coercivity (Oe),1327,44,3.591064607026499,2.0764626581724017,1.52674781200162
physics,Coercivity (Oe),1342,841,1.7403626894942439,2.075868088555915,1.52674781200162
physics,Coercivity (Oe),1349,845,0.0,3.226364127639694,1.52674781200162
physics,Coercivity (Oe),1351,789,1.4771212547196624,2.600497509602674,1.52674781200162
physics,Coercivity (Oe),1354,665,2.4771212547196626,1.920292585798663,1.52674781200162
physics,Coercivity (Oe),1372,665,2.4771212547196626,1.920292585798663,1.52674781200162
physics,Coercivity (Oe),1375,790,2.146128035678238,3.416641528460885,1.52674781200162
physics,Coercivity (Oe),1379,792,1.0,2.2985266876225796,1.52674781200162
physics,Coercivity (Oe),1383,628,1.3010299956639813,1.4375377803553901,1.52674781200162
physics,Coercivity (Oe),1384,867,1.3010299956639813,1.315962377871978,1.52674781200162
physics,Coercivity (Oe),1386,869,1.3010299956639813,1.3761437775767933,1.52674781200162
physics,Coercivity (Oe),1393,872,3.2041199826559246,3.7331364404612253,1.52674781200162
physics,Coercivity (Oe),1394,665,0.49692964807321494,1.920292585798663,1.52674781200162
physics,Coercivity (Oe),1396,873,3.3010299956639813,2.156612574060074,1.52674781200162
physics,Coercivity (Oe),1400,875,3.6989700043360187,2.1574258147655145,1.52674781200162
physics,Coercivity (Oe),1405,879,3.230448921378274,2.357130050141416,1.52674781200162
physics,Coercivity (Oe),1407,810,2.6989700043360187,2.096526699842503,1.52674781200162
physics,Coercivity (Oe),1408,875,3.0,2.1574258147655145,1.52674781200162
physics,Coercivity (Oe),1409,875,2.3010299956639813,2.1574258147655145,1.52674781200162
physics,Coercivity (Oe),1419,886,0.9444826721501687,1.6109364445461973,1.52674781200162
physics,Coercivity (Oe),1420,887,1.1760912590556813,2.499295104631891,1.52674781200162
physics,Coercivity (Oe),1428,810,1.6989700043360187,2.096526699842503,1.52674781200162
physics,Coercivity (Oe),1429,895,2.6989700043360187,2.237669946013538,1.52674781200162
physics,Coercivity (Oe),1430,896,3.4313637641589874,2.8836620732055316,1.52674781200162
physics,Coercivity (Oe),1432,845,2.0,3.226364127639694,1.52674781200162
physics,Coercivity (Oe),1437,900,3.5477747053878224,3.2666131473330844,1.52674781200162
physics,Coercivity (Oe),1442,904,3.6334684555795866,2.6394765891206435,1.52674781200162
physics,Coercivity (Oe),1459,916,3.0,1.5079240600186126,1.52674781200162
physics,Coercivity (Oe),1476,925,4.41161970596323,3.6101868969095077,1.52674781200162
physics,Coercivity (Oe),1503,44,2.1367205671564067,2.0764626581724017,1.52674781200162
physics,Coercivity (Oe),1505,946,2.7075701760979363,3.1641011838027393,1.52674781200162
physics,Coercivity (Oe),1507,948,3.3891660843645326,2.99348875547164,1.52674781200162
physics,Coercivity (Oe),1515,952,2.8260748027008264,1.9380777985815705,1.52674781200162
physics,Coercivity (Oe),1518,954,-1.154901959985743,-0.4916303462567358,1.52674781200162
physics,Coercivity (Oe),1531,960,2.4771212547196626,2.580124806865703,1.52674781200162
physics,Coercivity (Oe),1539,964,2.598790506763115,2.1463800771586,1.52674781200162
physics,Coercivity (Oe),1542,967,4.632457292184724,3.752387443485152,1.52674781200162
physics,Coercivity (Oe),1550,974,2.380211241711606,1.5098617912850962,1.52674781200162
physics,Coercivity (Oe),1552,976,0.36172783601759284,2.7750882795075444,1.52674781200162
physics,Coercivity (Oe),1555,845,1.5563025007672873,3.226364127639694,1.52674781200162
physics,Coercivity (Oe),1556,845,1.99563519459755,3.226364127639694,1.52674781200162
physics,Coercivity (Oe),1557,845,2.290034611362518,3.226364127639694,1.52674781200162
physics,Coercivity (Oe),1558,845,2.4471580313422194,3.226364127639694,1.52674781200162
physics,Coercivity (Oe),1559,978,2.6127838567197355,2.674721936452637,1.52674781200162
physics,Coercivity (Oe),1567,981,2.57978359661681,3.166077274192212,1.52674781200162
physics,Coercivity (Oe),1572,120,4.204119982655925,3.332201321547304,1.52674781200162
physics,Coercivity (Oe),1580,792,2.0,2.2985266876225796,1.52674781200162
physics,Coercivity (Oe),1605,485,3.886490725172482,2.77342926555826,1.52674781200162
physics,Coercivity (Oe),1606,485,4.008600171761918,2.77342926555826,1.52674781200162
physics,Coercivity (Oe),1607,845,2.5563025007672873,3.226364127639694,1.52674781200162
physics,Coercivity (Oe),1608,1002,2.255272505103306,3.0195517908668994,1.52674781200162
physics,Coercivity (Oe),1634,790,1.845098040014257,3.416641528460885,1.52674781200162
physics,Coercivity (Oe),1635,810,2.0,2.096526699842503,1.52674781200162
physics,Coercivity (Oe),1636,810,2.4771212547196626,2.096526699842503,1.52674781200162
physics,Coercivity (Oe),1640,506,1.6720978579357175,2.503536525881837,1.52674781200162
physics,Coercivity (Oe),1642,960,2.5440680443502757,2.580124806865703,1.52674781200162
physics,Coercivity (Oe),1646,1016,2.6989700043360187,2.689417967510003,1.52674781200162
physics,Coercivity (Oe),1649,44,3.681241237375587,2.0764626581724017,1.52674781200162
physics,Coercivity (Oe),1655,789,2.342422680822206,2.600497509602674,1.52674781200162
physics,Coercivity (Oe),1656,790,1.1760912590556813,3.416641528460885,1.52674781200162
physics,Coercivity (Oe),1661,1023,2.053462604925455,2.1678734048214716,1.52674781200162
physics,Coercivity (Oe),1669,1028,3.3979400086720375,2.624634340813644,1.52674781200162
physics,Coercivity (Oe),1674,665,1.9661417327390327,1.920292585798663,1.52674781200162
physics,Coercivity (Oe),1675,665,2.337459261290656,1.920292585798663,1.52674781200162
physics,Coercivity (Oe),1676,1032,2.255272505103306,2.2716747925086658,1.52674781200162
physics,Coercivity (Oe),1682,1035,2.1760912590556813,2.1418423351664337,1.52674781200162
physics,Coercivity (Oe),1685,790,1.845098040014257,3.416641528460885,1.52674781200162
physics,Coercivity (Oe),1686,790,2.146128035678238,3.416641528460885,1.52674781200162
physics,Coercivity (Oe),1720,485,3.7323937598229686,2.77342926555826,1.52674781200162
physics,Coercivity (Oe),1721,1052,3.8129133566428557,1.7270718822970101,1.52674781200162
physics,Coercivity (Oe),1723,789,1.8750612633917,2.600497509602674,1.52674781200162
physics,Coercivity (Oe),1724,1054,2.5440680443502757,1.9858463445141983,1.52674781200162
physics,Coercivity (Oe),1729,44,3.3010299956639813,2.0764626581724017,1.52674781200162
physics,Coercivity (Oe),1730,44,3.4771212547196626,2.0764626581724017,1.52674781200162
physics,Coercivity (Oe),1735,1057,2.5563025007672873,2.978249827314493,1.52674781200162
combined,Curie(TC) (K),4,2,723.0,725.7477154761895,241.7372525999893
combined,Curie(TC) (K),5,3,743.0,746.043666666663,241.7372525999893
combined,Curie(TC) (K),6,3,743.0,746.043666666663,241.7372525999893
combined,Curie(TC) (K),16,10,561.0,452.2104619047617,241.7372525999893
combined,Curie(TC) (K),18,12,647.15,663.1095416666633,241.7372525999893
combined,Curie(TC) (K),32,23,562.15,562.7937820512792,241.7372525999893
combined,Curie(TC) (K),34,25,566.15,556.9613333333302,241.7372525999893
combined,Curie(TC) (K),39,30,473.0,513.449798148147,241.7372525999893
combined,Curie(TC) (K),40,31,465.15,564.8091489621484,241.7372525999893
combined,Curie(TC) (K),49,39,700.0,682.7680130952357,241.7372525999893
combined,Curie(TC) (K),55,44,598.15,1234.1383389550297,241.7372525999893
combined,Curie(TC) (K),61,49,612.1,645.8805648809513,241.7372525999893
combined,Curie(TC) (K),62,49,706.8,645.8805648809513,241.7372525999893
combined,Curie(TC) (K),63,49,717.4,645.8805648809513,241.7372525999893
combined,Curie(TC) (K),71,54,798.15,751.7044370370345,241.7372525999893
combined,Curie(TC) (K),72,55,690.0,697.0959959595941,241.7372525999893
combined,Curie(TC) (K),75,58,605.0,554.5304166666662,241.7372525999893
combined,Curie(TC) (K),76,59,580.0,556.0505277777776,241.7372525999893
combined,Curie(TC) (K),81,63,643.0,526.9255694444429,241.7372525999893
combined,Curie(TC) (K),85,2,725.0,725.7477154761895,241.7372525999893
combined,Curie(TC) (K),86,66,710.0,607.435933333332,241.7372525999893
combined,Curie(TC) (K),87,67,436.0,511.60343333333293,241.7372525999893
combined,Curie(TC) (K),90,70,697.15,689.0064444444429,241.7372525999893
combined,Curie(TC) (K),92,72,653.15,666.2907765873011,241.7372525999893
combined,Curie(TC) (K),96,76,22.0,504.82252738095207,241.7372525999893
combined,Curie(TC) (K),98,78,497.15,466.85203055555513,241.7372525999893
combined,Curie(TC) (K),99,3,743.15,746.043666666663,241.7372525999893
combined,Curie(TC) (K),107,83,509.15,471.9110463601532,241.7372525999893
combined,Curie(TC) (K),108,3,749.15,746.043666666663,241.7372525999893
combined,Curie(TC) (K),111,86,622.75,619.4166666666666,241.7372525999893
combined,Curie(TC) (K),113,88,607.65,603.1052777777778,241.7372525999893
combined,Curie(TC) (K),127,96,740.0,510.1402261904757,241.7372525999893
combined,Curie(TC) (K),132,3,747.15,746.043666666663,241.7372525999893
combined,Curie(TC) (K),133,100,525.0,580.461516666665,241.7372525999893
combined,Curie(TC) (K),135,101,1173.0,824.0784166666656,241.7372525999893
combined,Curie(TC) (K),144,101,1123.15,824.0784166666656,241.7372525999893
combined,Curie(TC) (K),145,106,540.0,574.6403333333315,241.7372525999893
combined,Curie(TC) (K),146,107,409.1,465.7512777777776,241.7372525999893
combined,Curie(TC) (K),148,109,476.0,529.2861666666654,241.7372525999893
combined,Curie(TC) (K),152,3,740.0,746.043666666663,241.7372525999893
combined,Curie(TC) (K),154,113,473.15,526.5018949735446,241.7372525999893
combined,Curie(TC) (K),162,120,618.15,452.4391833333329,241.7372525999893
combined,Curie(TC) (K),168,44,849.15,1234.1383389550297,241.7372525999893
combined,Curie(TC) (K),186,136,695.0,642.8793666666674,241.7372525999893
combined,Curie(TC) (K),190,139,443.15,453.48338888888634,241.7372525999893
combined,Curie(TC) (K),192,139,448.15,453.48338888888634,241.7372525999893
combined,Curie(TC) (K),193,120,633.0,452.4391833333329,241.7372525999893
combined,Curie(TC) (K),194,141,585.15,493.57300873015754,241.7372525999893
combined,Curie(TC) (K),209,3,723.15,746.043666666663,241.7372525999893
combined,Curie(TC) (K),213,158,695.0,709.1809999999996,241.7372525999893
combined,Curie(TC) (K),217,120,630.0,452.4391833333329,241.7372525999893
combined,Curie(TC) (K),218,3,743.15,746.043666666663,241.7372525999893
combined,Curie(TC) (K),228,168,1130.0,488.05786388888896,241.7372525999893
combined,Curie(TC) (K),233,101,1150.0,824.0784166666656,241.7372525999893
combined,Curie(TC) (K),236,174,980.0,686.3055314814812,241.7372525999893
combined,Curie(TC) (K),243,178,695.0,736.352115591397,241.7372525999893
combined,Curie(TC) (K),254,2,996.15,725.7477154761895,241.7372525999893
combined,Curie(TC) (K),255,2,996.15,725.7477154761895,241.7372525999893
combined,Curie(TC) (K),256,2,996.15,725.7477154761895,241.7372525999893
combined,Curie(TC) (K),257,2,996.15,725.7477154761895,241.7372525999893
combined,Curie(TC) (K),258,2,996.15,725.7477154761895,241.7372525999893
combined,Curie(TC) (K),259,2,996.15,725.7477154761895,241.7372525999893
combined,Curie(TC) (K),264,184,773.15,744.6681878306856,241.7372525999893
combined,Curie(TC) (K),265,66,773.15,607.435933333332,241.7372525999893
combined,Curie(TC) (K),275,192,750.0,747.9301666666629,241.7372525999893
combined,Curie(TC) (K),285,120,630.0,452.4391833333329,241.7372525999893
combined,Curie(TC) (K),289,198,584.15,564.3566666666655,241.7372525999893
combined,Curie(TC) (K),290,199,560.0,566.8556666666666,241.7372525999893
combined,Curie(TC) (K),299,208,723.15,819.6512393518493,241.7372525999893
combined,Curie(TC) (K),301,210,603.15,535.4426410256395,241.7372525999893
combined,Curie(TC) (K),302,3,1073.0,746.043666666663,241.7372525999893
combined,Curie(TC) (K),306,213,732.0,727.0576883597874,241.7372525999893
combined,Curie(TC) (K),308,215,650.0,616.5273130952374,241.7372525999893
combined,Curie(TC) (K),311,218,650.0,650.0219999999999,241.7372525999893
combined,Curie(TC) (K),341,237,750.15,755.720166666664,241.7372525999893
combined,Curie(TC) (K),348,3,748.15,746.043666666663,241.7372525999893
combined,Curie(TC) (K),355,244,708.15,694.966166666663,241.7372525999893
combined,Curie(TC) (K),358,247,605.0,688.9233788766769,241.7372525999893
combined,Curie(TC) (K),359,247,765.0,688.9233788766769,241.7372525999893
combined,Curie(TC) (K),370,256,546.0,571.420957264956,241.7372525999893
combined,Curie(TC) (K),374,260,518.0,521.1750576923074,241.7372525999893
combined,Curie(TC) (K),392,273,887.9,587.0781666666641,241.7372525999893
combined,Curie(TC) (K),393,2,723.15,725.7477154761895,241.7372525999893
combined,Curie(TC) (K),395,275,704.15,668.8188333333302,241.7372525999893
combined,Curie(TC) (K),397,277,625.15,635.2147407407377,241.7372525999893
combined,Curie(TC) (K),400,280,587.15,624.9441666666662,241.7372525999893
combined,Curie(TC) (K),411,286,750.15,648.1877916666649,241.7372525999893
combined,Curie(TC) (K),414,289,717.0,596.7816479885046,241.7372525999893
combined,Curie(TC) (K),419,294,350.0,502.6879999999996,241.7372525999893
combined,Curie(TC) (K),421,296,480.0,475.7788333333333,241.7372525999893
combined,Curie(TC) (K),437,306,1178.15,919.9534584175054,241.7372525999893
combined,Curie(TC) (K),439,307,723.0,710.8991090038297,241.7372525999893
combined,Curie(TC) (K),440,307,723.0,710.8991090038297,241.7372525999893
combined,Curie(TC) (K),441,307,723.0,710.8991090038297,241.7372525999893
combined,Curie(TC) (K),442,307,723.0,710.8991090038297,241.7372525999893
combined,Curie(TC) (K),444,3,750.15,746.043666666663,241.7372525999893
combined,Curie(TC) (K),445,308,573.15,601.3545666666669,241.7372525999893
combined,Curie(TC) (K),446,309,573.15,623.0444583333344,241.7372525999893
combined,Curie(TC) (K),447,120,628.0,452.4391833333329,241.7372525999893
combined,Curie(TC) (K),457,318,492.47,523.8280888888876,241.7372525999893
combined,Curie(TC) (K),458,319,466.56,572.2026263888876,241.7372525999893
combined,Curie(TC) (K),468,323,758.0,657.7479933976446,241.7372525999893
combined,Curie(TC) (K),474,327,541.15,594.5452264957255,241.7372525999893
combined,Curie(TC) (K),475,328,610.15,616.3148438034176,241.7372525999893
combined,Curie(TC) (K),476,215,650.15,616.5273130952374,241.7372525999893
combined,Curie(TC) (K),480,331,637.15,625.8602564102558,241.7372525999893
combined,Curie(TC) (K),481,332,608.15,620.4879999999989,241.7372525999893
combined,Curie(TC) (K),484,120,633.15,452.4391833333329,241.7372525999893
combined,Curie(TC) (K),485,333,595.0,563.1516111111106,241.7372525999893
combined,Curie(TC) (K),486,120,530.0,452.4391833333329,241.7372525999893
combined,Curie(TC) (K),487,334,625.0,566.6663694444449,241.7372525999893
combined,Curie(TC) (K),496,120,530.15,452.4391833333329,241.7372525999893
combined,Curie(TC) (K),502,346,240.0,396.25627037037026,241.7372525999893
combined,Curie(TC) (K),506,350,255.0,243.5698111111111,241.7372525999893
combined,Curie(TC) (K),507,351,658.0,658.622499999997,241.7372525999893
combined,Curie(TC) (K),508,352,663.0,669.8708333333304,241.7372525999893
combined,Curie(TC) (K),509,2,728.0,725.7477154761895,241.7372525999893
combined,Curie(TC) (K),514,355,304.3,475.4447888888889,241.7372525999893
combined,Curie(TC) (K),515,355,318.9,475.4447888888889,241.7372525999893
combined,Curie(TC) (K),516,355,357.6,475.4447888888889,241.7372525999893
combined,Curie(TC) (K),517,355,359.3,475.4447888888889,241.7372525999893
combined,Curie(TC) (K),524,359,933.15,773.765242592592,241.7372525999893
combined,Curie(TC) (K),529,362,915.0,897.6543333333333,241.7372525999893
combined,Curie(TC) (K),533,365,480.0,629.6374999999999,241.7372525999893
combined,Curie(TC) (K),538,370,488.0,587.0412833333311,241.7372525999893
combined,Curie(TC) (K),539,371,548.0,583.2895999999978,241.7372525999893
combined,Curie(TC) (K),556,381,744.15,705.9937731481455,241.7372525999893
combined,Curie(TC) (K),563,388,576.15,578.3429999999971,241.7372525999893
combined,Curie(TC) (K),581,30,473.15,513.449798148147,241.7372525999893
combined,Curie(TC) (K),583,398,793.0,779.8597580645155,241.7372525999893
combined,Curie(TC) (K),591,404,568.15,633.091349999997,241.7372525999893
combined,Curie(TC) (K),592,405,370.0,700.5884759259258,241.7372525999893
combined,Curie(TC) (K),597,408,781.15,742.60615833333,241.7372525999893
combined,Curie(TC) (K),598,409,780.15,763.0933333333295,241.7372525999893
combined,Curie(TC) (K),600,411,772.15,769.1367777777741,241.7372525999893
combined,Curie(TC) (K),627,425,516.0,509.04716666666667,241.7372525999893
combined,Curie(TC) (K),632,428,766.27,739.8543119047615,241.7372525999893
combined,Curie(TC) (K),636,429,731.0,595.9212416666654,241.7372525999893
combined,Curie(TC) (K),637,430,783.0,395.0786314814815,241.7372525999893
combined,Curie(TC) (K),638,430,718.0,395.0786314814815,241.7372525999893
combined,Curie(TC) (K),645,436,583.15,422.8624333333331,241.7372525999893
combined,Curie(TC) (K),654,440,743.15,747.3723333333296,241.7372525999893
combined,Curie(TC) (K),658,442,793.0,730.4891666666666,241.7372525999893
combined,Curie(TC) (K),663,447,589.15,665.7408632478619,241.7372525999893
combined,Curie(TC) (K),671,449,12.0,150.34218888888896,241.7372525999893
combined,Curie(TC) (K),675,451,500.0,473.32479583333236,241.7372525999893
combined,Curie(TC) (K),681,457,423.0,415.3061666666667,241.7372525999893
combined,Curie(TC) (K),687,3,748.0,746.043666666663,241.7372525999893
combined,Curie(TC) (K),688,428,735.0,739.8543119047615,241.7372525999893
combined,Curie(TC) (K),691,465,39.0,101.90265185185153,241.7372525999893
combined,Curie(TC) (K),693,467,1199.0,1183.9751666666666,241.7372525999893
combined,Curie(TC) (K),705,477,666.0,670.0090740740737,241.7372525999893
combined,Curie(TC) (K),710,481,678.15,589.0322943761736,241.7372525999893
combined,Curie(TC) (K),712,482,662.15,524.9427518518515,241.7372525999893
combined,Curie(TC) (K),713,30,640.15,513.449798148147,241.7372525999893
combined,Curie(TC) (K),721,485,225.0,229.37366666666668,241.7372525999893
combined,Curie(TC) (K),730,3,750.0,746.043666666663,241.7372525999893
combined,Curie(TC) (K),739,2,741.18,725.7477154761895,241.7372525999893
combined,Curie(TC) (K),744,499,773.0,647.8829150089597,241.7372525999893
combined,Curie(TC) (K),745,499,773.0,647.8829150089597,241.7372525999893
combined,Curie(TC) (K),746,499,773.0,647.8829150089597,241.7372525999893
combined,Curie(TC) (K),747,499,773.0,647.8829150089597,241.7372525999893
combined,Curie(TC) (K),748,499,773.0,647.8829150089597,241.7372525999893
combined,Curie(TC) (K),751,501,491.0,495.35769999999997,241.7372525999893
combined,Curie(TC) (K),754,504,474.0,478.67516666666654,241.7372525999893
combined,Curie(TC) (K),757,506,396.0,193.44264444444443,241.7372525999893
combined,Curie(TC) (K),758,507,329.0,184.3326111111111,241.7372525999893
combined,Curie(TC) (K),769,518,710.0,611.4383174603171,241.7372525999893
combined,Curie(TC) (K),775,522,470.0,420.1657222222217,241.7372525999893
combined,Curie(TC) (K),781,528,630.0,590.2629999999997,241.7372525999893
combined,Curie(TC) (K),782,529,630.0,609.1288333333333,241.7372525999893
combined,Curie(TC) (K),789,536,288.0,289.7876666666666,241.7372525999893
combined,Curie(TC) (K),802,543,510.15,555.3578333333309,241.7372525999893
combined,Curie(TC) (K),814,549,601.0,596.4384999999997,241.7372525999893
combined,Curie(TC) (K),817,551,816.5,646.4524339904402,241.7372525999893
combined,Curie(TC) (K),822,307,728.15,710.8991090038297,241.7372525999893
combined,Curie(TC) (K),823,307,729.15,710.8991090038297,241.7372525999893
combined,Curie(TC) (K),824,307,728.15,710.8991090038297,241.7372525999893
combined,Curie(TC) (K),825,307,727.15,710.8991090038297,241.7372525999893
combined,Curie(TC) (K),826,307,725.15,710.8991090038297,241.7372525999893
combined,Curie(TC) (K),827,307,724.15,710.8991090038297,241.7372525999893
combined,Curie(TC) (K),830,554,695.0,685.1708445724513,241.7372525999893
combined,Curie(TC) (K),847,557,518.15,552.4739273809514,241.7372525999893
combined,Curie(TC) (K),848,557,518.15,552.4739273809514,241.7372525999893
combined,Curie(TC) (K),849,558,589.15,119.79882222222227,241.7372525999893
combined,Curie(TC) (K),872,572,580.0,697.9132787240527,241.7372525999893
combined,Curie(TC) (K),876,2,540.0,725.7477154761895,241.7372525999893
combined,Curie(TC) (K),877,575,622.15,639.6634076923059,241.7372525999893
combined,Curie(TC) (K),878,576,671.15,625.8602499999987,241.7372525999893
combined,Curie(TC) (K),884,578,373.0,660.2142333333328,241.7372525999893
combined,Curie(TC) (K),890,583,956.0,901.6866111111109,241.7372525999893
combined,Curie(TC) (K),898,589,373.0,477.22241764592917,241.7372525999893
combined,Curie(TC) (K),899,590,664.0,620.8376666666654,241.7372525999893
combined,Curie(TC) (K),901,3,746.0,746.043666666663,241.7372525999893
combined,Curie(TC) (K),904,594,563.0,732.5358166666653,241.7372525999893
combined,Curie(TC) (K),951,30,790.0,513.449798148147,241.7372525999893
combined,Curie(TC) (K),952,30,790.0,513.449798148147,241.7372525999893
combined,Curie(TC) (K),953,30,790.0,513.449798148147,241.7372525999893
combined,Curie(TC) (K),954,30,790.0,513.449798148147,241.7372525999893
combined,Curie(TC) (K),955,30,790.0,513.449798148147,241.7372525999893
combined,Curie(TC) (K),960,626,770.0,586.7976587962951,241.7372525999893
combined,Curie(TC) (K),962,628,1060.0,949.060383964647,241.7372525999893
combined,Curie(TC) (K),986,3,748.15,746.043666666663,241.7372525999893
combined,Curie(TC) (K),990,649,745.15,581.9777083333311,241.7372525999893
combined,Curie(TC) (K),991,649,748.15,581.9777083333311,241.7372525999893
combined,Curie(TC) (K),992,649,748.15,581.9777083333311,241.7372525999893
combined,Curie(TC) (K),993,650,556.15,556.3184255952372,241.7372525999893
combined,Curie(TC) (K),996,652,541.55,537.9910955026443,241.7372525999893
combined,Curie(TC) (K),1001,657,892.15,761.1550749999986,241.7372525999893
combined,Curie(TC) (K),1006,662,796.15,754.8978657407374,241.7372525999893
combined,Curie(TC) (K),1013,665,375.0,313.4615111111125,241.7372525999893
combined,Curie(TC) (K),1019,667,1126.0,1114.2391000000002,241.7372525999893
combined,Curie(TC) (K),1022,113,723.15,526.5018949735446,241.7372525999893
combined,Curie(TC) (K),1031,44,583.15,1234.1383389550297,241.7372525999893
combined,Curie(TC) (K),1037,675,793.0,666.7801691798936,241.7372525999893
combined,Curie(TC) (K),1038,675,793.0,666.7801691798936,241.7372525999893
combined,Curie(TC) (K),1043,679,723.15,687.424924074071,241.7372525999893
combined,Curie(TC) (K),1046,682,506.15,516.470208333332,241.7372525999893
combined,Curie(TC) (K),1052,684,691.0,652.261666666666,241.7372525999893
combined,Curie(TC) (K),1056,688,160.0,177.32855555555554,241.7372525999893
combined,Curie(TC) (K),1060,692,538.15,385.5594722222219,241.7372525999893
combined,Curie(TC) (K),1067,695,693.15,876.6796944444411,241.7372525999893
combined,Curie(TC) (K),1085,2,724.0,725.7477154761895,241.7372525999893
combined,Curie(TC) (K),1086,2,689.0,725.7477154761895,241.7372525999893
combined,Curie(TC) (K),1087,2,667.0,725.7477154761895,241.7372525999893
combined,Curie(TC) (K),1088,2,645.0,725.7477154761895,241.7372525999893
combined,Curie(TC) (K),1089,2,625.0,725.7477154761895,241.7372525999893
combined,Curie(TC) (K),1090,2,606.0,725.7477154761895,241.7372525999893
combined,Curie(TC) (K),1094,66,673.15,607.435933333332,241.7372525999893
combined,Curie(TC) (K),1095,66,673.15,607.435933333332,241.7372525999893
combined,Curie(TC) (K),1096,657,730.0,761.1550749999986,241.7372525999893
combined,Curie(TC) (K),1097,706,700.0,710.6339999999993,241.7372525999893
combined,Curie(TC) (K),1099,708,655.0,658.7613333333334,241.7372525999893
combined,Curie(TC) (K),1103,712,436.0,497.9932666666661,241.7372525999893
combined,Curie(TC) (K),1104,3,749.0,746.043666666663,241.7372525999893
combined,Curie(TC) (K),1106,657,722.15,761.1550749999986,241.7372525999893
combined,Curie(TC) (K),1107,2,725.0,725.7477154761895,241.7372525999893
combined,Curie(TC) (K),1108,66,728.0,607.435933333332,241.7372525999893
combined,Curie(TC) (K),1134,734,687.15,644.4607066091957,241.7372525999893
combined,Curie(TC) (K),1135,30,798.15,513.449798148147,241.7372525999893
combined,Curie(TC) (K),1136,30,708.15,513.449798148147,241.7372525999893
combined,Curie(TC) (K),1140,30,450.0,513.449798148147,241.7372525999893
combined,Curie(TC) (K),1141,737,745.05,603.6352874999994,241.7372525999893
combined,Curie(TC) (K),1150,740,621.0,614.479666666666,241.7372525999893
combined,Curie(TC) (K),1151,741,609.0,596.3638333333324,241.7372525999893
combined,Curie(TC) (K),1153,743,565.0,579.2772499999996,241.7372525999893
combined,Curie(TC) (K),1166,753,523.0,553.832249999999,241.7372525999893
combined,Curie(TC) (K),1167,665,370.0,313.4615111111125,241.7372525999893
combined,Curie(TC) (K),1168,754,332.0,256.67980000000017,241.7372525999893
combined,Curie(TC) (K),1171,756,400.0,550.9994722222207,241.7372525999893
combined,Curie(TC) (K),1175,759,428.0,430.01716666666664,241.7372525999893
combined,Curie(TC) (K),1179,761,822.0,801.6048888888884,241.7372525999893
combined,Curie(TC) (K),1185,695,683.0,876.6796944444411,241.7372525999893
combined,Curie(TC) (K),1206,777,365.0,388.56970079365067,241.7372525999893
combined,Curie(TC) (K),1212,781,300.0,268.6913351851851,241.7372525999893
combined,Curie(TC) (K),1214,782,710.0,607.0506944444429,241.7372525999893
combined,Curie(TC) (K),1216,2,730.0,725.7477154761895,241.7372525999893
combined,Curie(TC) (K),1217,783,363.0,988.1681736111108,241.7372525999893
combined,Curie(TC) (K),1231,789,64.0,149.95718888888894,241.7372525999893
combined,Curie(TC) (K),1232,790,370.0,605.3360320881212,241.7372525999893
combined,Curie(TC) (K),1233,790,370.0,605.3360320881212,241.7372525999893
combined,Curie(TC) (K),1234,790,370.0,605.3360320881212,241.7372525999893
combined,Curie(TC) (K),1235,790,370.0,605.3360320881212,241.7372525999893
combined,Curie(TC) (K),1237,792,767.0,627.6078611111109,241.7372525999893
combined,Curie(TC) (K),1238,120,633.0,452.4391833333329,241.7372525999893
combined,Curie(TC) (K),1242,790,123.0,605.3360320881212,241.7372525999893
combined,Curie(TC) (K),1247,798,658.15,612.6907210317446,241.7372525999893
combined,Curie(TC) (K),1248,798,658.15,612.6907210317446,241.7372525999893
combined,Curie(TC) (K),1250,30,350.0,513.449798148147,241.7372525999893
combined,Curie(TC) (K),1257,801,620.0,618.7041646464635,241.7372525999893
combined,Curie(TC) (K),1260,790,360.0,605.3360320881212,241.7372525999893
combined,Curie(TC) (K),1261,790,360.0,605.3360320881212,241.7372525999893
combined,Curie(TC) (K),1269,120,628.0,452.4391833333329,241.7372525999893
combined,Curie(TC) (K),1270,120,628.0,452.4391833333329,241.7372525999893
combined,Curie(TC) (K),1273,809,780.0,435.5366999999994,241.7372525999893
combined,Curie(TC) (K),1275,810,215.0,213.77477777777796,241.7372525999893
combined,Curie(TC) (K),1291,44,175.0,1234.1383389550297,241.7372525999893
combined,Curie(TC) (K),1294,816,423.15,543.6435111111101,241.7372525999893
combined,Curie(TC) (K),1295,816,423.15,543.6435111111101,241.7372525999893
combined,Curie(TC) (K),1306,792,761.0,627.6078611111109,241.7372525999893
combined,Curie(TC) (K),1307,792,761.0,627.6078611111109,241.7372525999893
combined,Curie(TC) (K),1309,824,400.0,545.7566666666667,241.7372525999893
combined,Curie(TC) (K),1324,792,763.15,627.6078611111109,241.7372525999893
combined,Curie(TC) (K),1327,44,928.0,1234.1383389550297,241.7372525999893
combined,Curie(TC) (K),1342,841,350.0,384.63363333333325,241.7372525999893
combined,Curie(TC) (K),1349,845,400.0,565.0616626984114,241.7372525999893
combined,Curie(TC) (K),1351,789,30.0,149.95718888888894,241.7372525999893
combined,Curie(TC) (K),1354,665,360.0,313.4615111111125,241.7372525999893
combined,Curie(TC) (K),1372,665,288.0,313.4615111111125,241.7372525999893
combined,Curie(TC) (K),1375,790,350.0,605.3360320881212,241.7372525999893
combined,Curie(TC) (K),1379,792,767.0,627.6078611111109,241.7372525999893
combined,Curie(TC) (K),1383,628,981.0,949.060383964647,241.7372525999893
combined,Curie(TC) (K),1384,867,952.0,913.5425720538719,241.7372525999893
combined,Curie(TC) (K),1386,869,864.0,866.9549055555555,241.7372525999893
combined,Curie(TC) (K),1393,872,28.0,139.16183333333328,241.7372525999893
combined,Curie(TC) (K),1394,665,350.0,313.4615111111125,241.7372525999893
combined,Curie(TC) (K),1396,873,328.0,566.2942609427608,241.7372525999893
combined,Curie(TC) (K),1400,875,150.0,226.7699111111111,241.7372525999893
combined,Curie(TC) (K),1405,879,47.9,323.94028948412733,241.7372525999893
combined,Curie(TC) (K),1407,810,200.0,213.77477777777796,241.7372525999893
combined,Curie(TC) (K),1408,875,150.0,226.7699111111111,241.7372525999893
combined,Curie(TC) (K),1409,875,150.0,226.7699111111111,241.7372525999893
combined,Curie(TC) (K),1419,886,1000.0,937.1146891835027,241.7372525999893
combined,Curie(TC) (K),1420,887,130.0,324.4496,241.7372525999893
combined,Curie(TC) (K),1428,810,260.0,213.77477777777796,241.7372525999893
combined,Curie(TC) (K),1429,895,8.7,244.60300000000012,241.7372525999893
combined,Curie(TC) (K),1430,896,80.0,646.4566722222229,241.7372525999893
combined,Curie(TC) (K),1432,845,404.0,565.0616626984114,241.7372525999893
combined,Curie(TC) (K),1437,900,160.0,136.3936666666667,241.7372525999893
combined,Curie(TC) (K),1442,904,16.0,119.51575555555532,241.7372525999893
combined,Curie(TC) (K),1459,916,204.0,646.5339569384308,241.7372525999893
combined,Curie(TC) (K),1476,925,625.0,638.5598690476185,241.7372525999893
combined,Curie(TC) (K),1503,44,1388.0,1234.1383389550297,241.7372525999893
combined,Curie(TC) (K),1505,946,215.5,236.92873472222234,241.7372525999893
combined,Curie(TC) (K),1507,948,166.2,206.64433333333395,241.7372525999893
combined,Curie(TC) (K),1515,952,9.7,74.29166666666671,241.7372525999893
combined,Curie(TC) (K),1518,954,541.0,528.0263333333328,241.7372525999893
combined,Curie(TC) (K),1531,960,930.0,357.41022843915323,241.7372525999893
combined,Curie(TC) (K),1539,964,119.0,502.6063888888882,241.7372525999893
combined,Curie(TC) (K),1542,967,707.0,737.7009111111138,241.7372525999893
combined,Curie(TC) (K),1550,974,278.0,499.8371126984127,241.7372525999893
combined,Curie(TC) (K),1552,976,290.0,549.1598257936504,241.7372525999893
combined,Curie(TC) (K),1555,845,415.0,565.0616626984114,241.7372525999893
combined,Curie(TC) (K),1556,845,470.0,565.0616626984114,241.7372525999893
combined,Curie(TC) (K),1557,845,520.0,565.0616626984114,241.7372525999893
combined,Curie(TC) (K),1558,845,570.0,565.0616626984114,241.7372525999893
combined,Curie(TC) (K),1559,978,830.0,538.0880041666658,241.7372525999893
combined,Curie(TC) (K),1567,981,10.6,56.25716666666667,241.7372525999893
combined,Curie(TC) (K),1572,120,628.0,452.4391833333329,241.7372525999893
combined,Curie(TC) (K),1580,792,761.0,627.6078611111109,241.7372525999893
combined,Curie(TC) (K),1605,485,228.0,229.37366666666668,241.7372525999893
combined,Curie(TC) (K),1606,485,226.0,229.37366666666668,241.7372525999893
combined,Curie(TC) (K),1607,845,450.0,565.0616626984114,241.7372525999893
combined,Curie(TC) (K),1608,1002,60.0,120.93257777777794,241.7372525999893
combined,Curie(TC) (K),1634,790,255.0,605.3360320881212,241.7372525999893
combined,Curie(TC) (K),1635,810,250.0,213.77477777777796,241.7372525999893
combined,Curie(TC) (K),1636,810,230.0,213.77477777777796,241.7372525999893
combined,Curie(TC) (K),1640,506,395.0,193.44264444444443,241.7372525999893
combined,Curie(TC) (K),1642,960,365.0,357.41022843915323,241.7372525999893
combined,Curie(TC) (K),1646,1016,120.0,199.23720681003593,241.7372525999893
combined,Curie(TC) (K),1649,44,300.0,1234.1383389550297,241.7372525999893
combined,Curie(TC) (K),1655,789,68.0,149.95718888888894,241.7372525999893
combined,Curie(TC) (K),1656,790,320.0,605.3360320881212,241.7372525999893
combined,Curie(TC) (K),1661,1023,423.0,436.77817361111113,241.7372525999893
combined,Curie(TC) (K),1669,1028,80.0,297.50981111111116,241.7372525999893
combined,Curie(TC) (K),1674,665,290.5,313.4615111111125,241.7372525999893
combined,Curie(TC) (K),1675,665,286.0,313.4615111111125,241.7372525999893
combined,Curie(TC) (K),1676,1032,380.0,307.50588888888893,241.7372525999893
combined,Curie(TC) (K),1682,1035,300.0,269.67376296296294,241.7372525999893
combined,Curie(TC) (K),1685,790,200.0,605.3360320881212,241.7372525999893
combined,Curie(TC) (K),1686,790,210.0,605.3360320881212,241.7372525999893
combined,Curie(TC) (K),1720,485,228.0,229.37366666666668,241.7372525999893
combined,Curie(TC) (K),1721,1052,711.0,373.95140277777796,241.7372525999893
combined,Curie(TC) (K),1723,789,58.6,149.95718888888894,241.7372525999893
combined,Curie(TC) (K),1724,1054,350.0,1025.4259143097631,241.7372525999893
combined,Curie(TC) (K),1729,44,18.6,1234.1383389550297,241.7372525999893
combined,Curie(TC) (K),1730,44,16.3,1234.1383389550297,241.7372525999893
combined,Curie(TC) (K),1735,1057,15.0,330.37999365079344,241.7372525999893
combined,Coercivity (Oe),4,2,2.941511432634403,2.983579635681808,1.4567151743850686
combined,Coercivity (Oe),5,3,3.6127838567197355,4.0261286216181995,1.4567151743850686
combined,Coercivity (Oe),6,3,4.012837224705172,4.0261286216181995,1.4567151743850686
combined,Coercivity (Oe),16,10,4.206015876763344,3.697457263665248,1.4567151743850686
combined,Coercivity (Oe),18,12,-0.769551078621726,-0.3349379521033441,1.4567151743850686
combined,Coercivity (Oe),32,23,3.9395192526186187,3.8667620326503362,1.4567151743850686
combined,Coercivity (Oe),34,25,3.6020599913279625,3.662281216636141,1.4567151743850686
combined,Coercivity (Oe),39,30,0.2741578492636798,1.310790970262391,1.4567151743850686
combined,Coercivity (Oe),40,31,3.681241237375587,3.1469103869691653,1.4567151743850686
combined,Coercivity (Oe),49,39,1.4229179807676624,3.217545338488426,1.4567151743850686
combined,Coercivity (Oe),55,44,-1.2218487496163564,1.927890179590164,1.4567151743850686
combined,Coercivity (Oe),61,49,3.9161137495997234,4.062336295057238,1.4567151743850686
combined,Coercivity (Oe),62,49,4.015137101461758,4.062336295057238,1.4567151743850686
combined,Coercivity (Oe),63,49,4.1095097022294444,4.062336295057238,1.4567151743850686
combined,Coercivity (Oe),71,54,3.214843848047698,2.0953687450332485,1.4567151743850686
combined,Coercivity (Oe),72,55,4.176091259055681,3.644942966086688,1.4567151743850686
combined,Coercivity (Oe),75,58,1.3502480183341627,1.7867027721437405,1.4567151743850686
combined,Coercivity (Oe),76,59,1.639486489268586,1.7370253078802864,1.4567151743850686
combined,Coercivity (Oe),81,63,4.107209969647869,3.904452511447645,1.4567151743850686
combined,Coercivity (Oe),85,2,3.7032913781186614,2.983579635681808,1.4567151743850686
combined,Coercivity (Oe),86,66,2.9542425094393248,1.264973000127099,1.4567151743850686
combined,Coercivity (Oe),87,67,3.7437464455911926,3.4226647075050565,1.4567151743850686
combined,Coercivity (Oe),90,70,3.4771212547196626,2.9129714079596685,1.4567151743850686
combined,Coercivity (Oe),92,72,4.701567985055927,3.851813990758043,1.4567151743850686
combined,Coercivity (Oe),96,76,1.0,2.8761256206145616,1.4567151743850686
combined,Coercivity (Oe),98,78,3.380211241711606,3.398207014536956,1.4567151743850686
combined,Coercivity (Oe),99,3,3.662757831681574,4.0261286216181995,1.4567151743850686
combined,Coercivity (Oe),107,83,1.5247854493212223,2.3206300120547603,1.4567151743850686
combined,Coercivity (Oe),108,3,4.501059262217751,4.0261286216181995,1.4567151743850686
combined,Coercivity (Oe),111,86,3.9822712330395684,3.9797237313428946,1.4567151743850686
combined,Coercivity (Oe),113,88,3.99563519459755,3.9467950211025338,1.4567151743850686
combined,Coercivity (Oe),127,96,4.004321373782642,3.680419885556902,1.4567151743850686
combined,Coercivity (Oe),132,3,3.93363051054507,4.0261286216181995,1.4567151743850686
combined,Coercivity (Oe),133,100,3.6812729035270784,3.5412671705410124,1.4567151743850686
combined,Coercivity (Oe),135,101,3.249658099106613,2.431616582801834,1.4567151743850686
combined,Coercivity (Oe),144,101,3.214843848047698,2.431616582801834,1.4567151743850686
combined,Coercivity (Oe),145,106,4.117271295655764,4.030927779161136,1.4567151743850686
combined,Coercivity (Oe),146,107,3.722458688843872,3.6218123008908796,1.4567151743850686
combined,Coercivity (Oe),148,109,-0.8860566476931632,-0.09951732923591053,1.4567151743850686
combined,Coercivity (Oe),152,3,4.043692295012276,4.0261286216181995,1.4567151743850686
combined,Coercivity (Oe),154,113,-0.619788758288394,1.1333816386199653,1.4567151743850686
combined,Coercivity (Oe),162,120,3.663700925389648,3.533870041593173,1.4567151743850686
combined,Coercivity (Oe),168,44,2.550228353055094,1.927890179590164,1.4567151743850686
combined,Coercivity (Oe),186,136,3.886490725172482,3.8085361659124244,1.4567151743850686
combined,Coercivity (Oe),190,139,2.885361220031512,3.006044696129564,1.4567151743850686
combined,Coercivity (Oe),192,139,3.2340108175871793,3.006044696129564,1.4567151743850686
combined,Coercivity (Oe),193,120,3.4818008095386106,3.533870041593173,1.4567151743850686
combined,Coercivity (Oe),194,141,4.362135126493338,3.103772494584996,1.4567151743850686
combined,Coercivity (Oe),209,3,4.1003705451175625,4.0261286216181995,1.4567151743850686
combined,Coercivity (Oe),213,158,2.8857568810692675,2.9170326354419958,1.4567151743850686
combined,Coercivity (Oe),217,120,4.4609375135201335,3.533870041593173,1.4567151743850686
combined,Coercivity (Oe),218,3,4.143014800254095,4.0261286216181995,1.4567151743850686
combined,Coercivity (Oe),228,168,3.2624510897304293,2.394070300559783,1.4567151743850686
combined,Coercivity (Oe),233,101,3.26356269383999,2.431616582801834,1.4567151743850686
combined,Coercivity (Oe),236,174,2.591064607026499,1.033227078978432,1.4567151743850686
combined,Coercivity (Oe),243,178,1.400192488592576,2.0716675698486102,1.4567151743850686
combined,Coercivity (Oe),254,2,3.683947130751512,2.983579635681808,1.4567151743850686
combined,Coercivity (Oe),255,2,3.546542663478131,2.983579635681808,1.4567151743850686
combined,Coercivity (Oe),256,2,3.660865478003869,2.983579635681808,1.4567151743850686
combined,Coercivity (Oe),257,2,3.6464037262230695,2.983579635681808,1.4567151743850686
combined,Coercivity (Oe),258,2,3.510545010206612,2.983579635681808,1.4567151743850686
combined,Coercivity (Oe),259,2,3.595496221825574,2.983579635681808,1.4567151743850686
combined,Coercivity (Oe),264,184,1.5440680443502757,1.421611189753501,1.4567151743850686
combined,Coercivity (Oe),265,66,1.4941545940184429,1.264973000127099,1.4567151743850686
combined,Coercivity (Oe),275,192,3.0,3.9813734370180107,1.4567151743850686
combined,Coercivity (Oe),285,120,3.568201724066995,3.533870041593173,1.4567151743850686
combined,Coercivity (Oe),289,198,4.164352855784437,4.064182519606996,1.4567151743850686
combined,Coercivity (Oe),290,199,3.6232492903979003,3.6408115625865185,1.4567151743850686
combined,Coercivity (Oe),299,208,3.1760912590556813,2.62749666730554,1.4567151743850686
combined,Coercivity (Oe),301,210,3.763851598418233,3.404218970382596,1.4567151743850686
combined,Coercivity (Oe),302,3,3.4971495058611235,4.0261286216181995,1.4567151743850686
combined,Coercivity (Oe),306,213,1.5588285248170117,1.747644414381778,1.4567151743850686
combined,Coercivity (Oe),308,215,3.4913616938342726,3.7148843201234096,1.4567151743850686
combined,Coercivity (Oe),311,218,4.05307844348342,3.879112540504979,1.4567151743850686
combined,Coercivity (Oe),341,237,3.5287881917748964,3.4337862630588143,1.4567151743850686
combined,Coercivity (Oe),348,3,4.1303337684950066,4.0261286216181995,1.4567151743850686
combined,Coercivity (Oe),355,244,3.5440680443502757,3.577323874245925,1.4567151743850686
combined,Coercivity (Oe),358,247,4.152288344383057,3.040776635016248,1.4567151743850686
combined,Coercivity (Oe),359,247,4.033423755486949,3.040776635016248,1.4567151743850686
combined,Coercivity (Oe),370,256,1.7704101315139062,3.400565170217105,1.4567151743850686
combined,Coercivity (Oe),374,260,1.4771212547196624,1.6764627236058414,1.4567151743850686
combined,Coercivity (Oe),392,273,-1.2218487496163564,-1.0580849484208936,1.4567151743850686
combined,Coercivity (Oe),393,2,3.5384480517102173,2.983579635681808,1.4567151743850686
combined,Coercivity (Oe),395,275,2.661812685537261,2.6166273898442385,1.4567151743850686
combined,Coercivity (Oe),397,277,1.8195439355418688,2.186251521685153,1.4567151743850686
combined,Coercivity (Oe),400,280,3.963787827345555,3.9024302219999876,1.4567151743850686
combined,Coercivity (Oe),411,286,4.03981055414835,3.69981265383067,1.4567151743850686
combined,Coercivity (Oe),414,289,3.3010299956639813,2.2677354421618454,1.4567151743850686
combined,Coercivity (Oe),419,294,4.079181246047625,3.693265762967497,1.4567151743850686
combined,Coercivity (Oe),421,296,3.3979400086720375,3.4252726052074984,1.4567151743850686
combined,Coercivity (Oe),437,306,4.117271295655764,3.642676402409758,1.4567151743850686
combined,Coercivity (Oe),439,307,3.6599162000698504,2.8453687006665005,1.4567151743850686
combined,Coercivity (Oe),440,307,3.6444385894678386,2.8453687006665005,1.4567151743850686
combined,Coercivity (Oe),441,307,3.6830470382388496,2.8453687006665005,1.4567151743850686
combined,Coercivity (Oe),442,307,3.6884198220027105,2.8453687006665005,1.4567151743850686
combined,Coercivity (Oe),444,3,4.096910013008056,4.0261286216181995,1.4567151743850686
combined,Coercivity (Oe),445,308,3.3654879848909,3.0038150360346885,1.4567151743850686
combined,Coercivity (Oe),446,309,3.4265112613645754,3.0003341546320574,1.4567151743850686
combined,Coercivity (Oe),447,120,4.02530586526477,3.533870041593173,1.4567151743850686
combined,Coercivity (Oe),457,318,3.7906918167176094,3.7231068340826927,1.4567151743850686
combined,Coercivity (Oe),458,319,3.7947716744956903,3.6319355227629413,1.4567151743850686
combined,Coercivity (Oe),468,323,3.6532125137753435,3.255791572297798,1.4567151743850686
combined,Coercivity (Oe),474,327,3.462397997898956,3.6284793871643655,1.4567151743850686
combined,Coercivity (Oe),475,328,3.3979400086720375,3.648608499892104,1.4567151743850686
combined,Coercivity (Oe),476,215,3.6314437690131722,3.7148843201234096,1.4567151743850686
combined,Coercivity (Oe),480,331,3.747569492637394,3.650268519740311,1.4567151743850686
combined,Coercivity (Oe),481,332,3.93616626845658,3.951077848649487,1.4567151743850686
combined,Coercivity (Oe),484,120,3.4471580313422194,3.533870041593173,1.4567151743850686
combined,Coercivity (Oe),485,333,3.7436484973026496,3.813722253686446,1.4567151743850686
combined,Coercivity (Oe),486,120,4.008600171761918,3.533870041593173,1.4567151743850686
combined,Coercivity (Oe),487,334,4.0,3.894835926496227,1.4567151743850686
combined,Coercivity (Oe),496,120,3.8976270912904414,3.533870041593173,1.4567151743850686
combined,Coercivity (Oe),502,346,3.9030899869919438,3.301931283288373,1.4567151743850686
combined,Coercivity (Oe),506,350,2.376576957056512,2.4160275031440452,1.4567151743850686
combined,Coercivity (Oe),507,351,-1.0,-0.9800079766743188,1.4567151743850686
combined,Coercivity (Oe),508,352,-1.0969100130080565,-0.9488452658382596,1.4567151743850686
combined,Coercivity (Oe),509,2,3.557428997797532,2.983579635681808,1.4567151743850686
combined,Coercivity (Oe),514,355,3.1055101847699738,2.206877966903111,1.4567151743850686
combined,Coercivity (Oe),515,355,3.0549958615291417,2.206877966903111,1.4567151743850686
combined,Coercivity (Oe),516,355,3.1172712956557644,2.206877966903111,1.4567151743850686
combined,Coercivity (Oe),517,355,2.380211241711606,2.206877966903111,1.4567151743850686
combined,Coercivity (Oe),524,359,-0.12493873660829995,1.1038468913968449,1.4567151743850686
combined,Coercivity (Oe),529,362,2.0791812460476247,2.051973166655383,1.4567151743850686
combined,Coercivity (Oe),533,365,2.423245873936808,2.6360210766684076,1.4567151743850686
combined,Coercivity (Oe),538,370,-1.2218487496163564,-0.6834966893116287,1.4567151743850686
combined,Coercivity (Oe),539,371,-1.3979400086720375,-0.5990569434675809,1.4567151743850686
combined,Coercivity (Oe),556,381,2.648925689157213,2.5324617040927535,1.4567151743850686
combined,Coercivity (Oe),563,388,-0.8860566476931632,-0.9682005082908886,1.4567151743850686
combined,Coercivity (Oe),581,30,0.3424226808222063,1.310790970262391,1.4567151743850686
combined,Coercivity (Oe),583,398,2.296665190261531,2.106202356735499,1.4567151743850686
combined,Coercivity (Oe),591,404,2.5563025007672873,2.2459553872492775,1.4567151743850686
combined,Coercivity (Oe),592,405,1.5646660642520893,2.2600037523690024,1.4567151743850686
combined,Coercivity (Oe),597,408,3.137670537236755,2.6985953362878887,1.4567151743850686
combined,Coercivity (Oe),598,409,2.9472376078706666,2.861925968766588,1.4567151743850686
combined,Coercivity (Oe),600,411,2.2531198338868874,2.8877196474395626,1.4567151743850686
combined,Coercivity (Oe),627,425,-0.5528419686577808,-0.44073525504869904,1.4567151743850686
combined,Coercivity (Oe),632,428,3.804480189105993,2.532967482003417,1.4567151743850686
combined,Coercivity (Oe),636,429,2.9281397068751196,2.3544861946304416,1.4567151743850686
combined,Coercivity (Oe),637,430,0.6127838567197355,1.014164053348029,1.4567151743850686
combined,Coercivity (Oe),638,430,0.8750612633917001,1.014164053348029,1.4567151743850686
combined,Coercivity (Oe),645,436,3.9522992849085568,3.616848562174317,1.4567151743850686
combined,Coercivity (Oe),654,440,3.8946726581414817,4.012913761223373,1.4567151743850686
combined,Coercivity (Oe),658,442,2.962369335670021,2.908073888828606,1.4567151743850686
combined,Coercivity (Oe),663,447,3.6720978579357175,3.6224968242117317,1.4567151743850686
combined,Coercivity (Oe),671,449,2.2041199826559246,3.2158264033564783,1.4567151743850686
combined,Coercivity (Oe),675,451,1.9211660506377388,2.650768153758155,1.4567151743850686
combined,Coercivity (Oe),681,457,3.094331349277096,2.8603768430318244,1.4567151743850686
combined,Coercivity (Oe),687,3,3.960470777534299,4.0261286216181995,1.4567151743850686
combined,Coercivity (Oe),688,428,2.62293896921149,2.532967482003417,1.4567151743850686
combined,Coercivity (Oe),691,465,4.342422680822207,3.6558937425516356,1.4567151743850686
combined,Coercivity (Oe),693,467,0.9030899869919435,0.989396600978207,1.4567151743850686
combined,Coercivity (Oe),705,477,0.28103336724772754,0.30306311470503283,1.4567151743850686
combined,Coercivity (Oe),710,481,2.318313817223999,1.2742731355844883,1.4567151743850686
combined,Coercivity (Oe),712,482,2.4595734061046524,1.085854630817223,1.4567151743850686
combined,Coercivity (Oe),713,30,2.471775621020804,1.310790970262391,1.4567151743850686
combined,Coercivity (Oe),721,485,2.9876662649262746,2.7891393575212504,1.4567151743850686
combined,Coercivity (Oe),730,3,4.392696953259666,4.0261286216181995,1.4567151743850686
combined,Coercivity (Oe),739,2,3.7795964912578244,2.983579635681808,1.4567151743850686
combined,Coercivity (Oe),744,499,2.247973266361807,2.057410239817812,1.4567151743850686
combined,Coercivity (Oe),745,499,2.444044795918076,2.057410239817812,1.4567151743850686
combined,Coercivity (Oe),746,499,2.690196080028514,2.057410239817812,1.4567151743850686
combined,Coercivity (Oe),747,499,3.0342272607705505,2.057410239817812,1.4567151743850686
combined,Coercivity (Oe),748,499,2.9339931638312424,2.057410239817812,1.4567151743850686
combined,Coercivity (Oe),751,501,3.7582304084577496,3.6250096282458695,1.4567151743850686
combined,Coercivity (Oe),754,504,2.8680563618230415,2.906511708425565,1.4567151743850686
combined,Coercivity (Oe),757,506,1.7781512503836436,2.1977109114383406,1.4567151743850686
combined,Coercivity (Oe),758,507,1.7781512503836436,1.9347029660609667,1.4567151743850686
combined,Coercivity (Oe),769,518,1.9030899869919435,2.513520471570593,1.4567151743850686
combined,Coercivity (Oe),775,522,-1.2218487496163564,0.8851879716726074,1.4567151743850686
combined,Coercivity (Oe),781,528,2.977266212427293,2.785489415756748,1.4567151743850686
combined,Coercivity (Oe),782,529,2.9804578922761,2.8971583163328245,1.4567151743850686
combined,Coercivity (Oe),789,536,3.865991800126275,3.9158212458422113,1.4567151743850686
combined,Coercivity (Oe),802,543,2.0073636543122784,1.8873454637911584,1.4567151743850686
combined,Coercivity (Oe),814,549,-1.2218487496163564,-1.1002036726489324,1.4567151743850686
combined,Coercivity (Oe),817,551,2.6766936096248664,1.9490388345519485,1.4567151743850686
combined,Coercivity (Oe),822,307,2.44870631990508,2.8453687006665005,1.4567151743850686
combined,Coercivity (Oe),823,307,2.5998830720736876,2.8453687006665005,1.4567151743850686
combined,Coercivity (Oe),824,307,2.5352941200427703,2.8453687006665005,1.4567151743850686
combined,Coercivity (Oe),825,307,2.5921767573958667,2.8453687006665005,1.4567151743850686
combined,Coercivity (Oe),826,307,2.561101383649056,2.8453687006665005,1.4567151743850686
combined,Coercivity (Oe),827,307,2.494154594018443,2.8453687006665005,1.4567151743850686
combined,Coercivity (Oe),830,554,2.2397998184470986,1.939557631952274,1.4567151743850686
combined,Coercivity (Oe),847,557,3.479421257301672,2.867080783287754,1.4567151743850686
combined,Coercivity (Oe),848,557,3.6555120363564666,2.867080783287754,1.4567151743850686
combined,Coercivity (Oe),849,558,4.418632687354066,2.3422578196260613,1.4567151743850686
combined,Coercivity (Oe),872,572,3.678993384838101,3.5739675659525294,1.4567151743850686
combined,Coercivity (Oe),876,2,3.3725438007590705,2.983579635681808,1.4567151743850686
combined,Coercivity (Oe),877,575,0.2741578492636798,-0.09045352516028034,1.4567151743850686
combined,Coercivity (Oe),878,576,-0.5376020021010439,-0.5527330917431577,1.4567151743850686
combined,Coercivity (Oe),884,578,2.691656043498147,3.031027948186912,1.4567151743850686
combined,Coercivity (Oe),890,583,3.571009672309305,3.2927197986670897,1.4567151743850686
combined,Coercivity (Oe),898,589,3.213156358659705,2.926805630034409,1.4567151743850686
combined,Coercivity (Oe),899,590,-1.0,-0.8980271217772471,1.4567151743850686
combined,Coercivity (Oe),901,3,4.44870631990508,4.0261286216181995,1.4567151743850686
combined,Coercivity (Oe),904,594,3.124514006131383,2.1177321786916936,1.4567151743850686
combined,Coercivity (Oe),951,30,2.2070146586829003,1.310790970262391,1.4567151743850686
combined,Coercivity (Oe),952,30,2.841271851779091,1.310790970262391,1.4567151743850686
combined,Coercivity (Oe),953,30,2.557964113554224,1.310790970262391,1.4567151743850686
combined,Coercivity (Oe),954,30,2.2455866889742135,1.310790970262391,1.4567151743850686
combined,Coercivity (Oe),955,30,1.7000110623221123,1.310790970262391,1.4567151743850686
combined,Coercivity (Oe),960,626,2.151982395457474,2.1009501568390894,1.4567151743850686
combined,Coercivity (Oe),962,628,2.5308397786165204,1.416781828558905,1.4567151743850686
combined,Coercivity (Oe),986,3,3.9684829485539352,4.0261286216181995,1.4567151743850686
combined,Coercivity (Oe),990,649,-0.6575773191777937,-0.6797962599271269,1.4567151743850686
combined,Coercivity (Oe),991,649,-0.3372421683184259,-0.6797962599271269,1.4567151743850686
combined,Coercivity (Oe),992,649,-0.5376020021010439,-0.6797962599271269,1.4567151743850686
combined,Coercivity (Oe),993,650,4.26245108973043,3.7252451852353192,1.4567151743850686
combined,Coercivity (Oe),996,652,2.506505032404872,2.6902578787962805,1.4567151743850686
combined,Coercivity (Oe),1001,657,3.322219294733919,3.1107453267039364,1.4567151743850686
combined,Coercivity (Oe),1006,662,1.845098040014257,2.1535738178103006,1.4567151743850686
combined,Coercivity (Oe),1013,665,1.521007252408604,1.7541245763869067,1.4567151743850686
combined,Coercivity (Oe),1019,667,1.5759956202032677,1.5278311012427475,1.4567151743850686
combined,Coercivity (Oe),1022,113,1.1139433523068367,1.1333816386199653,1.4567151743850686
combined,Coercivity (Oe),1031,44,-1.6989700043360187,1.927890179590164,1.4567151743850686
combined,Coercivity (Oe),1037,675,1.6110857334148727,2.819654335272883,1.4567151743850686
combined,Coercivity (Oe),1038,675,1.8185557792978027,2.819654335272883,1.4567151743850686
combined,Coercivity (Oe),1043,679,1.6637951222194076,1.6564078779542486,1.4567151743850686
combined,Coercivity (Oe),1046,682,2.0043213737826426,2.0846603410440325,1.4567151743850686
combined,Coercivity (Oe),1052,684,-0.4089353929735008,-0.7648741683318405,1.4567151743850686
combined,Coercivity (Oe),1056,688,2.656424040287152,2.3864373330810604,1.4567151743850686
combined,Coercivity (Oe),1060,692,0.5622928644564748,1.1408486573463141,1.4567151743850686
combined,Coercivity (Oe),1067,695,-1.6989700043360187,-0.3715745576018221,1.4567151743850686
combined,Coercivity (Oe),1085,2,3.529045170765769,2.983579635681808,1.4567151743850686
combined,Coercivity (Oe),1086,2,3.5656117249020585,2.983579635681808,1.4567151743850686
combined,Coercivity (Oe),1087,2,3.6586790285824486,2.983579635681808,1.4567151743850686
combined,Coercivity (Oe),1088,2,3.5413295776666938,2.983579635681808,1.4567151743850686
combined,Coercivity (Oe),1089,2,3.545430829465351,2.983579635681808,1.4567151743850686
combined,Coercivity (Oe),1090,2,3.578295305120826,2.983579635681808,1.4567151743850686
combined,Coercivity (Oe),1094,66,1.8933178116161118,1.264973000127099,1.4567151743850686
combined,Coercivity (Oe),1095,66,1.5560611590095326,1.264973000127099,1.4567151743850686
combined,Coercivity (Oe),1096,657,3.4430438286483405,3.1107453267039364,1.4567151743850686
combined,Coercivity (Oe),1097,706,3.4579575512036382,3.4010326826641184,1.4567151743850686
combined,Coercivity (Oe),1099,708,3.484484909031941,3.47702027263973,1.4567151743850686
combined,Coercivity (Oe),1103,712,3.7141066863794343,3.680690331694229,1.4567151743850686
combined,Coercivity (Oe),1104,3,4.501059262217751,4.0261286216181995,1.4567151743850686
combined,Coercivity (Oe),1106,657,3.5055569386638217,3.1107453267039364,1.4567151743850686
combined,Coercivity (Oe),1107,2,3.217220655644519,2.983579635681808,1.4567151743850686
combined,Coercivity (Oe),1108,66,2.3010299956639813,1.264973000127099,1.4567151743850686
combined,Coercivity (Oe),1134,734,-0.8860566476931632,2.893567078364803,1.4567151743850686
combined,Coercivity (Oe),1135,30,1.6720978579357175,1.310790970262391,1.4567151743850686
combined,Coercivity (Oe),1136,30,0.9030899869919435,1.310790970262391,1.4567151743850686
combined,Coercivity (Oe),1140,30,1.2041199826559248,1.310790970262391,1.4567151743850686
combined,Coercivity (Oe),1141,737,2.332034277027518,1.7093256340864749,1.4567151743850686
combined,Coercivity (Oe),1150,740,-1.3010299956639813,-1.2730181382235772,1.4567151743850686
combined,Coercivity (Oe),1151,741,-1.154901959985743,-1.2058300278782557,1.4567151743850686
combined,Coercivity (Oe),1153,743,-0.6575773191777937,-1.0186478267587966,1.4567151743850686
combined,Coercivity (Oe),1166,753,-1.0457574905606752,-0.5519060759632001,1.4567151743850686
combined,Coercivity (Oe),1167,665,1.6989700043360187,1.7541245763869067,1.4567151743850686
combined,Coercivity (Oe),1168,754,1.286456469746983,1.0645572609759337,1.4567151743850686
combined,Coercivity (Oe),1171,756,1.2430380486862944,2.41925940776493,1.4567151743850686
combined,Coercivity (Oe),1175,759,2.2695129442179165,2.1396423164627407,1.4567151743850686
combined,Coercivity (Oe),1179,761,2.0941215958405612,2.629681403892166,1.4567151743850686
combined,Coercivity (Oe),1185,695,-1.6989700043360187,-0.3715745576018221,1.4567151743850686
combined,Coercivity (Oe),1206,777,1.0021660617565078,2.512762792520722,1.4567151743850686
combined,Coercivity (Oe),1212,781,2.161368002234975,1.821388624189491,1.4567151743850686
combined,Coercivity (Oe),1214,782,2.8721562727482928,2.710637306066865,1.4567151743850686
combined,Coercivity (Oe),1216,2,3.7363965022766426,2.983579635681808,1.4567151743850686
combined,Coercivity (Oe),1217,783,2.798180883926343,4.025017020598098,1.4567151743850686
combined,Coercivity (Oe),1231,789,2.060697840353612,2.8578331763227447,1.4567151743850686
combined,Coercivity (Oe),1232,790,2.4771212547196626,3.1182446426122374,1.4567151743850686
combined,Coercivity (Oe),1233,790,2.578639209968072,3.1182446426122374,1.4567151743850686
combined,Coercivity (Oe),1234,790,2.575187844927661,3.1182446426122374,1.4567151743850686
combined,Coercivity (Oe),1235,790,2.4913616938342726,3.1182446426122374,1.4567151743850686
combined,Coercivity (Oe),1237,792,1.2041199826559248,2.2411024717894645,1.4567151743850686
combined,Coercivity (Oe),1238,120,3.4927603890268375,3.533870041593173,1.4567151743850686
combined,Coercivity (Oe),1242,790,2.7007037171450192,3.1182446426122374,1.4567151743850686
combined,Coercivity (Oe),1247,798,0.7403626894942439,1.6125293126269908,1.4567151743850686
combined,Coercivity (Oe),1248,798,0.6989700043360189,1.6125293126269908,1.4567151743850686
combined,Coercivity (Oe),1250,30,2.5385486002970885,1.310790970262391,1.4567151743850686
combined,Coercivity (Oe),1257,801,0.00860017176191757,3.6150729992639103,1.4567151743850686
combined,Coercivity (Oe),1260,790,2.361727836017593,3.1182446426122374,1.4567151743850686
combined,Coercivity (Oe),1261,790,1.954242509439325,3.1182446426122374,1.4567151743850686
combined,Coercivity (Oe),1269,120,3.8195439355418688,3.533870041593173,1.4567151743850686
combined,Coercivity (Oe),1270,120,3.690196080028514,3.533870041593173,1.4567151743850686
combined,Coercivity (Oe),1273,809,1.6532125137753437,3.1578154573153303,1.4567151743850686
combined,Coercivity (Oe),1275,810,1.6989700043360187,2.288417539190189,1.4567151743850686
combined,Coercivity (Oe),1291,44,1.6532125137753437,1.927890179590164,1.4567151743850686
combined,Coercivity (Oe),1294,816,3.5185139398778875,2.9091392272147316,1.4567151743850686
combined,Coercivity (Oe),1295,816,3.6334684555795866,2.9091392272147316,1.4567151743850686
combined,Coercivity (Oe),1306,792,1.0791812460476249,2.2411024717894645,1.4567151743850686
combined,Coercivity (Oe),1307,792,1.1139433523068367,2.2411024717894645,1.4567151743850686
combined,Coercivity (Oe),1309,824,0.9800033715837464,1.8832624339185708,1.4567151743850686
combined,Coercivity (Oe),1324,792,2.3010299956639813,2.2411024717894645,1.4567151743850686
combined,Coercivity (Oe),1327,44,3.591064607026499,1.927890179590164,1.4567151743850686
combined,Coercivity (Oe),1342,841,1.7403626894942439,2.063124986163257,1.4567151743850686
combined,Coercivity (Oe),1349,845,0.0,3.6926367782141565,1.4567151743850686
combined,Coercivity (Oe),1351,789,1.4771212547196624,2.8578331763227447,1.4567151743850686
combined,Coercivity (Oe),1354,665,2.4771212547196626,1.7541245763869067,1.4567151743850686
combined,Coercivity (Oe),1372,665,2.4771212547196626,1.7541245763869067,1.4567151743850686
combined,Coercivity (Oe),1375,790,2.146128035678238,3.1182446426122374,1.4567151743850686
combined,Coercivity (Oe),1379,792,1.0,2.2411024717894645,1.4567151743850686
combined,Coercivity (Oe),1383,628,1.3010299956639813,1.416781828558905,1.4567151743850686
combined,Coercivity (Oe),1384,867,1.3010299956639813,1.318063971553291,1.4567151743850686
combined,Coercivity (Oe),1386,869,1.3010299956639813,1.3073534598655798,1.4567151743850686
combined,Coercivity (Oe),1393,872,3.2041199826559246,4.116191130582155,1.4567151743850686
combined,Coercivity (Oe),1394,665,0.49692964807321494,1.7541245763869067,1.4567151743850686
combined,Coercivity (Oe),1396,873,3.3010299956639813,2.162671395950412,1.4567151743850686
combined,Coercivity (Oe),1400,875,3.6989700043360187,2.05294446045823,1.4567151743850686
combined,Coercivity (Oe),1405,879,3.230448921378274,2.5911991042963236,1.4567151743850686
combined,Coercivity (Oe),1407,810,2.6989700043360187,2.288417539190189,1.4567151743850686
combined,Coercivity (Oe),1408,875,3.0,2.05294446045823,1.4567151743850686
combined,Coercivity (Oe),1409,875,2.3010299956639813,2.05294446045823,1.4567151743850686
combined,Coercivity (Oe),1419,886,0.9444826721501687,1.4576715372393645,1.4567151743850686
combined,Coercivity (Oe),1420,887,1.1760912590556813,2.451166635608845,1.4567151743850686
combined,Coercivity (Oe),1428,810,1.6989700043360187,2.288417539190189,1.4567151743850686
combined,Coercivity (Oe),1429,895,2.6989700043360187,2.3645728052739816,1.4567151743850686
combined,Coercivity (Oe),1430,896,3.4313637641589874,2.723896255708921,1.4567151743850686
combined,Coercivity (Oe),1432,845,2.0,3.6926367782141565,1.4567151743850686
combined,Coercivity (Oe),1437,900,3.5477747053878224,3.3580694254822965,1.4567151743850686
combined,Coercivity (Oe),1442,904,3.6334684555795866,2.500919567619165,1.4567151743850686
combined,Coercivity (Oe),1459,916,3.0,1.1092011040674024,1.4567151743850686
combined,Coercivity (Oe),1476,925,4.41161970596323,3.6234751710556776,1.4567151743850686
combined,Coercivity (Oe),1503,44,2.1367205671564067,1.927890179590164,1.4567151743850686
combined,Coercivity (Oe),1505,946,2.7075701760979363,3.175886199805204,1.4567151743850686
combined,Coercivity (Oe),1507,948,3.3891660843645326,3.0970018933379375,1.4567151743850686
combined,Coercivity (Oe),1515,952,2.8260748027008264,1.863675487248601,1.4567151743850686
combined,Coercivity (Oe),1518,954,-1.154901959985743,-0.9255999330627003,1.4567151743850686
combined,Coercivity (Oe),1531,960,2.4771212547196626,2.5681553268808543,1.4567151743850686
combined,Coercivity (Oe),1539,964,2.598790506763115,2.460005456041688,1.4567151743850686
combined,Coercivity (Oe),1542,967,4.632457292184724,3.76272137995946,1.4567151743850686
combined,Coercivity (Oe),1550,974,2.380211241711606,1.4010725245562026,1.4567151743850686
combined,Coercivity (Oe),1552,976,0.36172783601759284,2.9227683677326506,1.4567151743850686
combined,Coercivity (Oe),1555,845,1.5563025007672873,3.6926367782141565,1.4567151743850686
combined,Coercivity (Oe),1556,845,1.99563519459755,3.6926367782141565,1.4567151743850686
combined,Coercivity (Oe),1557,845,2.290034611362518,3.6926367782141565,1.4567151743850686
combined,Coercivity (Oe),1558,845,2.4471580313422194,3.6926367782141565,1.4567151743850686
combined,Coercivity (Oe),1559,978,2.6127838567197355,2.694691571298147,1.4567151743850686
combined,Coercivity (Oe),1567,981,2.57978359661681,2.952303445567849,1.4567151743850686
combined,Coercivity (Oe),1572,120,4.204119982655925,3.533870041593173,1.4567151743850686
combined,Coercivity (Oe),1580,792,2.0,2.2411024717894645,1.4567151743850686
combined,Coercivity (Oe),1605,485,3.886490725172482,2.7891393575212504,1.4567151743850686
combined,Coercivity (Oe),1606,485,4.008600171761918,2.7891393575212504,1.4567151743850686
combined,Coercivity (Oe),1607,845,2.5563025007672873,3.6926367782141565,1.4567151743850686
combined,Coercivity (Oe),1608,1002,2.255272505103306,2.863587867852017,1.4567151743850686
combined,Coercivity (Oe),1634,790,1.845098040014257,3.1182446426122374,1.4567151743850686
combined,Coercivity (Oe),1635,810,2.0,2.288417539190189,1.4567151743850686
combined,Coercivity (Oe),1636,810,2.4771212547196626,2.288417539190189,1.4567151743850686
combined,Coercivity (Oe),1640,506,1.6720978579357175,2.1977109114383406,1.4567151743850686
combined,Coercivity (Oe),1642,960,2.5440680443502757,2.5681553268808543,1.4567151743850686
combined,Coercivity (Oe),1646,1016,2.6989700043360187,2.484120801509901,1.4567151743850686
combined,Coercivity (Oe),1649,44,3.681241237375587,1.927890179590164,1.4567151743850686
combined,Coercivity (Oe),1655,789,2.342422680822206,2.8578331763227447,1.4567151743850686
combined,Coercivity (Oe),1656,790,1.1760912590556813,3.1182446426122374,1.4567151743850686
combined,Coercivity (Oe),1661,1023,2.053462604925455,2.12594640836701,1.4567151743850686
combined,Coercivity (Oe),1669,1028,3.3979400086720375,2.532019000927006,1.4567151743850686
combined,Coercivity (Oe),1674,665,1.9661417327390327,1.7541245763869067,1.4567151743850686
combined,Coercivity (Oe),1675,665,2.337459261290656,1.7541245763869067,1.4567151743850686
combined,Coercivity (Oe),1676,1032,2.255272505103306,2.687307458150475,1.4567151743850686
combined,Coercivity (Oe),1682,1035,2.1760912590556813,1.7692987569698546,1.4567151743850686
combined,Coercivity (Oe),1685,790,1.845098040014257,3.1182446426122374,1.4567151743850686
combined,Coercivity (Oe),1686,790,2.146128035678238,3.1182446426122374,1.4567151743850686
combined,Coercivity (Oe),1720,485,3.7323937598229686,2.7891393575212504,1.4567151743850686
combined,Coercivity (Oe),1721,1052,3.8129133566428557,1.902608610074703,1.4567151743850686
combined,Coercivity (Oe),1723,789,1.8750612633917,2.8578331763227447,1.4567151743850686
combined,Coercivity (Oe),1724,1054,2.5440680443502757,2.0604838040874993,1.4567151743850686
combined,Coercivity (Oe),1729,44,3.3010299956639813,1.927890179590164,1.4567151743850686
combined,Coercivity (Oe),1730,44,3.4771212547196626,1.927890179590164,1.4567151743850686
combined,Coercivity (Oe),1735,1057,2.5563025007672873,2.548058938217251,1.4567151743850686
