path,solver,step,energy_eV,delta_energy_eV
DFT/dft_runs/Run_01_bccFe_vol_a2.750,DAV,1,276.11989984,276.12
DFT/dft_runs/Run_01_bccFe_vol_a2.750,DAV,2,-0.486976395147,-276.61
DFT/dft_runs/Run_01_bccFe_vol_a2.750,DAV,3,-17.8255687991,-17.339
DFT/dft_runs/Run_01_bccFe_vol_a2.750,DAV,4,-17.965096752,-0.13953
DFT/dft_runs/Run_01_bccFe_vol_a2.750,DAV,5,-17.9658767966,-0.00078004
DFT/dft_runs/Run_02_bccFe_vol_a2.800,DAV,1,272.682845469,272.68
DFT/dft_runs/Run_02_bccFe_vol_a2.800,DAV,2,-5.46594445748,-278.15
DFT/dft_runs/Run_02_bccFe_vol_a2.800,DAV,3,-18.5605557565,-13.095
DFT/dft_runs/Run_02_bccFe_vol_a2.800,DAV,4,-18.7171832451,-0.15663
DFT/dft_runs/Run_02_bccFe_vol_a2.800,DAV,5,-18.7207427951,-0.0035595
DFT/dft_runs/Run_02_bccFe_vol_a2.800,DAV,6,-16.6717593232,2.049
DFT/dft_runs/Run_02_bccFe_vol_a2.800,DAV,7,-16.5422782761,0.12948
DFT/dft_runs/Run_02_bccFe_vol_a2.800,DAV,8,-16.5353366011,0.0069417
DFT/dft_runs/Run_02_bccFe_vol_a2.800,DAV,9,-16.5241684254,0.011168
DFT/dft_runs/Run_02_bccFe_vol_a2.800,DAV,10,-16.5246387113,-0.00047029
DFT/dft_runs/Run_02_bccFe_vol_a2.800,DAV,11,-16.5246618335,-2.3122e-05
DFT/dft_runs/Run_02_bccFe_vol_a2.800,DAV,12,-16.5246683693,-6.5358e-06
DFT/dft_runs/Run_02_bccFe_vol_a2.800,DAV,13,-16.5246653605,3.0088e-06
DFT/dft_runs/Run_02_bccFe_vol_a2.800,DAV,14,-16.5246649238,4.3677e-07
DFT/dft_runs/Run_03_bccFe_vol_a2.830,DAV,1,276.524115083,276.52
DFT/dft_runs/Run_03_bccFe_vol_a2.830,DAV,2,-5.21986292794,-281.74
DFT/dft_runs/Run_03_bccFe_vol_a2.830,DAV,3,-18.5985535169,-13.379
DFT/dft_runs/Run_03_bccFe_vol_a2.830,DAV,4,-18.7631728897,-0.16462
DFT/dft_runs/Run_03_bccFe_vol_a2.830,DAV,5,-18.767108701,-0.0039358
DFT/dft_runs/Run_03_bccFe_vol_a2.830,DAV,6,-16.7209337875,2.0462
DFT/dft_runs/Run_03_bccFe_vol_a2.830,DAV,7,-16.5588463555,0.16209
DFT/dft_runs/Run_03_bccFe_vol_a2.830,DAV,8,-16.5506999778,0.0081464
DFT/dft_runs/Run_03_bccFe_vol_a2.830,DAV,9,-16.5399448858,0.010755
DFT/dft_runs/Run_03_bccFe_vol_a2.830,DAV,10,-16.5400757292,-0.00013084
DFT/dft_runs/Run_03_bccFe_vol_a2.830,DAV,11,-16.5401106626,-3.4933e-05
DFT/dft_runs/Run_03_bccFe_vol_a2.830,DAV,12,-16.5401119153,-1.2528e-06
DFT/dft_runs/Run_03_bccFe_vol_a2.830,DAV,13,-16.5401103028,1.6125e-06
DFT/dft_runs/Run_03_bccFe_vol_a2.830,DAV,14,-16.5401096662,6.3654e-07
DFT/dft_runs/Run_04_bccFe_vol_a2.866,DAV,1,274.85989808,274.86
DFT/dft_runs/Run_04_bccFe_vol_a2.866,DAV,2,-5.49042050689,-280.35
DFT/dft_runs/Run_04_bccFe_vol_a2.866,DAV,3,-18.6023745689,-13.112
DFT/dft_runs/Run_04_bccFe_vol_a2.866,DAV,4,-18.7707559022,-0.16838
DFT/dft_runs/Run_04_bccFe_vol_a2.866,DAV,5,-18.7749169309,-0.004161
DFT/dft_runs/Run_04_bccFe_vol_a2.866,DAV,6,-16.7493239059,2.0256
DFT/dft_runs/Run_04_bccFe_vol_a2.866,DAV,7,-16.5397600535,0.20956
DFT/dft_runs/Run_04_bccFe_vol_a2.866,DAV,8,-16.5325941929,0.0071659
DFT/dft_runs/Run_04_bccFe_vol_a2.866,DAV,9,-16.5221259831,0.010468
DFT/dft_runs/Run_04_bccFe_vol_a2.866,DAV,10,-16.5222452311,-0.00011925
DFT/dft_runs/Run_04_bccFe_vol_a2.866,DAV,11,-16.5223038669,-5.8636e-05
DFT/dft_runs/Run_04_bccFe_vol_a2.866,DAV,12,-16.5223066423,-2.7754e-06
DFT/dft_runs/Run_04_bccFe_vol_a2.866,DAV,13,-16.5223053371,1.3052e-06
DFT/dft_runs/Run_04_bccFe_vol_a2.866,DAV,14,-16.5223044618,8.753e-07
DFT/dft_runs/Run_05_bccFe_vol_a2.900,DAV,1,279.682748866,279.68
DFT/dft_runs/Run_05_bccFe_vol_a2.900,DAV,2,-4.87310936746,-284.56
DFT/dft_runs/Run_05_bccFe_vol_a2.900,DAV,3,-18.5539754698,-13.681
DFT/dft_runs/Run_05_bccFe_vol_a2.900,DAV,4,-18.7346236265,-0.18065
DFT/dft_runs/Run_05_bccFe_vol_a2.900,DAV,5,-18.7391758685,-0.0045522
DFT/dft_runs/Run_05_bccFe_vol_a2.900,DAV,6,-16.7533954649,1.9858
DFT/dft_runs/Run_05_bccFe_vol_a2.900,DAV,7,-16.4905175073,0.26288
DFT/dft_runs/Run_05_bccFe_vol_a2.900,DAV,8,-16.4841453076,0.0063722
DFT/dft_runs/Run_05_bccFe_vol_a2.900,DAV,9,-16.4740253362,0.01012
DFT/dft_runs/Run_05_bccFe_vol_a2.900,DAV,10,-16.4742430954,-0.00021776
DFT/dft_runs/Run_05_bccFe_vol_a2.900,DAV,11,-16.4743235688,-8.0473e-05
DFT/dft_runs/Run_05_bccFe_vol_a2.900,DAV,12,-16.4743258402,-2.2713e-06
DFT/dft_runs/Run_05_bccFe_vol_a2.900,DAV,13,-16.4743254441,3.9611e-07
DFT/dft_runs/Run_06_bccFe_vol_a2.930,DAV,1,279.280021385,279.28
DFT/dft_runs/Run_06_bccFe_vol_a2.930,DAV,2,-4.79140768272,-284.07
DFT/dft_runs/Run_06_bccFe_vol_a2.930,DAV,3,-18.4849982788,-13.694
DFT/dft_runs/Run_06_bccFe_vol_a2.930,DAV,4,-18.6727114686,-0.18771
DFT/dft_runs/Run_06_bccFe_vol_a2.930,DAV,5,-18.6776092784,-0.0048978
DFT/dft_runs/Run_06_bccFe_vol_a2.930,DAV,6,-16.7394698697,1.9381
DFT/dft_runs/Run_06_bccFe_vol_a2.930,DAV,7,-16.4271332397,0.31234
DFT/dft_runs/Run_06_bccFe_vol_a2.930,DAV,8,-16.4226594107,0.0044738
DFT/dft_runs/Run_06_bccFe_vol_a2.930,DAV,9,-16.4143022725,0.0083571
DFT/dft_runs/Run_06_bccFe_vol_a2.930,DAV,10,-16.4146583451,-0.00035607
DFT/dft_runs/Run_06_bccFe_vol_a2.930,DAV,11,-16.4146790502,-2.0705e-05
DFT/dft_runs/Run_06_bccFe_vol_a2.930,DAV,12,-16.4146863513,-7.3011e-06
DFT/dft_runs/Run_06_bccFe_vol_a2.930,DAV,13,-16.4146846304,1.7209e-06
DFT/dft_runs/Run_06_bccFe_vol_a2.930,DAV,14,-16.4146845198,1.1057e-07
DFT/dft_runs/Run_07_bccFe_vol_a2.950,DAV,1,281.226165165,281.23
DFT/dft_runs/Run_07_bccFe_vol_a2.950,DAV,2,-4.6407022146,-285.87
DFT/dft_runs/Run_07_bccFe_vol_a2.950,DAV,3,-18.426884014,-13.786
DFT/dft_runs/Run_07_bccFe_vol_a2.950,DAV,4,-18.6169184646,-0.19003
DFT/dft_runs/Run_07_bccFe_vol_a2.950,DAV,5,-18.62190161,-0.0049831
DFT/dft_runs/Run_07_bccFe_vol_a2.950,DAV,6,-16.7247626939,1.8971
DFT/dft_runs/Run_07_bccFe_vol_a2.950,DAV,7,-16.3761409684,0.34862
DFT/dft_runs/Run_07_bccFe_vol_a2.950,DAV,8,-16.375636453,0.00050452
DFT/dft_runs/Run_07_bccFe_vol_a2.950,DAV,9,-16.3706787194,0.0049577
DFT/dft_runs/Run_07_bccFe_vol_a2.950,DAV,10,-16.3712388251,-0.00056011
DFT/dft_runs/Run_07_bccFe_vol_a2.950,DAV,11,-16.3713887075,-0.00014988
DFT/dft_runs/Run_07_bccFe_vol_a2.950,DAV,12,-16.3714358847,-4.7177e-05
DFT/dft_runs/Run_07_bccFe_vol_a2.950,DAV,13,-16.371437314,-1.4293e-06
DFT/dft_runs/Run_07_bccFe_vol_a2.950,DAV,14,-16.3714369204,3.9357e-07
DFT/dft_runs/Run_08_bccFe_MAE_001,DAV,1,274.353836403,274.35
DFT/dft_runs/Run_08_bccFe_MAE_001,DAV,2,-3.08720223762,-277.44
DFT/dft_runs/Run_08_bccFe_MAE_001,DAV,3,-16.4151117351,-13.328
DFT/dft_runs/Run_08_bccFe_MAE_001,DAV,4,-16.5564827714,-0.14137
DFT/dft_runs/Run_08_bccFe_MAE_001,DAV,5,-16.5591800836,-0.0026973
DFT/dft_runs/Run_08_bccFe_MAE_001,DAV,6,-16.5592648483,-8.4765e-05
DFT/dft_runs/Run_08_bccFe_MAE_001,DAV,7,-16.5592680838,-3.2355e-06
DFT/dft_runs/Run_08_bccFe_MAE_001,DAV,8,-16.5592682211,-1.3733e-07
DFT/dft_runs/Run_09_bccFe_MAE_111,DAV,1,274.368227529,274.37
DFT/dft_runs/Run_09_bccFe_MAE_111,DAV,2,-3.08565986142,-277.45
DFT/dft_runs/Run_09_bccFe_MAE_111,DAV,3,-16.4150758432,-13.329
DFT/dft_runs/Run_09_bccFe_MAE_111,DAV,4,-16.556481672,-0.14141
DFT/dft_runs/Run_09_bccFe_MAE_111,DAV,5,-16.5591795512,-0.0026979
DFT/dft_runs/Run_09_bccFe_MAE_111,DAV,6,-16.5592643238,-8.4773e-05
DFT/dft_runs/Run_09_bccFe_MAE_111,DAV,7,-16.55926756,-3.2362e-06
DFT/dft_runs/Run_09_bccFe_MAE_111,DAV,8,-16.5592676966,-1.3666e-07
DFT/dft_runs/Run_10_bccFe_Jij_FeFe/state1_pp,DAV,1,3271.13958328,3271.1
DFT/dft_runs/Run_10_bccFe_Jij_FeFe/state1_pp,DAV,2,273.072405625,-2998.1
DFT/dft_runs/Run_10_bccFe_Jij_FeFe/state1_pp,DAV,3,-125.497507198,-398.57
DFT/dft_runs/Run_10_bccFe_Jij_FeFe/state1_pp,DAV,4,-150.058979039,-24.561
DFT/dft_runs/Run_10_bccFe_Jij_FeFe/state1_pp,DAV,5,-150.449046558,-0.39007
DFT/dft_runs/Run_10_bccFe_Jij_FeFe/state1_pp,DAV,6,-133.549098291,16.9
DFT/dft_runs/Run_10_bccFe_Jij_FeFe/state1_pp,DAV,7,-132.280785293,1.2683
DFT/dft_runs/Run_10_bccFe_Jij_FeFe/state1_pp,DAV,8,-132.238443714,0.042342
DFT/dft_runs/Run_10_bccFe_Jij_FeFe/state1_pp,DAV,9,-135.016569815,-2.7781
DFT/dft_runs/Run_10_bccFe_Jij_FeFe/state1_pp,DAV,10,-132.239358919,2.7772
DFT/dft_runs/Run_10_bccFe_Jij_FeFe/state1_pp,DAV,11,-132.458959427,-0.2196
DFT/dft_runs/Run_10_bccFe_Jij_FeFe/state1_pp,DAV,12,-132.190100267,0.26886
DFT/dft_runs/Run_10_bccFe_Jij_FeFe/state1_pp,DAV,13,-132.180951268,0.009149
DFT/dft_runs/Run_10_bccFe_Jij_FeFe/state1_pp,DAV,14,-132.284442032,-0.10349
DFT/dft_runs/Run_10_bccFe_Jij_FeFe/state1_pp,DAV,15,-132.173722817,0.11072
DFT/dft_runs/Run_10_bccFe_Jij_FeFe/state1_pp,DAV,16,-132.18015729,-0.0064345
DFT/dft_runs/Run_10_bccFe_Jij_FeFe/state1_pp,DAV,17,-132.15872728,0.02143
DFT/dft_runs/Run_10_bccFe_Jij_FeFe/state1_pp,DAV,18,-132.161910643,-0.0031834
DFT/dft_runs/Run_10_bccFe_Jij_FeFe/state1_pp,DAV,19,-132.163892617,-0.001982
DFT/dft_runs/Run_10_bccFe_Jij_FeFe/state1_pp,DAV,20,-132.153659055,0.010234
DFT/dft_runs/Run_10_bccFe_Jij_FeFe/state1_pp,DAV,21,-132.153042686,0.00061637
DFT/dft_runs/Run_10_bccFe_Jij_FeFe/state1_pp,DAV,22,-132.153005848,3.6838e-05
DFT/dft_runs/Run_10_bccFe_Jij_FeFe/state1_pp,DAV,23,-132.153934378,-0.00092853
DFT/dft_runs/Run_10_bccFe_Jij_FeFe/state1_pp,DAV,24,-132.154949791,-0.0010154
DFT/dft_runs/Run_10_bccFe_Jij_FeFe/state1_pp,DAV,25,-132.154092731,0.00085706
DFT/dft_runs/Run_10_bccFe_Jij_FeFe/state1_pp,DAV,26,-132.15444375,-0.00035102
DFT/dft_runs/Run_10_bccFe_Jij_FeFe/state1_pp,DAV,27,-132.154529731,-8.5981e-05
DFT/dft_runs/Run_10_bccFe_Jij_FeFe/state1_pp,DAV,28,-132.154472971,5.676e-05
DFT/dft_runs/Run_10_bccFe_Jij_FeFe/state1_pp,DAV,29,-132.154856221,-0.00038325
DFT/dft_runs/Run_10_bccFe_Jij_FeFe/state1_pp,DAV,30,-132.155137914,-0.00028169
DFT/dft_runs/Run_10_bccFe_Jij_FeFe/state1_pp,DAV,31,-132.154996309,0.0001416
DFT/dft_runs/Run_10_bccFe_Jij_FeFe/state1_pp,DAV,32,-132.155337297,-0.00034099
DFT/dft_runs/Run_10_bccFe_Jij_FeFe/state1_pp,DAV,33,-132.155543241,-0.00020594
DFT/dft_runs/Run_10_bccFe_Jij_FeFe/state1_pp,DAV,34,-132.155459476,8.3765e-05
DFT/dft_runs/Run_10_bccFe_Jij_FeFe/state1_pp,DAV,35,-132.155472187,-1.2712e-05
DFT/dft_runs/Run_10_bccFe_Jij_FeFe/state1_pp,DAV,36,-132.155630538,-0.00015835
DFT/dft_runs/Run_10_bccFe_Jij_FeFe/state1_pp,DAV,37,-132.155681934,-5.1396e-05
DFT/dft_runs/Run_10_bccFe_Jij_FeFe/state1_pp,DAV,38,-132.155661084,2.0851e-05
DFT/dft_runs/Run_10_bccFe_Jij_FeFe/state1_pp,DAV,39,-132.155753492,-9.2408e-05
DFT/dft_runs/Run_10_bccFe_Jij_FeFe/state1_pp,DAV,40,-132.155747613,5.8789e-06
DFT/dft_runs/Run_10_bccFe_Jij_FeFe/state1_pp,DAV,41,-132.155759978,-1.2365e-05
DFT/dft_runs/Run_10_bccFe_Jij_FeFe/state1_pp,DAV,42,-132.155790474,-3.0496e-05
DFT/dft_runs/Run_10_bccFe_Jij_FeFe/state1_pp,DAV,43,-132.155792875,-2.4005e-06
DFT/dft_runs/Run_10_bccFe_Jij_FeFe/state1_pp,DAV,44,-132.155791209,1.6658e-06
DFT/dft_runs/Run_10_bccFe_Jij_FeFe/state1_pp,DAV,45,-132.155800538,-9.3294e-06
DFT/dft_runs/Run_10_bccFe_Jij_FeFe/state1_pp,DAV,46,-132.155805509,-4.9711e-06
DFT/dft_runs/Run_10_bccFe_Jij_FeFe/state1_pp,DAV,47,-132.155805616,-1.0714e-07
DFT/dft_runs/Run_10_bccFe_Jij_FeFe/state2_pm,DAV,1,3270.96985873,3271.0
DFT/dft_runs/Run_10_bccFe_Jij_FeFe/state2_pm,DAV,2,273.247070677,-2997.7
DFT/dft_runs/Run_10_bccFe_Jij_FeFe/state2_pm,DAV,3,-125.224920718,-398.47
DFT/dft_runs/Run_10_bccFe_Jij_FeFe/state2_pm,DAV,4,-149.833223551,-24.608
DFT/dft_runs/Run_10_bccFe_Jij_FeFe/state2_pm,DAV,5,-150.218144145,-0.38492
DFT/dft_runs/Run_10_bccFe_Jij_FeFe/state2_pm,DAV,6,-139.012145353,11.206
DFT/dft_runs/Run_10_bccFe_Jij_FeFe/state2_pm,DAV,7,-142.356303646,-3.3442
DFT/dft_runs/Run_10_bccFe_Jij_FeFe/state2_pm,DAV,8,-131.516039758,10.84
DFT/dft_runs/Run_10_bccFe_Jij_FeFe/state2_pm,DAV,9,-132.176346712,-0.66031
DFT/dft_runs/Run_10_bccFe_Jij_FeFe/state2_pm,DAV,10,-131.843599341,0.33275
DFT/dft_runs/Run_10_bccFe_Jij_FeFe/state2_pm,DAV,11,-132.5326724,-0.68907
DFT/dft_runs/Run_10_bccFe_Jij_FeFe/state2_pm,DAV,12,-141.53430826,-9.0016
DFT/dft_runs/Run_10_bccFe_Jij_FeFe/state2_pm,DAV,13,-132.637186957,8.8971
DFT/dft_runs/Run_10_bccFe_Jij_FeFe/state2_pm,DAV,14,-135.374734785,-2.7375
DFT/dft_runs/Run_10_bccFe_Jij_FeFe/state2_pm,DAV,15,-132.929768485,2.445
DFT/dft_runs/Run_10_bccFe_Jij_FeFe/state2_pm,DAV,16,-133.111584574,-0.18182
DFT/dft_runs/Run_10_bccFe_Jij_FeFe/state2_pm,DAV,17,-132.412355315,0.69923
DFT/dft_runs/Run_10_bccFe_Jij_FeFe/state2_pm,DAV,18,-132.225155536,0.1872
DFT/dft_runs/Run_10_bccFe_Jij_FeFe/state2_pm,DAV,19,-132.711991558,-0.48684
DFT/dft_runs/Run_10_bccFe_Jij_FeFe/state2_pm,DAV,20,-132.157002048,0.55499
DFT/dft_runs/Run_10_bccFe_Jij_FeFe/state2_pm,DAV,21,-132.303371704,-0.14637
DFT/dft_runs/Run_10_bccFe_Jij_FeFe/state2_pm,DAV,22,-132.178940896,0.12443
DFT/dft_runs/Run_10_bccFe_Jij_FeFe/state2_pm,DAV,23,-132.165844764,0.013096
DFT/dft_runs/Run_10_bccFe_Jij_FeFe/state2_pm,DAV,24,-132.183892793,-0.018048
DFT/dft_runs/Run_10_bccFe_Jij_FeFe/state2_pm,DAV,25,-132.156884388,0.027008
DFT/dft_runs/Run_10_bccFe_Jij_FeFe/state2_pm,DAV,26,-132.16418432,-0.0072999
DFT/dft_runs/Run_10_bccFe_Jij_FeFe/state2_pm,DAV,27,-132.156795825,0.0073885
DFT/dft_runs/Run_10_bccFe_Jij_FeFe/state2_pm,DAV,28,-132.158632322,-0.0018365
DFT/dft_runs/Run_10_bccFe_Jij_FeFe/state2_pm,DAV,29,-132.162780814,-0.0041485
DFT/dft_runs/Run_10_bccFe_Jij_FeFe/state2_pm,DAV,30,-132.153729672,0.0090511
DFT/dft_runs/Run_10_bccFe_Jij_FeFe/state2_pm,DAV,31,-132.15587541,-0.0021457
DFT/dft_runs/Run_10_bccFe_Jij_FeFe/state2_pm,DAV,32,-132.153457362,0.002418
DFT/dft_runs/Run_10_bccFe_Jij_FeFe/state2_pm,DAV,33,-132.153469086,-1.1724e-05
DFT/dft_runs/Run_10_bccFe_Jij_FeFe/state2_pm,DAV,34,-132.154056569,-0.00058748
DFT/dft_runs/Run_10_bccFe_Jij_FeFe/state2_pm,DAV,35,-132.153500882,0.00055569
DFT/dft_runs/Run_10_bccFe_Jij_FeFe/state2_pm,DAV,36,-132.153683175,-0.00018229
DFT/dft_runs/Run_10_bccFe_Jij_FeFe/state2_pm,DAV,37,-132.153924763,-0.00024159
DFT/dft_runs/Run_10_bccFe_Jij_FeFe/state2_pm,DAV,38,-132.154125646,-0.00020088
DFT/dft_runs/Run_10_bccFe_Jij_FeFe/state2_pm,DAV,39,-132.154834899,-0.00070925
DFT/dft_runs/Run_10_bccFe_Jij_FeFe/state2_pm,DAV,40,-132.154789768,4.5132e-05
DFT/dft_runs/Run_10_bccFe_Jij_FeFe/state2_pm,DAV,41,-132.154465856,0.00032391
DFT/dft_runs/Run_10_bccFe_Jij_FeFe/state2_pm,DAV,42,-132.154804572,-0.00033872
DFT/dft_runs/Run_10_bccFe_Jij_FeFe/state2_pm,DAV,43,-132.155157218,-0.00035265
DFT/dft_runs/Run_10_bccFe_Jij_FeFe/state2_pm,DAV,44,-132.155266574,-0.00010936
DFT/dft_runs/Run_10_bccFe_Jij_FeFe/state2_pm,DAV,45,-132.155343562,-7.6987e-05
DFT/dft_runs/Run_10_bccFe_Jij_FeFe/state2_pm,DAV,46,-132.155575412,-0.00023185
DFT/dft_runs/Run_10_bccFe_Jij_FeFe/state2_pm,DAV,47,-132.155626678,-5.1267e-05
DFT/dft_runs/Run_10_bccFe_Jij_FeFe/state2_pm,DAV,48,-132.155604932,2.1746e-05
DFT/dft_runs/Run_10_bccFe_Jij_FeFe/state2_pm,DAV,49,-132.155697933,-9.3001e-05
DFT/dft_runs/Run_10_bccFe_Jij_FeFe/state2_pm,DAV,50,-132.155750133,-5.22e-05
DFT/dft_runs/Run_10_bccFe_Jij_FeFe/state2_pm,DAV,51,-132.155724972,2.5161e-05
DFT/dft_runs/Run_10_bccFe_Jij_FeFe/state2_pm,DAV,52,-132.155760897,-3.5925e-05
DFT/dft_runs/Run_10_bccFe_Jij_FeFe/state2_pm,DAV,53,-132.155780196,-1.9299e-05
DFT/dft_runs/Run_10_bccFe_Jij_FeFe/state2_pm,DAV,54,-132.155772139,8.0566e-06
DFT/dft_runs/Run_10_bccFe_Jij_FeFe/state2_pm,DAV,55,-132.155789416,-1.7277e-05
DFT/dft_runs/Run_10_bccFe_Jij_FeFe/state2_pm,DAV,56,-132.155795503,-6.0864e-06
DFT/dft_runs/Run_10_bccFe_Jij_FeFe/state2_pm,DAV,57,-132.155794548,9.5441e-07
DFT/dft_runs/Run_10_bccFe_Jij_FeFe/state2_pm,DAV,58,-132.155797945,-3.3969e-06
DFT/dft_runs/Run_10_bccFe_Jij_FeFe/state2_pm,DAV,59,-132.155800864,-2.9185e-06
DFT/dft_runs/Run_10_bccFe_Jij_FeFe/state2_pm,DAV,60,-132.155805384,-4.52e-06
DFT/dft_runs/Run_10_bccFe_Jij_FeFe/state2_pm,DAV,61,-132.155805934,-5.4997e-07
DFT/dft_runs/Run_10_bccFe_Jij_FeFe/state3_mp,DAV,1,3270.9248295,3270.9
DFT/dft_runs/Run_10_bccFe_Jij_FeFe/state3_mp,DAV,2,273.101235749,-2997.8
DFT/dft_runs/Run_10_bccFe_Jij_FeFe/state3_mp,DAV,3,-125.473361073,-398.57
DFT/dft_runs/Run_10_bccFe_Jij_FeFe/state3_mp,DAV,4,-150.047820651,-24.574
DFT/dft_runs/Run_10_bccFe_Jij_FeFe/state3_mp,DAV,5,-150.437438776,-0.38962
DFT/dft_runs/Run_10_bccFe_Jij_FeFe/state3_mp,DAV,6,-149.843766428,0.59367
DFT/dft_runs/Run_10_bccFe_Jij_FeFe/state3_mp,DAV,7,-300.103171659,-150.26
DFT/dft_runs/Run_10_bccFe_Jij_FeFe/state3_mp,DAV,8,-213.112573476,86.991
DFT/dft_runs/Run_10_bccFe_Jij_FeFe/state3_mp,DAV,9,-193.276375246,19.836
DFT/dft_runs/Run_10_bccFe_Jij_FeFe/state3_mp,DAV,10,-181.213210901,12.063
DFT/dft_runs/Run_10_bccFe_Jij_FeFe/state3_mp,DAV,11,-150.394943,30.818
DFT/dft_runs/Run_10_bccFe_Jij_FeFe/state3_mp,DAV,12,-155.505580556,-5.1106
DFT/dft_runs/Run_10_bccFe_Jij_FeFe/state3_mp,DAV,13,-145.281243068,10.224
DFT/dft_runs/Run_10_bccFe_Jij_FeFe/state3_mp,DAV,14,-134.358168666,10.923
DFT/dft_runs/Run_10_bccFe_Jij_FeFe/state3_mp,DAV,15,-145.408676186,-11.051
DFT/dft_runs/Run_10_bccFe_Jij_FeFe/state3_mp,DAV,16,-133.649347972,11.759
DFT/dft_runs/Run_10_bccFe_Jij_FeFe/state3_mp,DAV,17,-132.092576323,1.5568
DFT/dft_runs/Run_10_bccFe_Jij_FeFe/state3_mp,DAV,18,-132.461825184,-0.36925
DFT/dft_runs/Run_10_bccFe_Jij_FeFe/state3_mp,DAV,19,-133.523712013,-1.0619
DFT/dft_runs/Run_10_bccFe_Jij_FeFe/state3_mp,DAV,20,-134.938486422,-1.4148
DFT/dft_runs/Run_10_bccFe_Jij_FeFe/state3_mp,DAV,21,-132.682351762,2.2561
DFT/dft_runs/Run_10_bccFe_Jij_FeFe/state3_mp,DAV,22,-134.026222044,-1.3439
DFT/dft_runs/Run_10_bccFe_Jij_FeFe/state3_mp,DAV,23,-132.52777866,1.4984
DFT/dft_runs/Run_10_bccFe_Jij_FeFe/state3_mp,DAV,24,-132.247698829,0.28008
DFT/dft_runs/Run_10_bccFe_Jij_FeFe/state3_mp,DAV,25,-132.181183216,0.066516
DFT/dft_runs/Run_10_bccFe_Jij_FeFe/state3_mp,DAV,26,-132.016965762,0.16422
DFT/dft_runs/Run_10_bccFe_Jij_FeFe/state3_mp,DAV,27,-132.267745068,-0.25078
DFT/dft_runs/Run_10_bccFe_Jij_FeFe/state3_mp,DAV,28,-131.922752919,0.34499
DFT/dft_runs/Run_10_bccFe_Jij_FeFe/state3_mp,DAV,29,-131.87177653,0.050976
DFT/dft_runs/Run_10_bccFe_Jij_FeFe/state3_mp,DAV,30,-131.753528882,0.11825
DFT/dft_runs/Run_10_bccFe_Jij_FeFe/state3_mp,DAV,31,-131.714063524,0.039465
DFT/dft_runs/Run_10_bccFe_Jij_FeFe/state3_mp,DAV,32,-131.7186933,-0.0046298
DFT/dft_runs/Run_10_bccFe_Jij_FeFe/state3_mp,DAV,33,-131.716388664,0.0023046
DFT/dft_runs/Run_10_bccFe_Jij_FeFe/state3_mp,DAV,34,-131.715454578,0.00093409
DFT/dft_runs/Run_10_bccFe_Jij_FeFe/state3_mp,DAV,35,-131.717924816,-0.0024702
DFT/dft_runs/Run_10_bccFe_Jij_FeFe/state3_mp,DAV,36,-131.715114765,0.0028101
DFT/dft_runs/Run_10_bccFe_Jij_FeFe/state3_mp,DAV,37,-131.713625229,0.0014895
DFT/dft_runs/Run_10_bccFe_Jij_FeFe/state3_mp,DAV,38,-131.710563489,0.0030617
DFT/dft_runs/Run_10_bccFe_Jij_FeFe/state3_mp,DAV,39,-131.68508565,0.025478
DFT/dft_runs/Run_10_bccFe_Jij_FeFe/state3_mp,DAV,40,-131.67760349,0.0074822
DFT/dft_runs/Run_10_bccFe_Jij_FeFe/state3_mp,DAV,41,-131.671433144,0.0061703
DFT/dft_runs/Run_10_bccFe_Jij_FeFe/state3_mp,DAV,42,-131.672539039,-0.0011059
DFT/dft_runs/Run_10_bccFe_Jij_FeFe/state3_mp,DAV,43,-131.692832754,-0.020294
DFT/dft_runs/Run_10_bccFe_Jij_FeFe/state3_mp,DAV,44,-131.69566224,-0.0028295
DFT/dft_runs/Run_10_bccFe_Jij_FeFe/state3_mp,DAV,45,-131.690044326,0.0056179
DFT/dft_runs/Run_10_bccFe_Jij_FeFe/state3_mp,DAV,46,-131.688665786,0.0013785
DFT/dft_runs/Run_10_bccFe_Jij_FeFe/state3_mp,DAV,47,-131.685193499,0.0034723
DFT/dft_runs/Run_10_bccFe_Jij_FeFe/state3_mp,DAV,48,-131.695052827,-0.0098593
DFT/dft_runs/Run_10_bccFe_Jij_FeFe/state3_mp,DAV,49,-131.696076515,-0.0010237
DFT/dft_runs/Run_10_bccFe_Jij_FeFe/state3_mp,DAV,50,-131.69503816,0.0010384
DFT/dft_runs/Run_10_bccFe_Jij_FeFe/state3_mp,DAV,51,-131.687468559,0.0075696
DFT/dft_runs/Run_10_bccFe_Jij_FeFe/state3_mp,DAV,52,-131.688893402,-0.0014248
DFT/dft_runs/Run_10_bccFe_Jij_FeFe/state3_mp,DAV,53,-131.688311011,0.00058239
DFT/dft_runs/Run_10_bccFe_Jij_FeFe/state3_mp,DAV,54,-131.689725054,-0.001414
DFT/dft_runs/Run_10_bccFe_Jij_FeFe/state3_mp,DAV,55,-131.690790506,-0.0010655
DFT/dft_runs/Run_10_bccFe_Jij_FeFe/state3_mp,DAV,56,-131.689389425,0.0014011
DFT/dft_runs/Run_10_bccFe_Jij_FeFe/state3_mp,DAV,57,-131.690471618,-0.0010822
DFT/dft_runs/Run_10_bccFe_Jij_FeFe/state3_mp,DAV,58,-131.691380444,-0.00090883
DFT/dft_runs/Run_10_bccFe_Jij_FeFe/state3_mp,DAV,59,-131.691909865,-0.00052942
DFT/dft_runs/Run_10_bccFe_Jij_FeFe/state3_mp,DAV,60,-131.693038638,-0.0011288
DFT/dft_runs/Run_10_bccFe_Jij_FeFe/state3_mp,DAV,61,-131.694189702,-0.0011511
DFT/dft_runs/Run_10_bccFe_Jij_FeFe/state3_mp,DAV,62,-131.694103882,8.582e-05
DFT/dft_runs/Run_10_bccFe_Jij_FeFe/state3_mp,DAV,63,-131.693754002,0.00034988
DFT/dft_runs/Run_10_bccFe_Jij_FeFe/state3_mp,DAV,64,-131.692885556,0.00086845
DFT/dft_runs/Run_10_bccFe_Jij_FeFe/state3_mp,DAV,65,-131.692621311,0.00026425
DFT/dft_runs/Run_10_bccFe_Jij_FeFe/state3_mp,DAV,66,-131.691977028,0.00064428
DFT/dft_runs/Run_10_bccFe_Jij_FeFe/state3_mp,DAV,67,-131.692026597,-4.9569e-05
DFT/dft_runs/Run_10_bccFe_Jij_FeFe/state3_mp,DAV,68,-131.692040082,-1.3484e-05
DFT/dft_runs/Run_10_bccFe_Jij_FeFe/state3_mp,DAV,69,-131.692132735,-9.2653e-05
DFT/dft_runs/Run_10_bccFe_Jij_FeFe/state3_mp,DAV,70,-131.692370703,-0.00023797
DFT/dft_runs/Run_10_bccFe_Jij_FeFe/state3_mp,DAV,71,-131.692103849,0.00026685
DFT/dft_runs/Run_10_bccFe_Jij_FeFe/state3_mp,DAV,72,-131.692114679,-1.0829e-05
DFT/dft_runs/Run_10_bccFe_Jij_FeFe/state3_mp,DAV,73,-131.69215229,-3.7611e-05
DFT/dft_runs/Run_10_bccFe_Jij_FeFe/state3_mp,DAV,74,-131.692158193,-5.9035e-06
DFT/dft_runs/Run_10_bccFe_Jij_FeFe/state3_mp,DAV,75,-131.692226507,-6.8314e-05
DFT/dft_runs/Run_10_bccFe_Jij_FeFe/state3_mp,DAV,76,-131.692321138,-9.4631e-05
DFT/dft_runs/Run_10_bccFe_Jij_FeFe/state3_mp,DAV,77,-131.692324595,-3.4568e-06
DFT/dft_runs/Run_10_bccFe_Jij_FeFe/state3_mp,DAV,78,-131.692317972,6.6231e-06
DFT/dft_runs/Run_10_bccFe_Jij_FeFe/state3_mp,DAV,79,-131.692281968,3.6003e-05
DFT/dft_runs/Run_10_bccFe_Jij_FeFe/state3_mp,DAV,80,-131.692253156,2.8812e-05
DFT/dft_runs/Run_10_bccFe_Jij_FeFe/state3_mp,DAV,81,-131.692255332,-2.1753e-06
DFT/dft_runs/Run_10_bccFe_Jij_FeFe/state3_mp,DAV,82,-131.692245358,9.9734e-06
DFT/dft_runs/Run_10_bccFe_Jij_FeFe/state3_mp,DAV,83,-131.692236202,9.1561e-06
DFT/dft_runs/Run_10_bccFe_Jij_FeFe/state3_mp,DAV,84,-131.692245537,-9.3352e-06
DFT/dft_runs/Run_10_bccFe_Jij_FeFe/state3_mp,DAV,85,-131.69225202,-6.4826e-06
DFT/dft_runs/Run_10_bccFe_Jij_FeFe/state3_mp,DAV,86,-131.692256234,-4.2145e-06
DFT/dft_runs/Run_10_bccFe_Jij_FeFe/state3_mp,DAV,87,-131.692258399,-2.1643e-06
DFT/dft_runs/Run_10_bccFe_Jij_FeFe/state3_mp,DAV,88,-131.69225796,4.383e-07
DFT/dft_runs/Run_10_bccFe_Jij_FeFe/state4_mm,DAV,1,3270.81423363,3270.8
DFT/dft_runs/Run_10_bccFe_Jij_FeFe/state4_mm,DAV,2,273.126329072,-2997.7
DFT/dft_runs/Run_10_bccFe_Jij_FeFe/state4_mm,DAV,3,-125.202269036,-398.33
DFT/dft_runs/Run_10_bccFe_Jij_FeFe/state4_mm,DAV,4,-149.792574752,-24.59
DFT/dft_runs/Run_10_bccFe_Jij_FeFe/state4_mm,DAV,5,-150.177885392,-0.38531
DFT/dft_runs/Run_10_bccFe_Jij_FeFe/state4_mm,DAV,6,-148.560513904,1.6174
DFT/dft_runs/Run_10_bccFe_Jij_FeFe/state4_mm,DAV,7,-215.921213317,-67.361
DFT/dft_runs/Run_10_bccFe_Jij_FeFe/state4_mm,DAV,8,-230.903268945,-14.982
DFT/dft_runs/Run_10_bccFe_Jij_FeFe/state4_mm,DAV,9,-145.461835364,85.441
DFT/dft_runs/Run_10_bccFe_Jij_FeFe/state4_mm,DAV,10,-154.135759894,-8.6739
DFT/dft_runs/Run_10_bccFe_Jij_FeFe/state4_mm,DAV,11,-156.919068351,-2.7833
DFT/dft_runs/Run_10_bccFe_Jij_FeFe/state4_mm,DAV,12,-138.87361778,18.045
DFT/dft_runs/Run_10_bccFe_Jij_FeFe/state4_mm,DAV,13,-135.921731994,2.9519
DFT/dft_runs/Run_10_bccFe_Jij_FeFe/state4_mm,DAV,14,-132.973917053,2.9478
DFT/dft_runs/Run_10_bccFe_Jij_FeFe/state4_mm,DAV,15,-136.943590249,-3.9697
DFT/dft_runs/Run_10_bccFe_Jij_FeFe/state4_mm,DAV,16,-131.219485978,5.7241
DFT/dft_runs/Run_10_bccFe_Jij_FeFe/state4_mm,DAV,17,-130.819760377,0.39973
DFT/dft_runs/Run_10_bccFe_Jij_FeFe/state4_mm,DAV,18,-132.215366723,-1.3956
DFT/dft_runs/Run_10_bccFe_Jij_FeFe/state4_mm,DAV,19,-131.498539661,0.71683
DFT/dft_runs/Run_10_bccFe_Jij_FeFe/state4_mm,DAV,20,-133.47457356,-1.976
DFT/dft_runs/Run_10_bccFe_Jij_FeFe/state4_mm,DAV,21,-132.478046196,0.99653
DFT/dft_runs/Run_10_bccFe_Jij_FeFe/state4_mm,DAV,22,-134.619878125,-2.1418
DFT/dft_runs/Run_10_bccFe_Jij_FeFe/state4_mm,DAV,23,-132.754666889,1.8652
DFT/dft_runs/Run_10_bccFe_Jij_FeFe/state4_mm,DAV,24,-133.497854088,-0.74319
DFT/dft_runs/Run_10_bccFe_Jij_FeFe/state4_mm,DAV,25,-132.174805117,1.323
DFT/dft_runs/Run_10_bccFe_Jij_FeFe/state4_mm,DAV,26,-132.246237314,-0.071432
DFT/dft_runs/Run_10_bccFe_Jij_FeFe/state4_mm,DAV,27,-131.939083564,0.30715
DFT/dft_runs/Run_10_bccFe_Jij_FeFe/state4_mm,DAV,28,-131.816287796,0.1228
DFT/dft_runs/Run_10_bccFe_Jij_FeFe/state4_mm,DAV,29,-132.169657416,-0.35337
DFT/dft_runs/Run_10_bccFe_Jij_FeFe/state4_mm,DAV,30,-131.827371816,0.34229
DFT/dft_runs/Run_10_bccFe_Jij_FeFe/state4_mm,DAV,31,-131.849298465,-0.021927
DFT/dft_runs/Run_10_bccFe_Jij_FeFe/state4_mm,DAV,32,-131.840397933,0.0089005
DFT/dft_runs/Run_10_bccFe_Jij_FeFe/state4_mm,DAV,33,-131.826334907,0.014063
DFT/dft_runs/Run_10_bccFe_Jij_FeFe/state4_mm,DAV,34,-131.855703723,-0.029369
DFT/dft_runs/Run_10_bccFe_Jij_FeFe/state4_mm,DAV,35,-131.825101522,0.030602
DFT/dft_runs/Run_10_bccFe_Jij_FeFe/state4_mm,DAV,36,-131.816022479,0.009079
DFT/dft_runs/Run_10_bccFe_Jij_FeFe/state4_mm,DAV,37,-131.825805974,-0.0097835
DFT/dft_runs/Run_10_bccFe_Jij_FeFe/state4_mm,DAV,38,-131.81350744,0.012299
DFT/dft_runs/Run_10_bccFe_Jij_FeFe/state4_mm,DAV,39,-131.815005419,-0.001498
DFT/dft_runs/Run_10_bccFe_Jij_FeFe/state4_mm,DAV,40,-131.822288677,-0.0072833
DFT/dft_runs/Run_10_bccFe_Jij_FeFe/state4_mm,DAV,41,-131.813310937,0.0089777
DFT/dft_runs/Run_10_bccFe_Jij_FeFe/state4_mm,DAV,42,-131.814056608,-0.00074567
DFT/dft_runs/Run_10_bccFe_Jij_FeFe/state4_mm,DAV,43,-131.81307494,0.00098167
DFT/dft_runs/Run_10_bccFe_Jij_FeFe/state4_mm,DAV,44,-131.813447009,-0.00037207
DFT/dft_runs/Run_10_bccFe_Jij_FeFe/state4_mm,DAV,45,-131.813664585,-0.00021758
DFT/dft_runs/Run_10_bccFe_Jij_FeFe/state4_mm,DAV,46,-131.813112672,0.00055191
DFT/dft_runs/Run_10_bccFe_Jij_FeFe/state4_mm,DAV,47,-131.812874336,0.00023834
DFT/dft_runs/Run_10_bccFe_Jij_FeFe/state4_mm,DAV,48,-131.813378556,-0.00050422
DFT/dft_runs/Run_10_bccFe_Jij_FeFe/state4_mm,DAV,49,-131.813365018,1.3538e-05
DFT/dft_runs/Run_10_bccFe_Jij_FeFe/state4_mm,DAV,50,-131.81303837,0.00032665
DFT/dft_runs/Run_10_bccFe_Jij_FeFe/state4_mm,DAV,51,-131.812991391,4.6979e-05
DFT/dft_runs/Run_10_bccFe_Jij_FeFe/state4_mm,DAV,52,-131.812975444,1.5946e-05
DFT/dft_runs/Run_10_bccFe_Jij_FeFe/state4_mm,DAV,53,-131.813260454,-0.00028501
DFT/dft_runs/Run_10_bccFe_Jij_FeFe/state4_mm,DAV,54,-131.813263403,-2.9489e-06
DFT/dft_runs/Run_10_bccFe_Jij_FeFe/state4_mm,DAV,55,-131.813175869,8.7534e-05
DFT/dft_runs/Run_10_bccFe_Jij_FeFe/state4_mm,DAV,56,-131.813130135,4.5735e-05
DFT/dft_runs/Run_10_bccFe_Jij_FeFe/state4_mm,DAV,57,-131.813140182,-1.0047e-05
DFT/dft_runs/Run_10_bccFe_Jij_FeFe/state4_mm,DAV,58,-131.813287444,-0.00014726
DFT/dft_runs/Run_10_bccFe_Jij_FeFe/state4_mm,DAV,59,-131.813393634,-0.00010619
DFT/dft_runs/Run_10_bccFe_Jij_FeFe/state4_mm,DAV,60,-131.813255166,0.00013847
DFT/dft_runs/Run_10_bccFe_Jij_FeFe/state4_mm,DAV,61,-131.813239773,1.5393e-05
DFT/dft_runs/Run_10_bccFe_Jij_FeFe/state4_mm,DAV,62,-131.813346504,-0.00010673
DFT/dft_runs/Run_10_bccFe_Jij_FeFe/state4_mm,DAV,63,-131.81339172,-4.5216e-05
DFT/dft_runs/Run_10_bccFe_Jij_FeFe/state4_mm,DAV,64,-131.813321686,7.0034e-05
DFT/dft_runs/Run_10_bccFe_Jij_FeFe/state4_mm,DAV,65,-131.813336702,-1.5017e-05
DFT/dft_runs/Run_10_bccFe_Jij_FeFe/state4_mm,DAV,66,-131.813347681,-1.0979e-05
DFT/dft_runs/Run_10_bccFe_Jij_FeFe/state4_mm,DAV,67,-131.813389307,-4.1626e-05
DFT/dft_runs/Run_10_bccFe_Jij_FeFe/state4_mm,DAV,68,-131.813354958,3.4348e-05
DFT/dft_runs/Run_10_bccFe_Jij_FeFe/state4_mm,DAV,69,-131.813364805,-9.8466e-06
DFT/dft_runs/Run_10_bccFe_Jij_FeFe/state4_mm,DAV,70,-131.813367017,-2.2122e-06
DFT/dft_runs/Run_10_bccFe_Jij_FeFe/state4_mm,DAV,71,-131.813365477,1.5402e-06
DFT/dft_runs/Run_10_bccFe_Jij_FeFe/state4_mm,DAV,72,-131.813374052,-8.5756e-06
DFT/dft_runs/Run_10_bccFe_Jij_FeFe/state4_mm,DAV,73,-131.81338955,-1.5497e-05
DFT/dft_runs/Run_10_bccFe_Jij_FeFe/state4_mm,DAV,74,-131.813389462,8.8081e-08
DFT/dft_runs/Run_11_B2FeCo_vol_a2.780,DAV,1,158.062606964,158.06
DFT/dft_runs/Run_11_B2FeCo_vol_a2.780,DAV,2,-11.4279451576,-169.49
DFT/dft_runs/Run_11_B2FeCo_vol_a2.780,DAV,3,-17.189132435,-5.7612
DFT/dft_runs/Run_11_B2FeCo_vol_a2.780,DAV,4,-17.2819182497,-0.092786
DFT/dft_runs/Run_11_B2FeCo_vol_a2.780,DAV,5,-17.2856347939,-0.0037165
DFT/dft_runs/Run_11_B2FeCo_vol_a2.780,DAV,6,-15.5433089673,1.7423
DFT/dft_runs/Run_11_B2FeCo_vol_a2.780,DAV,7,-15.4649466083,0.078362
DFT/dft_runs/Run_11_B2FeCo_vol_a2.780,DAV,8,-15.4451388781,0.019808
DFT/dft_runs/Run_11_B2FeCo_vol_a2.780,DAV,9,-15.3783155749,0.066823
DFT/dft_runs/Run_11_B2FeCo_vol_a2.780,DAV,10,-15.3679827623,0.010333
DFT/dft_runs/Run_11_B2FeCo_vol_a2.780,DAV,11,-15.3683268302,-0.00034407
DFT/dft_runs/Run_11_B2FeCo_vol_a2.780,DAV,12,-15.3683986446,-7.1814e-05
DFT/dft_runs/Run_11_B2FeCo_vol_a2.780,DAV,13,-15.3683950163,3.6284e-06
DFT/dft_runs/Run_11_B2FeCo_vol_a2.780,DAV,14,-15.3683951716,-1.553e-07
DFT/dft_runs/Run_12_B2FeCo_vol_a2.820,DAV,1,159.818646663,159.82
DFT/dft_runs/Run_12_B2FeCo_vol_a2.820,DAV,2,-11.2639780831,-171.08
DFT/dft_runs/Run_12_B2FeCo_vol_a2.820,DAV,3,-17.2633001292,-5.9993
DFT/dft_runs/Run_12_B2FeCo_vol_a2.820,DAV,4,-17.3617896859,-0.09849
DFT/dft_runs/Run_12_B2FeCo_vol_a2.820,DAV,5,-17.3656032352,-0.0038135
DFT/dft_runs/Run_12_B2FeCo_vol_a2.820,DAV,6,-15.644857326,1.7207
DFT/dft_runs/Run_12_B2FeCo_vol_a2.820,DAV,7,-15.5682390842,0.076618
DFT/dft_runs/Run_12_B2FeCo_vol_a2.820,DAV,8,-15.4935410935,0.074698
DFT/dft_runs/Run_12_B2FeCo_vol_a2.820,DAV,9,-15.4362516148,0.057289
DFT/dft_runs/Run_12_B2FeCo_vol_a2.820,DAV,10,-15.4257376883,0.010514
DFT/dft_runs/Run_12_B2FeCo_vol_a2.820,DAV,11,-15.425916886,-0.0001792
DFT/dft_runs/Run_12_B2FeCo_vol_a2.820,DAV,12,-15.4259883559,-7.147e-05
DFT/dft_runs/Run_12_B2FeCo_vol_a2.820,DAV,13,-15.4259849885,3.3674e-06
DFT/dft_runs/Run_12_B2FeCo_vol_a2.820,DAV,14,-15.4259852748,-2.8629e-07
DFT/dft_runs/Run_13_B2FeCo_vol_a2.850,DAV,1,162.280735769,162.28
DFT/dft_runs/Run_13_B2FeCo_vol_a2.850,DAV,2,-11.1384208059,-173.42
DFT/dft_runs/Run_13_B2FeCo_vol_a2.850,DAV,3,-17.2784740954,-6.1401
DFT/dft_runs/Run_13_B2FeCo_vol_a2.850,DAV,4,-17.3806164308,-0.10214
DFT/dft_runs/Run_13_B2FeCo_vol_a2.850,DAV,5,-17.3848946934,-0.0042783
DFT/dft_runs/Run_13_B2FeCo_vol_a2.850,DAV,6,-15.689479683,1.6954
DFT/dft_runs/Run_13_B2FeCo_vol_a2.850,DAV,7,-15.6021698651,0.08731
DFT/dft_runs/Run_13_B2FeCo_vol_a2.850,DAV,8,-15.4987664048,0.1034
DFT/dft_runs/Run_13_B2FeCo_vol_a2.850,DAV,9,-15.4438361296,0.05493
DFT/dft_runs/Run_13_B2FeCo_vol_a2.850,DAV,10,-15.4329727798,0.010863
DFT/dft_runs/Run_13_B2FeCo_vol_a2.850,DAV,11,-15.4332561501,-0.00028337
DFT/dft_runs/Run_13_B2FeCo_vol_a2.850,DAV,12,-15.4332384925,1.7658e-05
DFT/dft_runs/Run_13_B2FeCo_vol_a2.850,DAV,13,-15.4332369819,1.5106e-06
DFT/dft_runs/Run_13_B2FeCo_vol_a2.850,DAV,14,-15.4332371918,-2.0993e-07
DFT/dft_runs/Run_14_B2FeCo_vol_a2.857,DAV,1,161.024659403,161.02
DFT/dft_runs/Run_14_B2FeCo_vol_a2.857,DAV,2,-11.2841755687,-172.31
DFT/dft_runs/Run_14_B2FeCo_vol_a2.857,DAV,3,-17.2799009647,-5.9957
DFT/dft_runs/Run_14_B2FeCo_vol_a2.857,DAV,4,-17.3807533641,-0.10085
DFT/dft_runs/Run_14_B2FeCo_vol_a2.857,DAV,5,-17.384867664,-0.0041143
DFT/dft_runs/Run_14_B2FeCo_vol_a2.857,DAV,6,-15.6961026079,1.6888
DFT/dft_runs/Run_14_B2FeCo_vol_a2.857,DAV,7,-15.6093946542,0.086708
DFT/dft_runs/Run_14_B2FeCo_vol_a2.857,DAV,8,-15.4949844202,0.11441
DFT/dft_runs/Run_14_B2FeCo_vol_a2.857,DAV,9,-15.4416766149,0.053308
DFT/dft_runs/Run_14_B2FeCo_vol_a2.857,DAV,10,-15.4307477834,0.010929
DFT/dft_runs/Run_14_B2FeCo_vol_a2.857,DAV,11,-15.431050932,-0.00030315
DFT/dft_runs/Run_14_B2FeCo_vol_a2.857,DAV,12,-15.4310219271,2.9005e-05
DFT/dft_runs/Run_14_B2FeCo_vol_a2.857,DAV,13,-15.4310217002,2.2691e-07
DFT/dft_runs/Run_14_B2FeCo_vol_a2.857,DAV,14,-15.4310219999,-2.997e-07
DFT/dft_runs/Run_15_B2FeCo_vol_a2.880,DAV,1,162.136891943,162.14
DFT/dft_runs/Run_15_B2FeCo_vol_a2.880,DAV,2,-11.1767395846,-173.31
DFT/dft_runs/Run_15_B2FeCo_vol_a2.880,DAV,3,-17.2647754437,-6.088
DFT/dft_runs/Run_15_B2FeCo_vol_a2.880,DAV,4,-17.3692312571,-0.10446
DFT/dft_runs/Run_15_B2FeCo_vol_a2.880,DAV,5,-17.3735287005,-0.0042974
DFT/dft_runs/Run_15_B2FeCo_vol_a2.880,DAV,6,-15.7101707991,1.6634
DFT/dft_runs/Run_15_B2FeCo_vol_a2.880,DAV,7,-15.6381962478,0.071975
DFT/dft_runs/Run_15_B2FeCo_vol_a2.880,DAV,8,-15.471749475,0.16645
DFT/dft_runs/Run_15_B2FeCo_vol_a2.880,DAV,9,-15.4250091552,0.04674
DFT/dft_runs/Run_15_B2FeCo_vol_a2.880,DAV,10,-15.4141557524,0.010853
DFT/dft_runs/Run_15_B2FeCo_vol_a2.880,DAV,11,-15.4143766349,-0.00022088
DFT/dft_runs/Run_15_B2FeCo_vol_a2.880,DAV,12,-15.4143514408,2.5194e-05
DFT/dft_runs/Run_15_B2FeCo_vol_a2.880,DAV,13,-15.414354675,-3.2342e-06
DFT/dft_runs/Run_15_B2FeCo_vol_a2.880,DAV,14,-15.4143547404,-6.5491e-08
DFT/dft_runs/Run_16_B2FeCo_vol_a2.910,DAV,1,165.302364545,165.3
DFT/dft_runs/Run_16_B2FeCo_vol_a2.910,DAV,2,-10.8422725344,-176.14
DFT/dft_runs/Run_16_B2FeCo_vol_a2.910,DAV,3,-17.2205899308,-6.3783
DFT/dft_runs/Run_16_B2FeCo_vol_a2.910,DAV,4,-17.3308973013,-0.11031
DFT/dft_runs/Run_16_B2FeCo_vol_a2.910,DAV,5,-17.3353726177,-0.0044753
DFT/dft_runs/Run_16_B2FeCo_vol_a2.910,DAV,6,-15.710448931,1.6249
DFT/dft_runs/Run_16_B2FeCo_vol_a2.910,DAV,7,-15.6702782129,0.040171
DFT/dft_runs/Run_16_B2FeCo_vol_a2.910,DAV,8,-15.4243461039,0.24593
DFT/dft_runs/Run_16_B2FeCo_vol_a2.910,DAV,9,-15.3830484225,0.041298
DFT/dft_runs/Run_16_B2FeCo_vol_a2.910,DAV,10,-15.3724301887,0.010618
DFT/dft_runs/Run_16_B2FeCo_vol_a2.910,DAV,11,-15.3725875537,-0.00015737
DFT/dft_runs/Run_16_B2FeCo_vol_a2.910,DAV,12,-15.3726173548,-2.9801e-05
DFT/dft_runs/Run_16_B2FeCo_vol_a2.910,DAV,13,-15.3726211608,-3.806e-06
DFT/dft_runs/Run_16_B2FeCo_vol_a2.910,DAV,14,-15.37261992,1.2408e-06
DFT/dft_runs/Run_16_B2FeCo_vol_a2.910,DAV,15,-15.3726195355,3.8448e-07
DFT/dft_runs/Run_17_B2FeCo_vol_a2.940,DAV,1,165.359299863,165.36
DFT/dft_runs/Run_17_B2FeCo_vol_a2.940,DAV,2,-10.6545078477,-176.01
DFT/dft_runs/Run_17_B2FeCo_vol_a2.940,DAV,3,-17.1535114804,-6.499
DFT/dft_runs/Run_17_B2FeCo_vol_a2.940,DAV,4,-17.2661158711,-0.1126
DFT/dft_runs/Run_17_B2FeCo_vol_a2.940,DAV,5,-17.2706302083,-0.0045143
DFT/dft_runs/Run_17_B2FeCo_vol_a2.940,DAV,6,-15.6998520242,1.5708
DFT/dft_runs/Run_17_B2FeCo_vol_a2.940,DAV,7,-15.8141136915,-0.11426
DFT/dft_runs/Run_17_B2FeCo_vol_a2.940,DAV,8,-15.3458233762,0.46829
DFT/dft_runs/Run_17_B2FeCo_vol_a2.940,DAV,9,-15.318947342,0.026876
DFT/dft_runs/Run_17_B2FeCo_vol_a2.940,DAV,10,-15.3084230463,0.010524
DFT/dft_runs/Run_17_B2FeCo_vol_a2.940,DAV,11,-15.3089282471,-0.0005052
DFT/dft_runs/Run_17_B2FeCo_vol_a2.940,DAV,12,-15.3087440845,0.00018416
DFT/dft_runs/Run_17_B2FeCo_vol_a2.940,DAV,13,-15.3087577623,-1.3678e-05
DFT/dft_runs/Run_17_B2FeCo_vol_a2.940,DAV,14,-15.3087579533,-1.9106e-07
DFT/dft_runs/Run_17_B2FeCo_vol_a2.940,DAV,15,-15.3087575957,3.5767e-07
DFT/dft_runs/Run_20_B2FeCo_Jij_FeFe/state1_pp,DAV,1,2277.09465414,2277.1
DFT/dft_runs/Run_20_B2FeCo_Jij_FeFe/state1_pp,DAV,2,202.929707331,-2074.2
DFT/dft_runs/Run_20_B2FeCo_Jij_FeFe/state1_pp,DAV,3,-116.468650104,-319.4
DFT/dft_runs/Run_20_B2FeCo_Jij_FeFe/state1_pp,DAV,4,-138.407542086,-21.939
DFT/dft_runs/Run_20_B2FeCo_Jij_FeFe/state1_pp,DAV,5,-138.912953869,-0.50541
DFT/dft_runs/Run_20_B2FeCo_Jij_FeFe/state1_pp,DAV,6,-124.133067179,14.78
DFT/dft_runs/Run_20_B2FeCo_Jij_FeFe/state1_pp,DAV,7,-123.810645846,0.32242
DFT/dft_runs/Run_20_B2FeCo_Jij_FeFe/state1_pp,DAV,8,-123.809641957,0.0010039
DFT/dft_runs/Run_20_B2FeCo_Jij_FeFe/state1_pp,DAV,9,-123.829942618,-0.020301
DFT/dft_runs/Run_20_B2FeCo_Jij_FeFe/state1_pp,DAV,10,-133.31553497,-9.4856
DFT/dft_runs/Run_20_B2FeCo_Jij_FeFe/state1_pp,DAV,11,-128.427786841,4.8877
DFT/dft_runs/Run_20_B2FeCo_Jij_FeFe/state1_pp,DAV,12,-129.553496274,-1.1257
DFT/dft_runs/Run_20_B2FeCo_Jij_FeFe/state1_pp,DAV,13,-124.984149043,4.5693
DFT/dft_runs/Run_20_B2FeCo_Jij_FeFe/state1_pp,DAV,14,-125.974635123,-0.99049
DFT/dft_runs/Run_20_B2FeCo_Jij_FeFe/state1_pp,DAV,15,-123.627407115,2.3472
DFT/dft_runs/Run_20_B2FeCo_Jij_FeFe/state1_pp,DAV,16,-123.664304089,-0.036897
DFT/dft_runs/Run_20_B2FeCo_Jij_FeFe/state1_pp,DAV,17,-123.422972007,0.24133
DFT/dft_runs/Run_20_B2FeCo_Jij_FeFe/state1_pp,DAV,18,-123.472138824,-0.049167
DFT/dft_runs/Run_20_B2FeCo_Jij_FeFe/state1_pp,DAV,19,-123.451588411,0.02055
DFT/dft_runs/Run_20_B2FeCo_Jij_FeFe/state1_pp,DAV,20,-123.458255825,-0.0066674
DFT/dft_runs/Run_20_B2FeCo_Jij_FeFe/state1_pp,DAV,21,-123.441996134,0.01626
DFT/dft_runs/Run_20_B2FeCo_Jij_FeFe/state1_pp,DAV,22,-123.439129986,0.0028661
DFT/dft_runs/Run_20_B2FeCo_Jij_FeFe/state1_pp,DAV,23,-123.433746516,0.0053835
DFT/dft_runs/Run_20_B2FeCo_Jij_FeFe/state1_pp,DAV,24,-123.446439893,-0.012693
DFT/dft_runs/Run_20_B2FeCo_Jij_FeFe/state1_pp,DAV,25,-123.43879794,0.007642
DFT/dft_runs/Run_20_B2FeCo_Jij_FeFe/state1_pp,DAV,26,-123.440354719,-0.0015568
DFT/dft_runs/Run_20_B2FeCo_Jij_FeFe/state1_pp,DAV,27,-123.438141328,0.0022134
DFT/dft_runs/Run_20_B2FeCo_Jij_FeFe/state1_pp,DAV,28,-123.435310441,0.0028309
DFT/dft_runs/Run_20_B2FeCo_Jij_FeFe/state1_pp,DAV,29,-123.434677232,0.00063321
DFT/dft_runs/Run_20_B2FeCo_Jij_FeFe/state1_pp,DAV,30,-123.434417374,0.00025986
DFT/dft_runs/Run_20_B2FeCo_Jij_FeFe/state1_pp,DAV,31,-123.434770375,-0.000353
DFT/dft_runs/Run_20_B2FeCo_Jij_FeFe/state1_pp,DAV,32,-123.434481533,0.00028884
DFT/dft_runs/Run_20_B2FeCo_Jij_FeFe/state1_pp,DAV,33,-123.434704113,-0.00022258
DFT/dft_runs/Run_20_B2FeCo_Jij_FeFe/state1_pp,DAV,34,-123.434583368,0.00012074
DFT/dft_runs/Run_20_B2FeCo_Jij_FeFe/state1_pp,DAV,35,-123.434611448,-2.8079e-05
DFT/dft_runs/Run_20_B2FeCo_Jij_FeFe/state1_pp,DAV,36,-123.434626923,-1.5475e-05
DFT/dft_runs/Run_20_B2FeCo_Jij_FeFe/state1_pp,DAV,37,-123.434531368,9.5556e-05
DFT/dft_runs/Run_20_B2FeCo_Jij_FeFe/state1_pp,DAV,38,-123.434706383,-0.00017502
DFT/dft_runs/Run_20_B2FeCo_Jij_FeFe/state1_pp,DAV,39,-123.434729978,-2.3595e-05
DFT/dft_runs/Run_20_B2FeCo_Jij_FeFe/state1_pp,DAV,40,-123.434726985,2.9939e-06
DFT/dft_runs/Run_20_B2FeCo_Jij_FeFe/state1_pp,DAV,41,-123.434801403,-7.4418e-05
DFT/dft_runs/Run_20_B2FeCo_Jij_FeFe/state1_pp,DAV,42,-123.434788144,1.3259e-05
DFT/dft_runs/Run_20_B2FeCo_Jij_FeFe/state1_pp,DAV,43,-123.434803906,-1.5762e-05
DFT/dft_runs/Run_20_B2FeCo_Jij_FeFe/state1_pp,DAV,44,-123.434849346,-4.544e-05
DFT/dft_runs/Run_20_B2FeCo_Jij_FeFe/state1_pp,DAV,45,-123.434837821,1.1524e-05
DFT/dft_runs/Run_20_B2FeCo_Jij_FeFe/state1_pp,DAV,46,-123.434861381,-2.356e-05
DFT/dft_runs/Run_20_B2FeCo_Jij_FeFe/state1_pp,DAV,47,-123.434865019,-3.6375e-06
DFT/dft_runs/Run_20_B2FeCo_Jij_FeFe/state1_pp,DAV,48,-123.43487318,-8.1608e-06
DFT/dft_runs/Run_20_B2FeCo_Jij_FeFe/state1_pp,DAV,49,-123.434870934,2.246e-06
DFT/dft_runs/Run_20_B2FeCo_Jij_FeFe/state1_pp,DAV,50,-123.434875725,-4.7914e-06
DFT/dft_runs/Run_20_B2FeCo_Jij_FeFe/state1_pp,DAV,51,-123.434873006,2.7191e-06
DFT/dft_runs/Run_20_B2FeCo_Jij_FeFe/state1_pp,DAV,52,-123.43487462,-1.6139e-06
DFT/dft_runs/Run_20_B2FeCo_Jij_FeFe/state1_pp,DAV,53,-123.43487604,-1.4199e-06
DFT/dft_runs/Run_20_B2FeCo_Jij_FeFe/state1_pp,DAV,54,-123.434877712,-1.6725e-06
DFT/dft_runs/Run_20_B2FeCo_Jij_FeFe/state1_pp,DAV,55,-123.434877578,1.3479e-07
DFT/dft_runs/Run_20_B2FeCo_Jij_FeFe/state2_pm,DAV,1,2286.6507474,2286.7
DFT/dft_runs/Run_20_B2FeCo_Jij_FeFe/state2_pm,DAV,2,203.056656622,-2083.6
DFT/dft_runs/Run_20_B2FeCo_Jij_FeFe/state2_pm,DAV,3,-114.917018454,-317.97
DFT/dft_runs/Run_20_B2FeCo_Jij_FeFe/state2_pm,DAV,4,-138.093640639,-23.177
DFT/dft_runs/Run_20_B2FeCo_Jij_FeFe/state2_pm,DAV,5,-138.685029732,-0.59139
DFT/dft_runs/Run_20_B2FeCo_Jij_FeFe/state2_pm,DAV,6,-123.552646538,15.132
DFT/dft_runs/Run_20_B2FeCo_Jij_FeFe/state2_pm,DAV,7,-137.971245209,-14.419
DFT/dft_runs/Run_20_B2FeCo_Jij_FeFe/state2_pm,DAV,8,-122.217796736,15.753
DFT/dft_runs/Run_20_B2FeCo_Jij_FeFe/state2_pm,DAV,9,-122.599159118,-0.38136
DFT/dft_runs/Run_20_B2FeCo_Jij_FeFe/state2_pm,DAV,10,-123.068443823,-0.46928
DFT/dft_runs/Run_20_B2FeCo_Jij_FeFe/state2_pm,DAV,11,-125.456204271,-2.3878
DFT/dft_runs/Run_20_B2FeCo_Jij_FeFe/state2_pm,DAV,12,-122.781360305,2.6748
DFT/dft_runs/Run_20_B2FeCo_Jij_FeFe/state2_pm,DAV,13,-130.26901022,-7.4876
DFT/dft_runs/Run_20_B2FeCo_Jij_FeFe/state2_pm,DAV,14,-122.1873441,8.0817
DFT/dft_runs/Run_20_B2FeCo_Jij_FeFe/state2_pm,DAV,15,-125.854573952,-3.6672
DFT/dft_runs/Run_20_B2FeCo_Jij_FeFe/state2_pm,DAV,16,-122.400323491,3.4543
DFT/dft_runs/Run_20_B2FeCo_Jij_FeFe/state2_pm,DAV,17,-122.469268192,-0.068945
DFT/dft_runs/Run_20_B2FeCo_Jij_FeFe/state2_pm,DAV,18,-122.408712361,0.060556
DFT/dft_runs/Run_20_B2FeCo_Jij_FeFe/state2_pm,DAV,19,-122.491265133,-0.082553
DFT/dft_runs/Run_20_B2FeCo_Jij_FeFe/state2_pm,DAV,20,-122.603632691,-0.11237
DFT/dft_runs/Run_20_B2FeCo_Jij_FeFe/state2_pm,DAV,21,-123.436063607,-0.83243
DFT/dft_runs/Run_20_B2FeCo_Jij_FeFe/state2_pm,DAV,22,-123.32862397,0.10744
DFT/dft_runs/Run_20_B2FeCo_Jij_FeFe/state2_pm,DAV,23,-122.512545664,0.81608
DFT/dft_runs/Run_20_B2FeCo_Jij_FeFe/state2_pm,DAV,24,-122.658527047,-0.14598
DFT/dft_runs/Run_20_B2FeCo_Jij_FeFe/state2_pm,DAV,25,-122.137390061,0.52114
DFT/dft_runs/Run_20_B2FeCo_Jij_FeFe/state2_pm,DAV,26,-122.335956775,-0.19857
DFT/dft_runs/Run_20_B2FeCo_Jij_FeFe/state2_pm,DAV,27,-122.08193723,0.25402
DFT/dft_runs/Run_20_B2FeCo_Jij_FeFe/state2_pm,DAV,28,-122.062460574,0.019477
DFT/dft_runs/Run_20_B2FeCo_Jij_FeFe/state2_pm,DAV,29,-122.058246685,0.0042139
DFT/dft_runs/Run_20_B2FeCo_Jij_FeFe/state2_pm,DAV,30,-122.040945706,0.017301
DFT/dft_runs/Run_20_B2FeCo_Jij_FeFe/state2_pm,DAV,31,-122.034385954,0.0065598
DFT/dft_runs/Run_20_B2FeCo_Jij_FeFe/state2_pm,DAV,32,-122.031879321,0.0025066
DFT/dft_runs/Run_20_B2FeCo_Jij_FeFe/state2_pm,DAV,33,-122.02942527,0.0024541
DFT/dft_runs/Run_20_B2FeCo_Jij_FeFe/state2_pm,DAV,34,-122.031199303,-0.001774
DFT/dft_runs/Run_20_B2FeCo_Jij_FeFe/state2_pm,DAV,35,-122.029909404,0.0012899
DFT/dft_runs/Run_20_B2FeCo_Jij_FeFe/state2_pm,DAV,36,-122.030113764,-0.00020436
DFT/dft_runs/Run_20_B2FeCo_Jij_FeFe/state2_pm,DAV,37,-122.030093865,1.9899e-05
DFT/dft_runs/Run_20_B2FeCo_Jij_FeFe/state2_pm,DAV,38,-122.029644276,0.00044959
DFT/dft_runs/Run_20_B2FeCo_Jij_FeFe/state2_pm,DAV,39,-122.031586373,-0.0019421
DFT/dft_runs/Run_20_B2FeCo_Jij_FeFe/state2_pm,DAV,40,-122.032523265,-0.00093689
DFT/dft_runs/Run_20_B2FeCo_Jij_FeFe/state2_pm,DAV,41,-122.032683238,-0.00015997
DFT/dft_runs/Run_20_B2FeCo_Jij_FeFe/state2_pm,DAV,42,-122.03337547,-0.00069223
DFT/dft_runs/Run_20_B2FeCo_Jij_FeFe/state2_pm,DAV,43,-122.033060411,0.00031506
DFT/dft_runs/Run_20_B2FeCo_Jij_FeFe/state2_pm,DAV,44,-122.032196561,0.00086385
DFT/dft_runs/Run_20_B2FeCo_Jij_FeFe/state2_pm,DAV,45,-122.031051815,0.0011447
DFT/dft_runs/Run_20_B2FeCo_Jij_FeFe/state2_pm,DAV,46,-122.029037389,0.0020144
DFT/dft_runs/Run_20_B2FeCo_Jij_FeFe/state2_pm,DAV,47,-122.026700454,0.0023369
DFT/dft_runs/Run_20_B2FeCo_Jij_FeFe/state2_pm,DAV,48,-122.024704716,0.0019957
DFT/dft_runs/Run_20_B2FeCo_Jij_FeFe/state2_pm,DAV,49,-122.024009345,0.00069537
DFT/dft_runs/Run_20_B2FeCo_Jij_FeFe/state2_pm,DAV,50,-122.020901961,0.0031074
DFT/dft_runs/Run_20_B2FeCo_Jij_FeFe/state2_pm,DAV,51,-122.011810269,0.0090917
DFT/dft_runs/Run_20_B2FeCo_Jij_FeFe/state2_pm,DAV,52,-122.014942756,-0.0031325
DFT/dft_runs/Run_20_B2FeCo_Jij_FeFe/state2_pm,DAV,53,-122.017581826,-0.0026391
DFT/dft_runs/Run_20_B2FeCo_Jij_FeFe/state2_pm,DAV,54,-122.021313263,-0.0037314
DFT/dft_runs/Run_20_B2FeCo_Jij_FeFe/state2_pm,DAV,55,-122.022760995,-0.0014477
DFT/dft_runs/Run_20_B2FeCo_Jij_FeFe/state2_pm,DAV,56,-122.023378811,-0.00061782
DFT/dft_runs/Run_20_B2FeCo_Jij_FeFe/state2_pm,DAV,57,-122.03019663,-0.0068178
DFT/dft_runs/Run_20_B2FeCo_Jij_FeFe/state2_pm,DAV,58,-122.030639592,-0.00044296
DFT/dft_runs/Run_20_B2FeCo_Jij_FeFe/state2_pm,DAV,59,-122.035541796,-0.0049022
DFT/dft_runs/Run_20_B2FeCo_Jij_FeFe/state2_pm,DAV,60,-122.041173176,-0.0056314
DFT/dft_runs/Run_20_B2FeCo_Jij_FeFe/state2_pm,DAV,61,-122.043666018,-0.0024928
DFT/dft_runs/Run_20_B2FeCo_Jij_FeFe/state2_pm,DAV,62,-122.053699001,-0.010033
DFT/dft_runs/Run_20_B2FeCo_Jij_FeFe/state2_pm,DAV,63,-122.052295786,0.0014032
DFT/dft_runs/Run_20_B2FeCo_Jij_FeFe/state2_pm,DAV,64,-122.053114009,-0.00081822
DFT/dft_runs/Run_20_B2FeCo_Jij_FeFe/state2_pm,DAV,65,-122.05302867,8.5339e-05
DFT/dft_runs/Run_20_B2FeCo_Jij_FeFe/state2_pm,DAV,66,-122.053759803,-0.00073113
DFT/dft_runs/Run_20_B2FeCo_Jij_FeFe/state2_pm,DAV,67,-122.05460966,-0.00084986
DFT/dft_runs/Run_20_B2FeCo_Jij_FeFe/state2_pm,DAV,68,-122.0527567,0.001853
DFT/dft_runs/Run_20_B2FeCo_Jij_FeFe/state2_pm,DAV,69,-122.052248838,0.00050786
DFT/dft_runs/Run_20_B2FeCo_Jij_FeFe/state2_pm,DAV,70,-122.052503705,-0.00025487
DFT/dft_runs/Run_20_B2FeCo_Jij_FeFe/state2_pm,DAV,71,-122.053056924,-0.00055322
DFT/dft_runs/Run_20_B2FeCo_Jij_FeFe/state2_pm,DAV,72,-122.053253377,-0.00019645
DFT/dft_runs/Run_20_B2FeCo_Jij_FeFe/state2_pm,DAV,73,-122.052547402,0.00070598
DFT/dft_runs/Run_20_B2FeCo_Jij_FeFe/state2_pm,DAV,74,-122.052506052,4.1349e-05
DFT/dft_runs/Run_20_B2FeCo_Jij_FeFe/state2_pm,DAV,75,-122.052441017,6.5036e-05
DFT/dft_runs/Run_20_B2FeCo_Jij_FeFe/state2_pm,DAV,76,-122.05275733,-0.00031631
DFT/dft_runs/Run_20_B2FeCo_Jij_FeFe/state2_pm,DAV,77,-122.052648144,0.00010919
DFT/dft_runs/Run_20_B2FeCo_Jij_FeFe/state2_pm,DAV,78,-122.052519912,0.00012823
DFT/dft_runs/Run_20_B2FeCo_Jij_FeFe/state2_pm,DAV,79,-122.052824226,-0.00030431
DFT/dft_runs/Run_20_B2FeCo_Jij_FeFe/state2_pm,DAV,80,-122.053053544,-0.00022932
DFT/dft_runs/Run_20_B2FeCo_Jij_FeFe/state2_pm,DAV,81,-122.053175483,-0.00012194
DFT/dft_runs/Run_20_B2FeCo_Jij_FeFe/state2_pm,DAV,82,-122.053415412,-0.00023993
DFT/dft_runs/Run_20_B2FeCo_Jij_FeFe/state2_pm,DAV,83,-122.053372959,4.2453e-05
DFT/dft_runs/Run_20_B2FeCo_Jij_FeFe/state2_pm,DAV,84,-122.053374652,-1.6934e-06
DFT/dft_runs/Run_20_B2FeCo_Jij_FeFe/state2_pm,DAV,85,-122.053449936,-7.5283e-05
DFT/dft_runs/Run_20_B2FeCo_Jij_FeFe/state2_pm,DAV,86,-122.053432013,1.7923e-05
DFT/dft_runs/Run_20_B2FeCo_Jij_FeFe/state2_pm,DAV,87,-122.053425683,6.3296e-06
DFT/dft_runs/Run_20_B2FeCo_Jij_FeFe/state2_pm,DAV,88,-122.053548991,-0.00012331
DFT/dft_runs/Run_20_B2FeCo_Jij_FeFe/state2_pm,DAV,89,-122.05358881,-3.9819e-05
DFT/dft_runs/Run_20_B2FeCo_Jij_FeFe/state2_pm,DAV,90,-122.05355921,2.96e-05
DFT/dft_runs/Run_20_B2FeCo_Jij_FeFe/state2_pm,DAV,91,-122.053545119,1.4091e-05
DFT/dft_runs/Run_20_B2FeCo_Jij_FeFe/state2_pm,DAV,92,-122.053526626,1.8493e-05
DFT/dft_runs/Run_20_B2FeCo_Jij_FeFe/state2_pm,DAV,93,-122.053526859,-2.3306e-07
DFT/dft_runs/Run_20_B2FeCo_Jij_FeFe/state2_pm,DAV,94,-122.053551984,-2.5125e-05
DFT/dft_runs/Run_20_B2FeCo_Jij_FeFe/state2_pm,DAV,95,-122.053529837,2.2148e-05
DFT/dft_runs/Run_20_B2FeCo_Jij_FeFe/state2_pm,DAV,96,-122.053491183,3.8654e-05
DFT/dft_runs/Run_20_B2FeCo_Jij_FeFe/state2_pm,DAV,97,-122.053548961,-5.7779e-05
DFT/dft_runs/Run_20_B2FeCo_Jij_FeFe/state2_pm,DAV,98,-122.053545783,3.1785e-06
DFT/dft_runs/Run_20_B2FeCo_Jij_FeFe/state2_pm,DAV,99,-122.053571262,-2.5479e-05
DFT/dft_runs/Run_20_B2FeCo_Jij_FeFe/state2_pm,DAV,100,-122.053574928,-3.6662e-06
DFT/dft_runs/Run_20_B2FeCo_Jij_FeFe/state2_pm,DAV,101,-122.053497812,7.7116e-05
DFT/dft_runs/Run_20_B2FeCo_Jij_FeFe/state2_pm,DAV,102,-122.053549229,-5.1417e-05
DFT/dft_runs/Run_20_B2FeCo_Jij_FeFe/state2_pm,DAV,103,-122.05353092,1.8309e-05
DFT/dft_runs/Run_20_B2FeCo_Jij_FeFe/state2_pm,DAV,104,-122.05354432,-1.34e-05
DFT/dft_runs/Run_20_B2FeCo_Jij_FeFe/state2_pm,DAV,105,-122.053567935,-2.3616e-05
DFT/dft_runs/Run_20_B2FeCo_Jij_FeFe/state2_pm,DAV,106,-122.053499525,6.841e-05
DFT/dft_runs/Run_20_B2FeCo_Jij_FeFe/state2_pm,DAV,107,-122.053426922,7.2603e-05
DFT/dft_runs/Run_20_B2FeCo_Jij_FeFe/state2_pm,DAV,108,-122.053521526,-9.4605e-05
DFT/dft_runs/Run_20_B2FeCo_Jij_FeFe/state2_pm,DAV,109,-122.053565562,-4.4036e-05
DFT/dft_runs/Run_20_B2FeCo_Jij_FeFe/state2_pm,DAV,110,-122.053580038,-1.4476e-05
DFT/dft_runs/Run_20_B2FeCo_Jij_FeFe/state2_pm,DAV,111,-122.053547155,3.2883e-05
DFT/dft_runs/Run_20_B2FeCo_Jij_FeFe/state2_pm,DAV,112,-122.053585328,-3.8173e-05
DFT/dft_runs/Run_20_B2FeCo_Jij_FeFe/state2_pm,DAV,113,-122.053582124,3.2045e-06
DFT/dft_runs/Run_20_B2FeCo_Jij_FeFe/state2_pm,DAV,114,-122.053575822,6.3017e-06
DFT/dft_runs/Run_20_B2FeCo_Jij_FeFe/state2_pm,DAV,115,-122.053574979,8.4355e-07
DFT/dft_runs/Run_20_B2FeCo_Jij_FeFe/state2_pm,DAV,116,-122.053580145,-5.1666e-06
DFT/dft_runs/Run_20_B2FeCo_Jij_FeFe/state2_pm,DAV,117,-122.053596383,-1.6238e-05
DFT/dft_runs/Run_20_B2FeCo_Jij_FeFe/state2_pm,DAV,118,-122.053602595,-6.2118e-06
DFT/dft_runs/Run_20_B2FeCo_Jij_FeFe/state2_pm,DAV,119,-122.053612245,-9.6499e-06
DFT/dft_runs/Run_20_B2FeCo_Jij_FeFe/state2_pm,DAV,120,-122.053617963,-5.7179e-06
DFT/dft_runs/Run_20_B2FeCo_Jij_FeFe/state2_pm,DAV,121,-122.053618181,-2.1761e-07
DFT/dft_runs/Run_20_B2FeCo_Jij_FeFe/state2_pm,DAV,122,-122.053625604,-7.4237e-06
DFT/dft_runs/Run_20_B2FeCo_Jij_FeFe/state2_pm,DAV,123,-122.053646525,-2.0921e-05
DFT/dft_runs/Run_20_B2FeCo_Jij_FeFe/state2_pm,DAV,124,-122.053660611,-1.4086e-05
DFT/dft_runs/Run_20_B2FeCo_Jij_FeFe/state2_pm,DAV,125,-122.053654316,6.2954e-06
DFT/dft_runs/Run_20_B2FeCo_Jij_FeFe/state2_pm,DAV,126,-122.053654987,-6.7112e-07
DFT/dft_runs/Run_20_B2FeCo_Jij_FeFe/state2_pm,DAV,127,-122.053653074,1.9125e-06
DFT/dft_runs/Run_20_B2FeCo_Jij_FeFe/state2_pm,DAV,128,-122.053658216,-5.1419e-06
DFT/dft_runs/Run_20_B2FeCo_Jij_FeFe/state2_pm,DAV,129,-122.053661906,-3.6894e-06
DFT/dft_runs/Run_20_B2FeCo_Jij_FeFe/state2_pm,DAV,130,-122.053663626,-1.7202e-06
DFT/dft_runs/Run_20_B2FeCo_Jij_FeFe/state2_pm,DAV,131,-122.053647462,1.6164e-05
DFT/dft_runs/Run_20_B2FeCo_Jij_FeFe/state2_pm,DAV,132,-122.053665699,-1.8238e-05
DFT/dft_runs/Run_20_B2FeCo_Jij_FeFe/state2_pm,DAV,133,-122.053663173,2.5262e-06
DFT/dft_runs/Run_20_B2FeCo_Jij_FeFe/state2_pm,DAV,134,-122.053663493,-3.2008e-07
DFT/dft_runs/Run_20_B2FeCo_Jij_FeFe/state2_pm,DAV,135,-122.053665771,-2.2776e-06
DFT/dft_runs/Run_20_B2FeCo_Jij_FeFe/state2_pm,DAV,136,-122.053651138,1.4632e-05
DFT/dft_runs/Run_20_B2FeCo_Jij_FeFe/state2_pm,DAV,137,-122.053664778,-1.364e-05
DFT/dft_runs/Run_20_B2FeCo_Jij_FeFe/state2_pm,DAV,138,-122.053667562,-2.7833e-06
DFT/dft_runs/Run_20_B2FeCo_Jij_FeFe/state2_pm,DAV,139,-122.053666228,1.3337e-06
DFT/dft_runs/Run_20_B2FeCo_Jij_FeFe/state2_pm,DAV,140,-122.053666971,-7.4314e-07
DFT/dft_runs/Run_20_B2FeCo_Jij_FeFe/state2_pm,DAV,141,-122.053662086,4.8851e-06
DFT/dft_runs/Run_20_B2FeCo_Jij_FeFe/state2_pm,DAV,142,-122.053672207,-1.0121e-05
DFT/dft_runs/Run_20_B2FeCo_Jij_FeFe/state2_pm,DAV,143,-122.053668468,3.7392e-06
DFT/dft_runs/Run_20_B2FeCo_Jij_FeFe/state2_pm,DAV,144,-122.053668688,-2.2024e-07
DFT/dft_runs/Run_20_B2FeCo_Jij_FeFe/state2_pm,DAV,145,-122.053666355,2.3335e-06
DFT/dft_runs/Run_20_B2FeCo_Jij_FeFe/state2_pm,DAV,146,-122.05365178,1.4575e-05
DFT/dft_runs/Run_20_B2FeCo_Jij_FeFe/state2_pm,DAV,147,-122.05365886,-7.0806e-06
DFT/dft_runs/Run_20_B2FeCo_Jij_FeFe/state2_pm,DAV,148,-122.053666528,-7.668e-06
DFT/dft_runs/Run_20_B2FeCo_Jij_FeFe/state2_pm,DAV,149,-122.053671241,-4.7127e-06
DFT/dft_runs/Run_20_B2FeCo_Jij_FeFe/state2_pm,DAV,150,-122.053672593,-1.3519e-06
DFT/dft_runs/Run_20_B2FeCo_Jij_FeFe/state2_pm,DAV,151,-122.053637967,3.4626e-05
DFT/dft_runs/Run_20_B2FeCo_Jij_FeFe/state2_pm,DAV,152,-122.053649102,-1.1135e-05
DFT/dft_runs/Run_20_B2FeCo_Jij_FeFe/state2_pm,DAV,153,-122.053663124,-1.4021e-05
DFT/dft_runs/Run_20_B2FeCo_Jij_FeFe/state2_pm,DAV,154,-122.05366579,-2.6665e-06
DFT/dft_runs/Run_20_B2FeCo_Jij_FeFe/state2_pm,DAV,155,-122.053672826,-7.0364e-06
DFT/dft_runs/Run_20_B2FeCo_Jij_FeFe/state2_pm,DAV,156,-122.053667883,4.943e-06
DFT/dft_runs/Run_20_B2FeCo_Jij_FeFe/state2_pm,DAV,157,-122.053667786,9.7189e-08
DFT/dft_runs/Run_20_B2FeCo_Jij_FeFe/state2_pm,DAV,158,-122.053665965,1.8207e-06
DFT/dft_runs/Run_20_B2FeCo_Jij_FeFe/state2_pm,DAV,159,-122.053669646,-3.6804e-06
DFT/dft_runs/Run_20_B2FeCo_Jij_FeFe/state2_pm,DAV,160,-122.053666762,2.8834e-06
DFT/dft_runs/Run_20_B2FeCo_Jij_FeFe/state2_pm,DAV,161,-122.05366525,1.5122e-06
DFT/dft_runs/Run_20_B2FeCo_Jij_FeFe/state2_pm,DAV,162,-122.053667703,-2.4528e-06
DFT/dft_runs/Run_20_B2FeCo_Jij_FeFe/state2_pm,DAV,163,-122.053670696,-2.9928e-06
DFT/dft_runs/Run_20_B2FeCo_Jij_FeFe/state2_pm,DAV,164,-122.053670108,5.8733e-07
DFT/dft_runs/Run_20_B2FeCo_Jij_FeFe/state2_pm,DAV,165,-122.053668857,1.2517e-06
DFT/dft_runs/Run_20_B2FeCo_Jij_FeFe/state2_pm,DAV,166,-122.05366325,5.6066e-06
DFT/dft_runs/Run_20_B2FeCo_Jij_FeFe/state2_pm,DAV,167,-122.053667119,-3.8691e-06
DFT/dft_runs/Run_20_B2FeCo_Jij_FeFe/state2_pm,DAV,168,-122.053667339,-2.1992e-07
DFT/dft_runs/Run_20_B2FeCo_Jij_FeFe/state2_pm,DAV,169,-122.05367032,-2.9805e-06
DFT/dft_runs/Run_20_B2FeCo_Jij_FeFe/state2_pm,DAV,170,-122.053667926,2.3938e-06
DFT/dft_runs/Run_20_B2FeCo_Jij_FeFe/state2_pm,DAV,171,-122.053666627,1.2987e-06
DFT/dft_runs/Run_20_B2FeCo_Jij_FeFe/state2_pm,DAV,172,-122.053667509,-8.8129e-07
DFT/dft_runs/Run_20_B2FeCo_Jij_FeFe/state2_pm,DAV,173,-122.053667412,9.6203e-08
DFT/dft_runs/Run_20_B2FeCo_Jij_FeFe/state2_pm,DAV,174,-122.053667774,-3.6197e-07
DFT/dft_runs/Run_20_B2FeCo_Jij_FeFe/state2_pm,DAV,175,-122.053667356,4.1805e-07
DFT/dft_runs/Run_20_B2FeCo_Jij_FeFe/state2_pm,DAV,176,-122.053666357,9.9933e-07
DFT/dft_runs/Run_20_B2FeCo_Jij_FeFe/state2_pm,DAV,177,-122.053667177,-8.2004e-07
DFT/dft_runs/Run_20_B2FeCo_Jij_FeFe/state2_pm,DAV,178,-122.053669875,-2.6982e-06
DFT/dft_runs/Run_20_B2FeCo_Jij_FeFe/state2_pm,DAV,179,-122.053671178,-1.3025e-06
DFT/dft_runs/Run_20_B2FeCo_Jij_FeFe/state2_pm,DAV,180,-122.053668134,3.0441e-06
DFT/dft_runs/Run_20_B2FeCo_Jij_FeFe/state2_pm,DAV,181,-122.053667153,9.8025e-07
DFT/dft_runs/Run_20_B2FeCo_Jij_FeFe/state2_pm,DAV,182,-122.05366603,1.1236e-06
DFT/dft_runs/Run_20_B2FeCo_Jij_FeFe/state2_pm,DAV,183,-122.053669996,-3.9663e-06
DFT/dft_runs/Run_20_B2FeCo_Jij_FeFe/state2_pm,DAV,184,-122.053667573,2.4227e-06
DFT/dft_runs/Run_20_B2FeCo_Jij_FeFe/state2_pm,DAV,185,-122.053667368,2.0535e-07
DFT/dft_runs/Run_20_B2FeCo_Jij_FeFe/state2_pm,DAV,186,-122.053664601,2.7671e-06
DFT/dft_runs/Run_20_B2FeCo_Jij_FeFe/state2_pm,DAV,187,-122.05367055,-5.9493e-06
DFT/dft_runs/Run_20_B2FeCo_Jij_FeFe/state2_pm,DAV,188,-122.053669724,8.2664e-07
DFT/dft_runs/Run_20_B2FeCo_Jij_FeFe/state2_pm,DAV,189,-122.053664825,4.8987e-06
DFT/dft_runs/Run_20_B2FeCo_Jij_FeFe/state2_pm,DAV,190,-122.053669331,-4.5057e-06
DFT/dft_runs/Run_20_B2FeCo_Jij_FeFe/state2_pm,DAV,191,-122.053667212,2.1189e-06
DFT/dft_runs/Run_20_B2FeCo_Jij_FeFe/state2_pm,DAV,192,-122.053665922,1.2895e-06
DFT/dft_runs/Run_20_B2FeCo_Jij_FeFe/state2_pm,DAV,193,-122.053668367,-2.4449e-06
DFT/dft_runs/Run_20_B2FeCo_Jij_FeFe/state2_pm,DAV,194,-122.053673455,-5.0881e-06
DFT/dft_runs/Run_20_B2FeCo_Jij_FeFe/state2_pm,DAV,195,-122.053667816,5.6387e-06
DFT/dft_runs/Run_20_B2FeCo_Jij_FeFe/state2_pm,DAV,196,-122.053666295,1.5218e-06
DFT/dft_runs/Run_20_B2FeCo_Jij_FeFe/state2_pm,DAV,197,-122.053668195,-1.9007e-06
DFT/dft_runs/Run_20_B2FeCo_Jij_FeFe/state2_pm,DAV,198,-122.053665781,2.414e-06
DFT/dft_runs/Run_20_B2FeCo_Jij_FeFe/state2_pm,DAV,199,-122.053667286,-1.505e-06
DFT/dft_runs/Run_20_B2FeCo_Jij_FeFe/state2_pm,DAV,200,-122.053667252,3.4224e-08
DFT/dft_runs/Run_20_B2FeCo_Jij_FeFe/state3_mp,DAV,1,2276.74974167,2276.7
DFT/dft_runs/Run_20_B2FeCo_Jij_FeFe/state3_mp,DAV,2,202.867215458,-2073.9
DFT/dft_runs/Run_20_B2FeCo_Jij_FeFe/state3_mp,DAV,3,-116.446201109,-319.31
DFT/dft_runs/Run_20_B2FeCo_Jij_FeFe/state3_mp,DAV,4,-138.459567036,-22.013
DFT/dft_runs/Run_20_B2FeCo_Jij_FeFe/state3_mp,DAV,5,-138.969503401,-0.50994
DFT/dft_runs/Run_20_B2FeCo_Jij_FeFe/state3_mp,DAV,6,-150.117182691,-11.148
DFT/dft_runs/Run_20_B2FeCo_Jij_FeFe/state3_mp,DAV,7,-255.425582059,-105.31
DFT/dft_runs/Run_20_B2FeCo_Jij_FeFe/state3_mp,DAV,8,-180.643530762,74.782
DFT/dft_runs/Run_20_B2FeCo_Jij_FeFe/state3_mp,DAV,9,-176.008334226,4.6352
DFT/dft_runs/Run_20_B2FeCo_Jij_FeFe/state3_mp,DAV,10,-135.135411241,40.873
DFT/dft_runs/Run_20_B2FeCo_Jij_FeFe/state3_mp,DAV,11,-160.061397591,-24.926
DFT/dft_runs/Run_20_B2FeCo_Jij_FeFe/state3_mp,DAV,12,-129.390887853,30.671
DFT/dft_runs/Run_20_B2FeCo_Jij_FeFe/state3_mp,DAV,13,-130.117288892,-0.7264
DFT/dft_runs/Run_20_B2FeCo_Jij_FeFe/state3_mp,DAV,14,-123.205436919,6.9119
DFT/dft_runs/Run_20_B2FeCo_Jij_FeFe/state3_mp,DAV,15,-122.507482978,0.69795
DFT/dft_runs/Run_20_B2FeCo_Jij_FeFe/state3_mp,DAV,16,-122.915781437,-0.4083
DFT/dft_runs/Run_20_B2FeCo_Jij_FeFe/state3_mp,DAV,17,-130.244720726,-7.3289
DFT/dft_runs/Run_20_B2FeCo_Jij_FeFe/state3_mp,DAV,18,-123.795876259,6.4488
DFT/dft_runs/Run_20_B2FeCo_Jij_FeFe/state3_mp,DAV,19,-127.016905632,-3.221
DFT/dft_runs/Run_20_B2FeCo_Jij_FeFe/state3_mp,DAV,20,-124.276712736,2.7402
DFT/dft_runs/Run_20_B2FeCo_Jij_FeFe/state3_mp,DAV,21,-124.056974376,0.21974
DFT/dft_runs/Run_20_B2FeCo_Jij_FeFe/state3_mp,DAV,22,-123.412277996,0.6447
DFT/dft_runs/Run_20_B2FeCo_Jij_FeFe/state3_mp,DAV,23,-123.082021786,0.33026
DFT/dft_runs/Run_20_B2FeCo_Jij_FeFe/state3_mp,DAV,24,-123.299526131,-0.2175
DFT/dft_runs/Run_20_B2FeCo_Jij_FeFe/state3_mp,DAV,25,-123.166758101,0.13277
DFT/dft_runs/Run_20_B2FeCo_Jij_FeFe/state3_mp,DAV,26,-123.218604319,-0.051846
DFT/dft_runs/Run_20_B2FeCo_Jij_FeFe/state3_mp,DAV,27,-123.005914977,0.21269
DFT/dft_runs/Run_20_B2FeCo_Jij_FeFe/state3_mp,DAV,28,-122.818365177,0.18755
DFT/dft_runs/Run_20_B2FeCo_Jij_FeFe/state3_mp,DAV,29,-122.720667313,0.097698
DFT/dft_runs/Run_20_B2FeCo_Jij_FeFe/state3_mp,DAV,30,-122.796361186,-0.075694
DFT/dft_runs/Run_20_B2FeCo_Jij_FeFe/state3_mp,DAV,31,-122.737757844,0.058603
DFT/dft_runs/Run_20_B2FeCo_Jij_FeFe/state3_mp,DAV,32,-122.534077038,0.20368
DFT/dft_runs/Run_20_B2FeCo_Jij_FeFe/state3_mp,DAV,33,-122.491835974,0.042241
DFT/dft_runs/Run_20_B2FeCo_Jij_FeFe/state3_mp,DAV,34,-122.469442513,0.022393
DFT/dft_runs/Run_20_B2FeCo_Jij_FeFe/state3_mp,DAV,35,-122.468601164,0.00084135
DFT/dft_runs/Run_20_B2FeCo_Jij_FeFe/state3_mp,DAV,36,-122.478892656,-0.010291
DFT/dft_runs/Run_20_B2FeCo_Jij_FeFe/state3_mp,DAV,37,-122.475426773,0.0034659
DFT/dft_runs/Run_20_B2FeCo_Jij_FeFe/state3_mp,DAV,38,-122.426331614,0.049095
DFT/dft_runs/Run_20_B2FeCo_Jij_FeFe/state3_mp,DAV,39,-122.327805017,0.098527
DFT/dft_runs/Run_20_B2FeCo_Jij_FeFe/state3_mp,DAV,40,-122.320599478,0.0072055
DFT/dft_runs/Run_20_B2FeCo_Jij_FeFe/state3_mp,DAV,41,-122.288590327,0.032009
DFT/dft_runs/Run_20_B2FeCo_Jij_FeFe/state3_mp,DAV,42,-122.24767205,0.040918
DFT/dft_runs/Run_20_B2FeCo_Jij_FeFe/state3_mp,DAV,43,-122.202166793,0.045505
DFT/dft_runs/Run_20_B2FeCo_Jij_FeFe/state3_mp,DAV,44,-122.194612594,0.0075542
DFT/dft_runs/Run_20_B2FeCo_Jij_FeFe/state3_mp,DAV,45,-122.200733359,-0.0061208
DFT/dft_runs/Run_20_B2FeCo_Jij_FeFe/state3_mp,DAV,46,-122.181801484,0.018932
DFT/dft_runs/Run_20_B2FeCo_Jij_FeFe/state3_mp,DAV,47,-122.186776637,-0.0049752
DFT/dft_runs/Run_20_B2FeCo_Jij_FeFe/state3_mp,DAV,48,-122.17352014,0.013256
DFT/dft_runs/Run_20_B2FeCo_Jij_FeFe/state3_mp,DAV,49,-122.176444826,-0.0029247
DFT/dft_runs/Run_20_B2FeCo_Jij_FeFe/state3_mp,DAV,50,-122.173341263,0.0031036
DFT/dft_runs/Run_20_B2FeCo_Jij_FeFe/state3_mp,DAV,51,-122.172783904,0.00055736
DFT/dft_runs/Run_20_B2FeCo_Jij_FeFe/state3_mp,DAV,52,-122.172915662,-0.00013176
DFT/dft_runs/Run_20_B2FeCo_Jij_FeFe/state3_mp,DAV,53,-122.172659473,0.00025619
DFT/dft_runs/Run_20_B2FeCo_Jij_FeFe/state3_mp,DAV,54,-122.172944315,-0.00028484
DFT/dft_runs/Run_20_B2FeCo_Jij_FeFe/state3_mp,DAV,55,-122.173344497,-0.00040018
DFT/dft_runs/Run_20_B2FeCo_Jij_FeFe/state3_mp,DAV,56,-122.17388222,-0.00053772
DFT/dft_runs/Run_20_B2FeCo_Jij_FeFe/state3_mp,DAV,57,-122.17349612,0.0003861
DFT/dft_runs/Run_20_B2FeCo_Jij_FeFe/state3_mp,DAV,58,-122.173709991,-0.00021387
DFT/dft_runs/Run_20_B2FeCo_Jij_FeFe/state3_mp,DAV,59,-122.172885363,0.00082463
DFT/dft_runs/Run_20_B2FeCo_Jij_FeFe/state3_mp,DAV,60,-122.172949806,-6.4443e-05
DFT/dft_runs/Run_20_B2FeCo_Jij_FeFe/state3_mp,DAV,61,-122.17302348,-7.3674e-05
DFT/dft_runs/Run_20_B2FeCo_Jij_FeFe/state3_mp,DAV,62,-122.173174556,-0.00015108
DFT/dft_runs/Run_20_B2FeCo_Jij_FeFe/state3_mp,DAV,63,-122.173429477,-0.00025492
DFT/dft_runs/Run_20_B2FeCo_Jij_FeFe/state3_mp,DAV,64,-122.1730576,0.00037188
DFT/dft_runs/Run_20_B2FeCo_Jij_FeFe/state3_mp,DAV,65,-122.173580131,-0.00052253
DFT/dft_runs/Run_20_B2FeCo_Jij_FeFe/state3_mp,DAV,66,-122.173346528,0.0002336
DFT/dft_runs/Run_20_B2FeCo_Jij_FeFe/state3_mp,DAV,67,-122.173399778,-5.325e-05
DFT/dft_runs/Run_20_B2FeCo_Jij_FeFe/state3_mp,DAV,68,-122.173276392,0.00012339
DFT/dft_runs/Run_20_B2FeCo_Jij_FeFe/state3_mp,DAV,69,-122.173354648,-7.8256e-05
DFT/dft_runs/Run_20_B2FeCo_Jij_FeFe/state3_mp,DAV,70,-122.173551933,-0.00019728
DFT/dft_runs/Run_20_B2FeCo_Jij_FeFe/state3_mp,DAV,71,-122.173500142,5.1791e-05
DFT/dft_runs/Run_20_B2FeCo_Jij_FeFe/state3_mp,DAV,72,-122.173532882,-3.274e-05
DFT/dft_runs/Run_20_B2FeCo_Jij_FeFe/state3_mp,DAV,73,-122.173585891,-5.301e-05
DFT/dft_runs/Run_20_B2FeCo_Jij_FeFe/state3_mp,DAV,74,-122.173611862,-2.597e-05
DFT/dft_runs/Run_20_B2FeCo_Jij_FeFe/state3_mp,DAV,75,-122.173640858,-2.8996e-05
DFT/dft_runs/Run_20_B2FeCo_Jij_FeFe/state3_mp,DAV,76,-122.173634826,6.0324e-06
DFT/dft_runs/Run_20_B2FeCo_Jij_FeFe/state3_mp,DAV,77,-122.17364687,-1.2044e-05
DFT/dft_runs/Run_20_B2FeCo_Jij_FeFe/state3_mp,DAV,78,-122.173684866,-3.7996e-05
DFT/dft_runs/Run_20_B2FeCo_Jij_FeFe/state3_mp,DAV,79,-122.173690075,-5.2089e-06
DFT/dft_runs/Run_20_B2FeCo_Jij_FeFe/state3_mp,DAV,80,-122.173684185,5.8901e-06
DFT/dft_runs/Run_20_B2FeCo_Jij_FeFe/state3_mp,DAV,81,-122.173654881,2.9304e-05
DFT/dft_runs/Run_20_B2FeCo_Jij_FeFe/state3_mp,DAV,82,-122.173667874,-1.2992e-05
DFT/dft_runs/Run_20_B2FeCo_Jij_FeFe/state3_mp,DAV,83,-122.17365813,9.7438e-06
DFT/dft_runs/Run_20_B2FeCo_Jij_FeFe/state3_mp,DAV,84,-122.173659113,-9.8328e-07
DFT/dft_runs/Run_20_B2FeCo_Jij_FeFe/state3_mp,DAV,85,-122.173661951,-2.8373e-06
DFT/dft_runs/Run_20_B2FeCo_Jij_FeFe/state3_mp,DAV,86,-122.173656209,5.7414e-06
DFT/dft_runs/Run_20_B2FeCo_Jij_FeFe/state3_mp,DAV,87,-122.173656699,-4.8943e-07
DFT/dft_runs/Run_20_B2FeCo_Jij_FeFe/state3_mp,DAV,88,-122.173648242,8.4563e-06
DFT/dft_runs/Run_20_B2FeCo_Jij_FeFe/state3_mp,DAV,89,-122.173646751,1.4913e-06
DFT/dft_runs/Run_20_B2FeCo_Jij_FeFe/state3_mp,DAV,90,-122.173639722,7.0291e-06
DFT/dft_runs/Run_20_B2FeCo_Jij_FeFe/state3_mp,DAV,91,-122.173624931,1.4791e-05
DFT/dft_runs/Run_20_B2FeCo_Jij_FeFe/state3_mp,DAV,92,-122.173631391,-6.4598e-06
DFT/dft_runs/Run_20_B2FeCo_Jij_FeFe/state3_mp,DAV,93,-122.173627065,4.3255e-06
DFT/dft_runs/Run_20_B2FeCo_Jij_FeFe/state3_mp,DAV,94,-122.173625222,1.843e-06
DFT/dft_runs/Run_20_B2FeCo_Jij_FeFe/state3_mp,DAV,95,-122.173630193,-4.9704e-06
DFT/dft_runs/Run_20_B2FeCo_Jij_FeFe/state3_mp,DAV,96,-122.173617383,1.2809e-05
DFT/dft_runs/Run_20_B2FeCo_Jij_FeFe/state3_mp,DAV,97,-122.173626048,-8.6643e-06
DFT/dft_runs/Run_20_B2FeCo_Jij_FeFe/state3_mp,DAV,98,-122.173623068,2.9798e-06
DFT/dft_runs/Run_20_B2FeCo_Jij_FeFe/state3_mp,DAV,99,-122.17361965,3.4174e-06
DFT/dft_runs/Run_20_B2FeCo_Jij_FeFe/state3_mp,DAV,100,-122.173625145,-5.4947e-06
DFT/dft_runs/Run_20_B2FeCo_Jij_FeFe/state3_mp,DAV,101,-122.173630626,-5.4806e-06
DFT/dft_runs/Run_20_B2FeCo_Jij_FeFe/state3_mp,DAV,102,-122.173633421,-2.7951e-06
DFT/dft_runs/Run_20_B2FeCo_Jij_FeFe/state3_mp,DAV,103,-122.173634159,-7.3848e-07
DFT/dft_runs/Run_20_B2FeCo_Jij_FeFe/state3_mp,DAV,104,-122.173634531,-3.7218e-07
DFT/dft_runs/Run_20_B2FeCo_Jij_FeFe/state3_mp,DAV,105,-122.173637587,-3.0557e-06
DFT/dft_runs/Run_20_B2FeCo_Jij_FeFe/state3_mp,DAV,106,-122.173638899,-1.3115e-06
DFT/dft_runs/Run_20_B2FeCo_Jij_FeFe/state3_mp,DAV,107,-122.173645664,-6.7652e-06
DFT/dft_runs/Run_20_B2FeCo_Jij_FeFe/state3_mp,DAV,108,-122.173653638,-7.9739e-06
DFT/dft_runs/Run_20_B2FeCo_Jij_FeFe/state3_mp,DAV,109,-122.173654802,-1.1641e-06
DFT/dft_runs/Run_20_B2FeCo_Jij_FeFe/state3_mp,DAV,110,-122.173656675,-1.8733e-06
DFT/dft_runs/Run_20_B2FeCo_Jij_FeFe/state3_mp,DAV,111,-122.173649613,7.0627e-06
DFT/dft_runs/Run_20_B2FeCo_Jij_FeFe/state3_mp,DAV,112,-122.173655504,-5.8913e-06
DFT/dft_runs/Run_20_B2FeCo_Jij_FeFe/state3_mp,DAV,113,-122.173658248,-2.7444e-06
DFT/dft_runs/Run_20_B2FeCo_Jij_FeFe/state3_mp,DAV,114,-122.173659947,-1.6989e-06
DFT/dft_runs/Run_20_B2FeCo_Jij_FeFe/state3_mp,DAV,115,-122.173660515,-5.674e-07
DFT/dft_runs/Run_20_B2FeCo_Jij_FeFe/state4_mm,DAV,1,2286.61759153,2286.6
DFT/dft_runs/Run_20_B2FeCo_Jij_FeFe/state4_mm,DAV,2,202.997261376,-2083.6
DFT/dft_runs/Run_20_B2FeCo_Jij_FeFe/state4_mm,DAV,3,-114.81459108,-317.81
DFT/dft_runs/Run_20_B2FeCo_Jij_FeFe/state4_mm,DAV,4,-138.031182069,-23.217
DFT/dft_runs/Run_20_B2FeCo_Jij_FeFe/state4_mm,DAV,5,-138.627973543,-0.59679
DFT/dft_runs/Run_20_B2FeCo_Jij_FeFe/state4_mm,DAV,6,-143.0747513,-4.4468
DFT/dft_runs/Run_20_B2FeCo_Jij_FeFe/state4_mm,DAV,7,-279.324478275,-136.25
DFT/dft_runs/Run_20_B2FeCo_Jij_FeFe/state4_mm,DAV,8,-183.917915417,95.407
DFT/dft_runs/Run_20_B2FeCo_Jij_FeFe/state4_mm,DAV,9,-194.238352569,-10.32
DFT/dft_runs/Run_20_B2FeCo_Jij_FeFe/state4_mm,DAV,10,-152.854583955,41.384
DFT/dft_runs/Run_20_B2FeCo_Jij_FeFe/state4_mm,DAV,11,-140.127005694,12.728
DFT/dft_runs/Run_20_B2FeCo_Jij_FeFe/state4_mm,DAV,12,-129.780157733,10.347
DFT/dft_runs/Run_20_B2FeCo_Jij_FeFe/state4_mm,DAV,13,-129.323107809,0.45705
DFT/dft_runs/Run_20_B2FeCo_Jij_FeFe/state4_mm,DAV,14,-129.018904807,0.3042
DFT/dft_runs/Run_20_B2FeCo_Jij_FeFe/state4_mm,DAV,15,-126.703530943,2.3154
DFT/dft_runs/Run_20_B2FeCo_Jij_FeFe/state4_mm,DAV,16,-122.566359589,4.1372
DFT/dft_runs/Run_20_B2FeCo_Jij_FeFe/state4_mm,DAV,17,-121.932988934,0.63337
DFT/dft_runs/Run_20_B2FeCo_Jij_FeFe/state4_mm,DAV,18,-122.611914763,-0.67893
DFT/dft_runs/Run_20_B2FeCo_Jij_FeFe/state4_mm,DAV,19,-126.775974898,-4.1641
DFT/dft_runs/Run_20_B2FeCo_Jij_FeFe/state4_mm,DAV,20,-122.232110394,4.5439
DFT/dft_runs/Run_20_B2FeCo_Jij_FeFe/state4_mm,DAV,21,-124.061513873,-1.8294
DFT/dft_runs/Run_20_B2FeCo_Jij_FeFe/state4_mm,DAV,22,-123.787657899,0.27386
DFT/dft_runs/Run_20_B2FeCo_Jij_FeFe/state4_mm,DAV,23,-123.865525327,-0.077867
DFT/dft_runs/Run_20_B2FeCo_Jij_FeFe/state4_mm,DAV,24,-122.067422111,1.7981
DFT/dft_runs/Run_20_B2FeCo_Jij_FeFe/state4_mm,DAV,25,-121.79697402,0.27045
DFT/dft_runs/Run_20_B2FeCo_Jij_FeFe/state4_mm,DAV,26,-121.803293348,-0.0063193
DFT/dft_runs/Run_20_B2FeCo_Jij_FeFe/state4_mm,DAV,27,-121.807961003,-0.0046677
DFT/dft_runs/Run_20_B2FeCo_Jij_FeFe/state4_mm,DAV,28,-121.873712305,-0.065751
DFT/dft_runs/Run_20_B2FeCo_Jij_FeFe/state4_mm,DAV,29,-121.834203319,0.039509
DFT/dft_runs/Run_20_B2FeCo_Jij_FeFe/state4_mm,DAV,30,-122.207613103,-0.37341
DFT/dft_runs/Run_20_B2FeCo_Jij_FeFe/state4_mm,DAV,31,-122.488004271,-0.28039
DFT/dft_runs/Run_20_B2FeCo_Jij_FeFe/state4_mm,DAV,32,-123.122382856,-0.63438
DFT/dft_runs/Run_20_B2FeCo_Jij_FeFe/state4_mm,DAV,33,-122.466659534,0.65572
DFT/dft_runs/Run_20_B2FeCo_Jij_FeFe/state4_mm,DAV,34,-122.873670582,-0.40701
DFT/dft_runs/Run_20_B2FeCo_Jij_FeFe/state4_mm,DAV,35,-122.066974893,0.8067
DFT/dft_runs/Run_20_B2FeCo_Jij_FeFe/state4_mm,DAV,36,-122.30314593,-0.23617
DFT/dft_runs/Run_20_B2FeCo_Jij_FeFe/state4_mm,DAV,37,-122.221000959,0.082145
DFT/dft_runs/Run_20_B2FeCo_Jij_FeFe/state4_mm,DAV,38,-120.197307781,2.0237
DFT/dft_runs/Run_20_B2FeCo_Jij_FeFe/state4_mm,DAV,39,-117.753113038,2.4442
DFT/dft_runs/Run_20_B2FeCo_Jij_FeFe/state4_mm,DAV,40,-118.218805013,-0.46569
DFT/dft_runs/Run_20_B2FeCo_Jij_FeFe/state4_mm,DAV,41,-119.467077525,-1.2483
DFT/dft_runs/Run_20_B2FeCo_Jij_FeFe/state4_mm,DAV,42,-122.109791741,-2.6427
DFT/dft_runs/Run_20_B2FeCo_Jij_FeFe/state4_mm,DAV,43,-122.54206494,-0.43227
DFT/dft_runs/Run_20_B2FeCo_Jij_FeFe/state4_mm,DAV,44,-122.75580246,-0.21374
DFT/dft_runs/Run_20_B2FeCo_Jij_FeFe/state4_mm,DAV,45,-122.700657306,0.055145
DFT/dft_runs/Run_20_B2FeCo_Jij_FeFe/state4_mm,DAV,46,-122.665714956,0.034942
DFT/dft_runs/Run_20_B2FeCo_Jij_FeFe/state4_mm,DAV,47,-122.738989533,-0.073275
DFT/dft_runs/Run_20_B2FeCo_Jij_FeFe/state4_mm,DAV,48,-122.735301883,0.0036877
DFT/dft_runs/Run_20_B2FeCo_Jij_FeFe/state4_mm,DAV,49,-122.786183939,-0.050882
DFT/dft_runs/Run_20_B2FeCo_Jij_FeFe/state4_mm,DAV,50,-122.758771892,0.027412
DFT/dft_runs/Run_20_B2FeCo_Jij_FeFe/state4_mm,DAV,51,-122.763571539,-0.0047996
DFT/dft_runs/Run_20_B2FeCo_Jij_FeFe/state4_mm,DAV,52,-122.764149046,-0.00057751
DFT/dft_runs/Run_20_B2FeCo_Jij_FeFe/state4_mm,DAV,53,-122.764341135,-0.00019209
DFT/dft_runs/Run_20_B2FeCo_Jij_FeFe/state4_mm,DAV,54,-122.773393329,-0.0090522
DFT/dft_runs/Run_20_B2FeCo_Jij_FeFe/state4_mm,DAV,55,-122.783945453,-0.010552
DFT/dft_runs/Run_20_B2FeCo_Jij_FeFe/state4_mm,DAV,56,-122.793401685,-0.0094562
DFT/dft_runs/Run_20_B2FeCo_Jij_FeFe/state4_mm,DAV,57,-122.786857696,0.006544
DFT/dft_runs/Run_20_B2FeCo_Jij_FeFe/state4_mm,DAV,58,-122.78511816,0.0017395
DFT/dft_runs/Run_20_B2FeCo_Jij_FeFe/state4_mm,DAV,59,-122.788377032,-0.0032589
DFT/dft_runs/Run_20_B2FeCo_Jij_FeFe/state4_mm,DAV,60,-122.78468982,0.0036872
DFT/dft_runs/Run_20_B2FeCo_Jij_FeFe/state4_mm,DAV,61,-122.785412648,-0.00072283
DFT/dft_runs/Run_20_B2FeCo_Jij_FeFe/state4_mm,DAV,62,-122.784048345,0.0013643
DFT/dft_runs/Run_20_B2FeCo_Jij_FeFe/state4_mm,DAV,63,-122.784797399,-0.00074905
DFT/dft_runs/Run_20_B2FeCo_Jij_FeFe/state4_mm,DAV,64,-122.785669447,-0.00087205
DFT/dft_runs/Run_20_B2FeCo_Jij_FeFe/state4_mm,DAV,65,-122.785838631,-0.00016918
DFT/dft_runs/Run_20_B2FeCo_Jij_FeFe/state4_mm,DAV,66,-122.786101478,-0.00026285
DFT/dft_runs/Run_20_B2FeCo_Jij_FeFe/state4_mm,DAV,67,-122.785657331,0.00044415
DFT/dft_runs/Run_20_B2FeCo_Jij_FeFe/state4_mm,DAV,68,-122.785662767,-5.4355e-06
DFT/dft_runs/Run_20_B2FeCo_Jij_FeFe/state4_mm,DAV,69,-122.785955067,-0.0002923
DFT/dft_runs/Run_20_B2FeCo_Jij_FeFe/state4_mm,DAV,70,-122.786019494,-6.4427e-05
DFT/dft_runs/Run_20_B2FeCo_Jij_FeFe/state4_mm,DAV,71,-122.785828038,0.00019146
DFT/dft_runs/Run_20_B2FeCo_Jij_FeFe/state4_mm,DAV,72,-122.785815528,1.251e-05
DFT/dft_runs/Run_20_B2FeCo_Jij_FeFe/state4_mm,DAV,73,-122.786020574,-0.00020505
DFT/dft_runs/Run_20_B2FeCo_Jij_FeFe/state4_mm,DAV,74,-122.785883106,0.00013747
DFT/dft_runs/Run_20_B2FeCo_Jij_FeFe/state4_mm,DAV,75,-122.785803701,7.9405e-05
DFT/dft_runs/Run_20_B2FeCo_Jij_FeFe/state4_mm,DAV,76,-122.785734971,6.873e-05
DFT/dft_runs/Run_20_B2FeCo_Jij_FeFe/state4_mm,DAV,77,-122.785870482,-0.00013551
DFT/dft_runs/Run_20_B2FeCo_Jij_FeFe/state4_mm,DAV,78,-122.785916782,-4.63e-05
DFT/dft_runs/Run_20_B2FeCo_Jij_FeFe/state4_mm,DAV,79,-122.785904504,1.2278e-05
DFT/dft_runs/Run_20_B2FeCo_Jij_FeFe/state4_mm,DAV,80,-122.785877444,2.706e-05
DFT/dft_runs/Run_20_B2FeCo_Jij_FeFe/state4_mm,DAV,81,-122.785905811,-2.8367e-05
DFT/dft_runs/Run_20_B2FeCo_Jij_FeFe/state4_mm,DAV,82,-122.785903868,1.9437e-06
DFT/dft_runs/Run_20_B2FeCo_Jij_FeFe/state4_mm,DAV,83,-122.785905225,-1.3573e-06
DFT/dft_runs/Run_20_B2FeCo_Jij_FeFe/state4_mm,DAV,84,-122.785904116,1.1093e-06
DFT/dft_runs/Run_20_B2FeCo_Jij_FeFe/state4_mm,DAV,85,-122.785897932,6.1841e-06
DFT/dft_runs/Run_20_B2FeCo_Jij_FeFe/state4_mm,DAV,86,-122.785904206,-6.2744e-06
DFT/dft_runs/Run_20_B2FeCo_Jij_FeFe/state4_mm,DAV,87,-122.785898447,5.7594e-06
DFT/dft_runs/Run_20_B2FeCo_Jij_FeFe/state4_mm,DAV,88,-122.785894084,4.3631e-06
DFT/dft_runs/Run_20_B2FeCo_Jij_FeFe/state4_mm,DAV,89,-122.785895691,-1.607e-06
DFT/dft_runs/Run_20_B2FeCo_Jij_FeFe/state4_mm,DAV,90,-122.785900891,-5.2004e-06
DFT/dft_runs/Run_20_B2FeCo_Jij_FeFe/state4_mm,DAV,91,-122.785897436,3.4545e-06
DFT/dft_runs/Run_20_B2FeCo_Jij_FeFe/state4_mm,DAV,92,-122.785898342,-9.0593e-07
DFT/dft_runs/Run_21_B2FeCo_Jij_FeCo/state1_pp,DAV,1,2277.09465414,2277.1
DFT/dft_runs/Run_21_B2FeCo_Jij_FeCo/state1_pp,DAV,2,202.929707331,-2074.2
DFT/dft_runs/Run_21_B2FeCo_Jij_FeCo/state1_pp,DAV,3,-116.468650104,-319.4
DFT/dft_runs/Run_21_B2FeCo_Jij_FeCo/state1_pp,DAV,4,-138.407542085,-21.939
DFT/dft_runs/Run_21_B2FeCo_Jij_FeCo/state1_pp,DAV,5,-138.91295387,-0.50541
DFT/dft_runs/Run_21_B2FeCo_Jij_FeCo/state1_pp,DAV,6,-124.13306718,14.78
DFT/dft_runs/Run_21_B2FeCo_Jij_FeCo/state1_pp,DAV,7,-123.810645846,0.32242
DFT/dft_runs/Run_21_B2FeCo_Jij_FeCo/state1_pp,DAV,8,-123.809641957,0.0010039
DFT/dft_runs/Run_21_B2FeCo_Jij_FeCo/state1_pp,DAV,9,-123.829942618,-0.020301
DFT/dft_runs/Run_21_B2FeCo_Jij_FeCo/state1_pp,DAV,10,-133.315534971,-9.4856
DFT/dft_runs/Run_21_B2FeCo_Jij_FeCo/state1_pp,DAV,11,-128.427786841,4.8877
DFT/dft_runs/Run_21_B2FeCo_Jij_FeCo/state1_pp,DAV,12,-129.553496274,-1.1257
DFT/dft_runs/Run_21_B2FeCo_Jij_FeCo/state1_pp,DAV,13,-124.984149044,4.5693
DFT/dft_runs/Run_21_B2FeCo_Jij_FeCo/state1_pp,DAV,14,-125.974635124,-0.99049
DFT/dft_runs/Run_21_B2FeCo_Jij_FeCo/state1_pp,DAV,15,-123.627407115,2.3472
DFT/dft_runs/Run_21_B2FeCo_Jij_FeCo/state1_pp,DAV,16,-123.66430409,-0.036897
DFT/dft_runs/Run_21_B2FeCo_Jij_FeCo/state1_pp,DAV,17,-123.422972006,0.24133
DFT/dft_runs/Run_21_B2FeCo_Jij_FeCo/state1_pp,DAV,18,-123.472138823,-0.049167
DFT/dft_runs/Run_21_B2FeCo_Jij_FeCo/state1_pp,DAV,19,-123.451588411,0.02055
DFT/dft_runs/Run_21_B2FeCo_Jij_FeCo/state1_pp,DAV,20,-123.458255826,-0.0066674
DFT/dft_runs/Run_21_B2FeCo_Jij_FeCo/state1_pp,DAV,21,-123.441996133,0.01626
DFT/dft_runs/Run_21_B2FeCo_Jij_FeCo/state1_pp,DAV,22,-123.439129986,0.0028661
DFT/dft_runs/Run_21_B2FeCo_Jij_FeCo/state1_pp,DAV,23,-123.433746516,0.0053835
DFT/dft_runs/Run_21_B2FeCo_Jij_FeCo/state1_pp,DAV,24,-123.446439894,-0.012693
DFT/dft_runs/Run_21_B2FeCo_Jij_FeCo/state1_pp,DAV,25,-123.438797939,0.007642
DFT/dft_runs/Run_21_B2FeCo_Jij_FeCo/state1_pp,DAV,26,-123.440354719,-0.0015568
DFT/dft_runs/Run_21_B2FeCo_Jij_FeCo/state1_pp,DAV,27,-123.438141328,0.0022134
DFT/dft_runs/Run_21_B2FeCo_Jij_FeCo/state1_pp,DAV,28,-123.435310441,0.0028309
DFT/dft_runs/Run_21_B2FeCo_Jij_FeCo/state1_pp,DAV,29,-123.434677233,0.00063321
DFT/dft_runs/Run_21_B2FeCo_Jij_FeCo/state1_pp,DAV,30,-123.434417375,0.00025986
DFT/dft_runs/Run_21_B2FeCo_Jij_FeCo/state1_pp,DAV,31,-123.434770373,-0.000353
DFT/dft_runs/Run_21_B2FeCo_Jij_FeCo/state1_pp,DAV,32,-123.434481534,0.00028884
DFT/dft_runs/Run_21_B2FeCo_Jij_FeCo/state1_pp,DAV,33,-123.434704113,-0.00022258
DFT/dft_runs/Run_21_B2FeCo_Jij_FeCo/state1_pp,DAV,34,-123.434583368,0.00012074
DFT/dft_runs/Run_21_B2FeCo_Jij_FeCo/state1_pp,DAV,35,-123.434611448,-2.808e-05
DFT/dft_runs/Run_21_B2FeCo_Jij_FeCo/state1_pp,DAV,36,-123.434626922,-1.5474e-05
DFT/dft_runs/Run_21_B2FeCo_Jij_FeCo/state1_pp,DAV,37,-123.434531367,9.5555e-05
DFT/dft_runs/Run_21_B2FeCo_Jij_FeCo/state1_pp,DAV,38,-123.434706383,-0.00017502
DFT/dft_runs/Run_21_B2FeCo_Jij_FeCo/state1_pp,DAV,39,-123.434729977,-2.3594e-05
DFT/dft_runs/Run_21_B2FeCo_Jij_FeCo/state1_pp,DAV,40,-123.434726985,2.9921e-06
DFT/dft_runs/Run_21_B2FeCo_Jij_FeCo/state1_pp,DAV,41,-123.434801402,-7.4417e-05
DFT/dft_runs/Run_21_B2FeCo_Jij_FeCo/state1_pp,DAV,42,-123.434788145,1.3258e-05
DFT/dft_runs/Run_21_B2FeCo_Jij_FeCo/state1_pp,DAV,43,-123.434803907,-1.5762e-05
DFT/dft_runs/Run_21_B2FeCo_Jij_FeCo/state1_pp,DAV,44,-123.434849346,-4.5439e-05
DFT/dft_runs/Run_21_B2FeCo_Jij_FeCo/state1_pp,DAV,45,-123.43483782,1.1525e-05
DFT/dft_runs/Run_21_B2FeCo_Jij_FeCo/state1_pp,DAV,46,-123.434861382,-2.3561e-05
DFT/dft_runs/Run_21_B2FeCo_Jij_FeCo/state1_pp,DAV,47,-123.434865019,-3.6372e-06
DFT/dft_runs/Run_21_B2FeCo_Jij_FeCo/state1_pp,DAV,48,-123.43487318,-8.1609e-06
DFT/dft_runs/Run_21_B2FeCo_Jij_FeCo/state1_pp,DAV,49,-123.434870934,2.2461e-06
DFT/dft_runs/Run_21_B2FeCo_Jij_FeCo/state1_pp,DAV,50,-123.434875726,-4.7922e-06
DFT/dft_runs/Run_21_B2FeCo_Jij_FeCo/state1_pp,DAV,51,-123.434873006,2.7204e-06
DFT/dft_runs/Run_21_B2FeCo_Jij_FeCo/state1_pp,DAV,52,-123.434874621,-1.6152e-06
DFT/dft_runs/Run_21_B2FeCo_Jij_FeCo/state1_pp,DAV,53,-123.434876041,-1.4204e-06
DFT/dft_runs/Run_21_B2FeCo_Jij_FeCo/state1_pp,DAV,54,-123.434877713,-1.6715e-06
DFT/dft_runs/Run_21_B2FeCo_Jij_FeCo/state1_pp,DAV,55,-123.434877577,1.3551e-07
DFT/dft_runs/Run_21_B2FeCo_Jij_FeCo/state2_pm,DAV,1,2286.96423347,2287.0
DFT/dft_runs/Run_21_B2FeCo_Jij_FeCo/state2_pm,DAV,2,203.115289578,-2083.8
DFT/dft_runs/Run_21_B2FeCo_Jij_FeCo/state2_pm,DAV,3,-114.648280533,-317.76
DFT/dft_runs/Run_21_B2FeCo_Jij_FeCo/state2_pm,DAV,4,-137.752306021,-23.104
DFT/dft_runs/Run_21_B2FeCo_Jij_FeCo/state2_pm,DAV,5,-138.342699644,-0.59039
DFT/dft_runs/Run_21_B2FeCo_Jij_FeCo/state2_pm,DAV,6,-125.346873793,12.996
DFT/dft_runs/Run_21_B2FeCo_Jij_FeCo/state2_pm,DAV,7,-133.418186944,-8.0713
DFT/dft_runs/Run_21_B2FeCo_Jij_FeCo/state2_pm,DAV,8,-129.062943533,4.3552
DFT/dft_runs/Run_21_B2FeCo_Jij_FeCo/state2_pm,DAV,9,-126.669891389,2.3931
DFT/dft_runs/Run_21_B2FeCo_Jij_FeCo/state2_pm,DAV,10,-128.126989462,-1.4571
DFT/dft_runs/Run_21_B2FeCo_Jij_FeCo/state2_pm,DAV,11,-122.847736359,5.2793
DFT/dft_runs/Run_21_B2FeCo_Jij_FeCo/state2_pm,DAV,12,-123.434758546,-0.58702
DFT/dft_runs/Run_21_B2FeCo_Jij_FeCo/state2_pm,DAV,13,-123.095847936,0.33891
DFT/dft_runs/Run_21_B2FeCo_Jij_FeCo/state2_pm,DAV,14,-124.526943675,-1.4311
DFT/dft_runs/Run_21_B2FeCo_Jij_FeCo/state2_pm,DAV,15,-126.115464114,-1.5885
DFT/dft_runs/Run_21_B2FeCo_Jij_FeCo/state2_pm,DAV,16,-126.270140593,-0.15468
DFT/dft_runs/Run_21_B2FeCo_Jij_FeCo/state2_pm,DAV,17,-124.413627642,1.8565
DFT/dft_runs/Run_21_B2FeCo_Jij_FeCo/state2_pm,DAV,18,-124.526198397,-0.11257
DFT/dft_runs/Run_21_B2FeCo_Jij_FeCo/state2_pm,DAV,19,-125.449859087,-0.92366
DFT/dft_runs/Run_21_B2FeCo_Jij_FeCo/state2_pm,DAV,20,-123.597938157,1.8519
DFT/dft_runs/Run_21_B2FeCo_Jij_FeCo/state2_pm,DAV,21,-123.843408336,-0.24547
DFT/dft_runs/Run_21_B2FeCo_Jij_FeCo/state2_pm,DAV,22,-123.521850593,0.32156
DFT/dft_runs/Run_21_B2FeCo_Jij_FeCo/state2_pm,DAV,23,-123.593477654,-0.071627
DFT/dft_runs/Run_21_B2FeCo_Jij_FeCo/state2_pm,DAV,24,-123.461204184,0.13227
DFT/dft_runs/Run_21_B2FeCo_Jij_FeCo/state2_pm,DAV,25,-123.682633536,-0.22143
DFT/dft_runs/Run_21_B2FeCo_Jij_FeCo/state2_pm,DAV,26,-123.466190086,0.21644
DFT/dft_runs/Run_21_B2FeCo_Jij_FeCo/state2_pm,DAV,27,-123.458424379,0.0077657
DFT/dft_runs/Run_21_B2FeCo_Jij_FeCo/state2_pm,DAV,28,-123.434813715,0.023611
DFT/dft_runs/Run_21_B2FeCo_Jij_FeCo/state2_pm,DAV,29,-123.437852712,-0.003039
DFT/dft_runs/Run_21_B2FeCo_Jij_FeCo/state2_pm,DAV,30,-123.435447575,0.0024051
DFT/dft_runs/Run_21_B2FeCo_Jij_FeCo/state2_pm,DAV,31,-123.43677235,-0.0013248
DFT/dft_runs/Run_21_B2FeCo_Jij_FeCo/state2_pm,DAV,32,-123.4351322,0.0016402
DFT/dft_runs/Run_21_B2FeCo_Jij_FeCo/state2_pm,DAV,33,-123.434793118,0.00033908
DFT/dft_runs/Run_21_B2FeCo_Jij_FeCo/state2_pm,DAV,34,-123.434449288,0.00034383
DFT/dft_runs/Run_21_B2FeCo_Jij_FeCo/state2_pm,DAV,35,-123.434231229,0.00021806
DFT/dft_runs/Run_21_B2FeCo_Jij_FeCo/state2_pm,DAV,36,-123.434109019,0.00012221
DFT/dft_runs/Run_21_B2FeCo_Jij_FeCo/state2_pm,DAV,37,-123.434025737,8.3282e-05
DFT/dft_runs/Run_21_B2FeCo_Jij_FeCo/state2_pm,DAV,38,-123.434367075,-0.00034134
DFT/dft_runs/Run_21_B2FeCo_Jij_FeCo/state2_pm,DAV,39,-123.434613618,-0.00024654
DFT/dft_runs/Run_21_B2FeCo_Jij_FeCo/state2_pm,DAV,40,-123.434402931,0.00021069
DFT/dft_runs/Run_21_B2FeCo_Jij_FeCo/state2_pm,DAV,41,-123.434451367,-4.8436e-05
DFT/dft_runs/Run_21_B2FeCo_Jij_FeCo/state2_pm,DAV,42,-123.434295882,0.00015549
DFT/dft_runs/Run_21_B2FeCo_Jij_FeCo/state2_pm,DAV,43,-123.434485942,-0.00019006
DFT/dft_runs/Run_21_B2FeCo_Jij_FeCo/state2_pm,DAV,44,-123.434624432,-0.00013849
DFT/dft_runs/Run_21_B2FeCo_Jij_FeCo/state2_pm,DAV,45,-123.434494768,0.00012966
DFT/dft_runs/Run_21_B2FeCo_Jij_FeCo/state2_pm,DAV,46,-123.434706974,-0.00021221
DFT/dft_runs/Run_21_B2FeCo_Jij_FeCo/state2_pm,DAV,47,-123.434751288,-4.4314e-05
DFT/dft_runs/Run_21_B2FeCo_Jij_FeCo/state2_pm,DAV,48,-123.434765129,-1.3841e-05
DFT/dft_runs/Run_21_B2FeCo_Jij_FeCo/state2_pm,DAV,49,-123.43483853,-7.34e-05
DFT/dft_runs/Run_21_B2FeCo_Jij_FeCo/state2_pm,DAV,50,-123.434832406,6.1243e-06
DFT/dft_runs/Run_21_B2FeCo_Jij_FeCo/state2_pm,DAV,51,-123.434811953,2.0453e-05
DFT/dft_runs/Run_21_B2FeCo_Jij_FeCo/state2_pm,DAV,52,-123.434826241,-1.4289e-05
DFT/dft_runs/Run_21_B2FeCo_Jij_FeCo/state2_pm,DAV,53,-123.434861713,-3.5472e-05
DFT/dft_runs/Run_21_B2FeCo_Jij_FeCo/state2_pm,DAV,54,-123.434861447,2.6609e-07
DFT/dft_runs/Run_21_B2FeCo_Jij_FeCo/state2_pm,DAV,55,-123.434871631,-1.0185e-05
DFT/dft_runs/Run_21_B2FeCo_Jij_FeCo/state2_pm,DAV,56,-123.434863046,8.5851e-06
DFT/dft_runs/Run_21_B2FeCo_Jij_FeCo/state2_pm,DAV,57,-123.434870958,-7.9118e-06
DFT/dft_runs/Run_21_B2FeCo_Jij_FeCo/state2_pm,DAV,58,-123.43487502,-4.0615e-06
DFT/dft_runs/Run_21_B2FeCo_Jij_FeCo/state2_pm,DAV,59,-123.434876271,-1.2516e-06
DFT/dft_runs/Run_21_B2FeCo_Jij_FeCo/state2_pm,DAV,60,-123.434876985,-7.1384e-07
DFT/dft_runs/Run_21_B2FeCo_Jij_FeCo/state2_pm,DAV,61,-123.434875725,1.2601e-06
DFT/dft_runs/Run_21_B2FeCo_Jij_FeCo/state2_pm,DAV,62,-123.434878374,-2.6486e-06
DFT/dft_runs/Run_21_B2FeCo_Jij_FeCo/state2_pm,DAV,63,-123.43487826,1.134e-07
DFT/dft_runs/Run_21_B2FeCo_Jij_FeCo/state3_mp,DAV,1,2276.74974167,2276.7
DFT/dft_runs/Run_21_B2FeCo_Jij_FeCo/state3_mp,DAV,2,202.867215458,-2073.9
DFT/dft_runs/Run_21_B2FeCo_Jij_FeCo/state3_mp,DAV,3,-116.446201109,-319.31
DFT/dft_runs/Run_21_B2FeCo_Jij_FeCo/state3_mp,DAV,4,-138.459567035,-22.013
DFT/dft_runs/Run_21_B2FeCo_Jij_FeCo/state3_mp,DAV,5,-138.969503401,-0.50994
DFT/dft_runs/Run_21_B2FeCo_Jij_FeCo/state3_mp,DAV,6,-150.117182692,-11.148
DFT/dft_runs/Run_21_B2FeCo_Jij_FeCo/state3_mp,DAV,7,-255.425582059,-105.31
DFT/dft_runs/Run_21_B2FeCo_Jij_FeCo/state3_mp,DAV,8,-180.643530762,74.782
DFT/dft_runs/Run_21_B2FeCo_Jij_FeCo/state3_mp,DAV,9,-176.008334226,4.6352
DFT/dft_runs/Run_21_B2FeCo_Jij_FeCo/state3_mp,DAV,10,-135.135411241,40.873
DFT/dft_runs/Run_21_B2FeCo_Jij_FeCo/state3_mp,DAV,11,-160.06139759,-24.926
DFT/dft_runs/Run_21_B2FeCo_Jij_FeCo/state3_mp,DAV,12,-129.390887852,30.671
DFT/dft_runs/Run_21_B2FeCo_Jij_FeCo/state3_mp,DAV,13,-130.117288892,-0.7264
DFT/dft_runs/Run_21_B2FeCo_Jij_FeCo/state3_mp,DAV,14,-123.205436919,6.9119
DFT/dft_runs/Run_21_B2FeCo_Jij_FeCo/state3_mp,DAV,15,-122.507482979,0.69795
DFT/dft_runs/Run_21_B2FeCo_Jij_FeCo/state3_mp,DAV,16,-122.915781437,-0.4083
DFT/dft_runs/Run_21_B2FeCo_Jij_FeCo/state3_mp,DAV,17,-130.244720727,-7.3289
DFT/dft_runs/Run_21_B2FeCo_Jij_FeCo/state3_mp,DAV,18,-123.795876257,6.4488
DFT/dft_runs/Run_21_B2FeCo_Jij_FeCo/state3_mp,DAV,19,-127.016905633,-3.221
DFT/dft_runs/Run_21_B2FeCo_Jij_FeCo/state3_mp,DAV,20,-124.276712737,2.7402
DFT/dft_runs/Run_21_B2FeCo_Jij_FeCo/state3_mp,DAV,21,-124.056974376,0.21974
DFT/dft_runs/Run_21_B2FeCo_Jij_FeCo/state3_mp,DAV,22,-123.412277996,0.6447
DFT/dft_runs/Run_21_B2FeCo_Jij_FeCo/state3_mp,DAV,23,-123.082021786,0.33026
DFT/dft_runs/Run_21_B2FeCo_Jij_FeCo/state3_mp,DAV,24,-123.299526133,-0.2175
DFT/dft_runs/Run_21_B2FeCo_Jij_FeCo/state3_mp,DAV,25,-123.166758101,0.13277
DFT/dft_runs/Run_21_B2FeCo_Jij_FeCo/state3_mp,DAV,26,-123.218604318,-0.051846
DFT/dft_runs/Run_21_B2FeCo_Jij_FeCo/state3_mp,DAV,27,-123.005914977,0.21269
DFT/dft_runs/Run_21_B2FeCo_Jij_FeCo/state3_mp,DAV,28,-122.818365177,0.18755
DFT/dft_runs/Run_21_B2FeCo_Jij_FeCo/state3_mp,DAV,29,-122.720667313,0.097698
DFT/dft_runs/Run_21_B2FeCo_Jij_FeCo/state3_mp,DAV,30,-122.796361186,-0.075694
DFT/dft_runs/Run_21_B2FeCo_Jij_FeCo/state3_mp,DAV,31,-122.737757844,0.058603
DFT/dft_runs/Run_21_B2FeCo_Jij_FeCo/state3_mp,DAV,32,-122.534077039,0.20368
DFT/dft_runs/Run_21_B2FeCo_Jij_FeCo/state3_mp,DAV,33,-122.491835975,0.042241
DFT/dft_runs/Run_21_B2FeCo_Jij_FeCo/state3_mp,DAV,34,-122.469442513,0.022393
DFT/dft_runs/Run_21_B2FeCo_Jij_FeCo/state3_mp,DAV,35,-122.468601164,0.00084135
DFT/dft_runs/Run_21_B2FeCo_Jij_FeCo/state3_mp,DAV,36,-122.478892657,-0.010291
DFT/dft_runs/Run_21_B2FeCo_Jij_FeCo/state3_mp,DAV,37,-122.475426773,0.0034659
DFT/dft_runs/Run_21_B2FeCo_Jij_FeCo/state3_mp,DAV,38,-122.426331616,0.049095
DFT/dft_runs/Run_21_B2FeCo_Jij_FeCo/state3_mp,DAV,39,-122.327805016,0.098527
DFT/dft_runs/Run_21_B2FeCo_Jij_FeCo/state3_mp,DAV,40,-122.320599479,0.0072055
DFT/dft_runs/Run_21_B2FeCo_Jij_FeCo/state3_mp,DAV,41,-122.288590327,0.032009
DFT/dft_runs/Run_21_B2FeCo_Jij_FeCo/state3_mp,DAV,42,-122.24767205,0.040918
DFT/dft_runs/Run_21_B2FeCo_Jij_FeCo/state3_mp,DAV,43,-122.202166792,0.045505
DFT/dft_runs/Run_21_B2FeCo_Jij_FeCo/state3_mp,DAV,44,-122.194612594,0.0075542
DFT/dft_runs/Run_21_B2FeCo_Jij_FeCo/state3_mp,DAV,45,-122.200733358,-0.0061208
DFT/dft_runs/Run_21_B2FeCo_Jij_FeCo/state3_mp,DAV,46,-122.181801485,0.018932
DFT/dft_runs/Run_21_B2FeCo_Jij_FeCo/state3_mp,DAV,47,-122.186776638,-0.0049752
DFT/dft_runs/Run_21_B2FeCo_Jij_FeCo/state3_mp,DAV,48,-122.173520139,0.013256
DFT/dft_runs/Run_21_B2FeCo_Jij_FeCo/state3_mp,DAV,49,-122.176444827,-0.0029247
DFT/dft_runs/Run_21_B2FeCo_Jij_FeCo/state3_mp,DAV,50,-122.173341264,0.0031036
DFT/dft_runs/Run_21_B2FeCo_Jij_FeCo/state3_mp,DAV,51,-122.172783904,0.00055736
DFT/dft_runs/Run_21_B2FeCo_Jij_FeCo/state3_mp,DAV,52,-122.172915662,-0.00013176
DFT/dft_runs/Run_21_B2FeCo_Jij_FeCo/state3_mp,DAV,53,-122.172659474,0.00025619
DFT/dft_runs/Run_21_B2FeCo_Jij_FeCo/state3_mp,DAV,54,-122.172944315,-0.00028484
DFT/dft_runs/Run_21_B2FeCo_Jij_FeCo/state3_mp,DAV,55,-122.173344497,-0.00040018
DFT/dft_runs/Run_21_B2FeCo_Jij_FeCo/state3_mp,DAV,56,-122.17388222,-0.00053772
DFT/dft_runs/Run_21_B2FeCo_Jij_FeCo/state3_mp,DAV,57,-122.17349612,0.0003861
DFT/dft_runs/Run_21_B2FeCo_Jij_FeCo/state3_mp,DAV,58,-122.173709993,-0.00021387
DFT/dft_runs/Run_21_B2FeCo_Jij_FeCo/state3_mp,DAV,59,-122.172885364,0.00082463
DFT/dft_runs/Run_21_B2FeCo_Jij_FeCo/state3_mp,DAV,60,-122.172949802,-6.4438e-05
DFT/dft_runs/Run_21_B2FeCo_Jij_FeCo/state3_mp,DAV,61,-122.17302349,-7.3688e-05
DFT/dft_runs/Run_21_B2FeCo_Jij_FeCo/state3_mp,DAV,62,-122.173174559,-0.00015107
DFT/dft_runs/Run_21_B2FeCo_Jij_FeCo/state3_mp,DAV,63,-122.173429475,-0.00025492
DFT/dft_runs/Run_21_B2FeCo_Jij_FeCo/state3_mp,DAV,64,-122.173057599,0.00037188
DFT/dft_runs/Run_21_B2FeCo_Jij_FeCo/state3_mp,DAV,65,-122.173580119,-0.00052252
DFT/dft_runs/Run_21_B2FeCo_Jij_FeCo/state3_mp,DAV,66,-122.173346536,0.00023358
DFT/dft_runs/Run_21_B2FeCo_Jij_FeCo/state3_mp,DAV,67,-122.173399781,-5.3245e-05
DFT/dft_runs/Run_21_B2FeCo_Jij_FeCo/state3_mp,DAV,68,-122.173276391,0.00012339
DFT/dft_runs/Run_21_B2FeCo_Jij_FeCo/state3_mp,DAV,69,-122.173354645,-7.8255e-05
DFT/dft_runs/Run_21_B2FeCo_Jij_FeCo/state3_mp,DAV,70,-122.173551932,-0.00019729
DFT/dft_runs/Run_21_B2FeCo_Jij_FeCo/state3_mp,DAV,71,-122.173500145,5.1787e-05
DFT/dft_runs/Run_21_B2FeCo_Jij_FeCo/state3_mp,DAV,72,-122.173532889,-3.2744e-05
DFT/dft_runs/Run_21_B2FeCo_Jij_FeCo/state3_mp,DAV,73,-122.173585894,-5.3005e-05
DFT/dft_runs/Run_21_B2FeCo_Jij_FeCo/state3_mp,DAV,74,-122.173611864,-2.597e-05
DFT/dft_runs/Run_21_B2FeCo_Jij_FeCo/state3_mp,DAV,75,-122.173640864,-2.9e-05
DFT/dft_runs/Run_21_B2FeCo_Jij_FeCo/state3_mp,DAV,76,-122.173634826,6.0383e-06
DFT/dft_runs/Run_21_B2FeCo_Jij_FeCo/state3_mp,DAV,77,-122.173646873,-1.2048e-05
DFT/dft_runs/Run_21_B2FeCo_Jij_FeCo/state3_mp,DAV,78,-122.173684869,-3.7996e-05
DFT/dft_runs/Run_21_B2FeCo_Jij_FeCo/state3_mp,DAV,79,-122.173690078,-5.209e-06
DFT/dft_runs/Run_21_B2FeCo_Jij_FeCo/state3_mp,DAV,80,-122.173684188,5.8901e-06
DFT/dft_runs/Run_21_B2FeCo_Jij_FeCo/state3_mp,DAV,81,-122.173654883,2.9304e-05
DFT/dft_runs/Run_21_B2FeCo_Jij_FeCo/state3_mp,DAV,82,-122.173667878,-1.2995e-05
DFT/dft_runs/Run_21_B2FeCo_Jij_FeCo/state3_mp,DAV,83,-122.173658137,9.7413e-06
DFT/dft_runs/Run_21_B2FeCo_Jij_FeCo/state3_mp,DAV,84,-122.173659118,-9.8163e-07
DFT/dft_runs/Run_21_B2FeCo_Jij_FeCo/state3_mp,DAV,85,-122.173661957,-2.8385e-06
DFT/dft_runs/Run_21_B2FeCo_Jij_FeCo/state3_mp,DAV,86,-122.173656212,5.745e-06
DFT/dft_runs/Run_21_B2FeCo_Jij_FeCo/state3_mp,DAV,87,-122.173656706,-4.9396e-07
DFT/dft_runs/Run_21_B2FeCo_Jij_FeCo/state3_mp,DAV,88,-122.173648251,8.4553e-06
DFT/dft_runs/Run_21_B2FeCo_Jij_FeCo/state3_mp,DAV,89,-122.17364676,1.4904e-06
DFT/dft_runs/Run_21_B2FeCo_Jij_FeCo/state3_mp,DAV,90,-122.173639727,7.0332e-06
DFT/dft_runs/Run_21_B2FeCo_Jij_FeCo/state3_mp,DAV,91,-122.173624937,1.479e-05
DFT/dft_runs/Run_21_B2FeCo_Jij_FeCo/state3_mp,DAV,92,-122.173631399,-6.4617e-06
DFT/dft_runs/Run_21_B2FeCo_Jij_FeCo/state3_mp,DAV,93,-122.17362707,4.329e-06
DFT/dft_runs/Run_21_B2FeCo_Jij_FeCo/state3_mp,DAV,94,-122.173625223,1.8471e-06
DFT/dft_runs/Run_21_B2FeCo_Jij_FeCo/state3_mp,DAV,95,-122.173630197,-4.9739e-06
DFT/dft_runs/Run_21_B2FeCo_Jij_FeCo/state3_mp,DAV,96,-122.173617387,1.281e-05
DFT/dft_runs/Run_21_B2FeCo_Jij_FeCo/state3_mp,DAV,97,-122.173626066,-8.6794e-06
DFT/dft_runs/Run_21_B2FeCo_Jij_FeCo/state3_mp,DAV,98,-122.173623076,2.9902e-06
DFT/dft_runs/Run_21_B2FeCo_Jij_FeCo/state3_mp,DAV,99,-122.173619662,3.4135e-06
DFT/dft_runs/Run_21_B2FeCo_Jij_FeCo/state3_mp,DAV,100,-122.173625138,-5.4762e-06
DFT/dft_runs/Run_21_B2FeCo_Jij_FeCo/state3_mp,DAV,101,-122.173630627,-5.4886e-06
DFT/dft_runs/Run_21_B2FeCo_Jij_FeCo/state3_mp,DAV,102,-122.173633419,-2.7915e-06
DFT/dft_runs/Run_21_B2FeCo_Jij_FeCo/state3_mp,DAV,103,-122.173634164,-7.4497e-07
DFT/dft_runs/Run_21_B2FeCo_Jij_FeCo/state3_mp,DAV,104,-122.173634555,-3.9171e-07
DFT/dft_runs/Run_21_B2FeCo_Jij_FeCo/state3_mp,DAV,105,-122.173637601,-3.0459e-06
DFT/dft_runs/Run_21_B2FeCo_Jij_FeCo/state3_mp,DAV,106,-122.173638941,-1.3394e-06
DFT/dft_runs/Run_21_B2FeCo_Jij_FeCo/state3_mp,DAV,107,-122.173645677,-6.7363e-06
DFT/dft_runs/Run_21_B2FeCo_Jij_FeCo/state3_mp,DAV,108,-122.173653677,-8.0005e-06
DFT/dft_runs/Run_21_B2FeCo_Jij_FeCo/state3_mp,DAV,109,-122.173654839,-1.1618e-06
DFT/dft_runs/Run_21_B2FeCo_Jij_FeCo/state3_mp,DAV,110,-122.173656607,-1.7681e-06
DFT/dft_runs/Run_21_B2FeCo_Jij_FeCo/state3_mp,DAV,111,-122.173649604,7.0029e-06
DFT/dft_runs/Run_21_B2FeCo_Jij_FeCo/state3_mp,DAV,112,-122.173655491,-5.8866e-06
DFT/dft_runs/Run_21_B2FeCo_Jij_FeCo/state3_mp,DAV,113,-122.173658171,-2.6801e-06
DFT/dft_runs/Run_21_B2FeCo_Jij_FeCo/state3_mp,DAV,114,-122.173660007,-1.8358e-06
DFT/dft_runs/Run_21_B2FeCo_Jij_FeCo/state3_mp,DAV,115,-122.173660695,-6.8803e-07
DFT/dft_runs/Run_21_B2FeCo_Jij_FeCo/state4_mm,DAV,1,2286.87513694,2286.9
DFT/dft_runs/Run_21_B2FeCo_Jij_FeCo/state4_mm,DAV,2,203.047855973,-2083.8
DFT/dft_runs/Run_21_B2FeCo_Jij_FeCo/state4_mm,DAV,3,-114.649975759,-317.7
DFT/dft_runs/Run_21_B2FeCo_Jij_FeCo/state4_mm,DAV,4,-137.850435902,-23.2
DFT/dft_runs/Run_21_B2FeCo_Jij_FeCo/state4_mm,DAV,5,-138.435113505,-0.58468
DFT/dft_runs/Run_21_B2FeCo_Jij_FeCo/state4_mm,DAV,6,-145.484129861,-7.049
DFT/dft_runs/Run_21_B2FeCo_Jij_FeCo/state4_mm,DAV,7,-228.543430912,-83.059
DFT/dft_runs/Run_21_B2FeCo_Jij_FeCo/state4_mm,DAV,8,-186.776051783,41.767
DFT/dft_runs/Run_21_B2FeCo_Jij_FeCo/state4_mm,DAV,9,-165.902780302,20.873
DFT/dft_runs/Run_21_B2FeCo_Jij_FeCo/state4_mm,DAV,10,-139.68132956,26.221
DFT/dft_runs/Run_21_B2FeCo_Jij_FeCo/state4_mm,DAV,11,-173.168680311,-33.487
DFT/dft_runs/Run_21_B2FeCo_Jij_FeCo/state4_mm,DAV,12,-131.490116263,41.679
DFT/dft_runs/Run_21_B2FeCo_Jij_FeCo/state4_mm,DAV,13,-133.185606666,-1.6955
DFT/dft_runs/Run_21_B2FeCo_Jij_FeCo/state4_mm,DAV,14,-124.385767383,8.7998
DFT/dft_runs/Run_21_B2FeCo_Jij_FeCo/state4_mm,DAV,15,-122.783026159,1.6027
DFT/dft_runs/Run_21_B2FeCo_Jij_FeCo/state4_mm,DAV,16,-121.326221258,1.4568
DFT/dft_runs/Run_21_B2FeCo_Jij_FeCo/state4_mm,DAV,17,-121.353942665,-0.027721
DFT/dft_runs/Run_21_B2FeCo_Jij_FeCo/state4_mm,DAV,18,-121.517951451,-0.16401
DFT/dft_runs/Run_21_B2FeCo_Jij_FeCo/state4_mm,DAV,19,-121.758109519,-0.24016
DFT/dft_runs/Run_21_B2FeCo_Jij_FeCo/state4_mm,DAV,20,-122.072224784,-0.31412
DFT/dft_runs/Run_21_B2FeCo_Jij_FeCo/state4_mm,DAV,21,-123.745459512,-1.6732
DFT/dft_runs/Run_21_B2FeCo_Jij_FeCo/state4_mm,DAV,22,-123.130712025,0.61475
DFT/dft_runs/Run_21_B2FeCo_Jij_FeCo/state4_mm,DAV,23,-125.56614243,-2.4354
DFT/dft_runs/Run_21_B2FeCo_Jij_FeCo/state4_mm,DAV,24,-125.46231292,0.10383
DFT/dft_runs/Run_21_B2FeCo_Jij_FeCo/state4_mm,DAV,25,-123.181756767,2.2806
DFT/dft_runs/Run_21_B2FeCo_Jij_FeCo/state4_mm,DAV,26,-122.960853927,0.2209
DFT/dft_runs/Run_21_B2FeCo_Jij_FeCo/state4_mm,DAV,27,-122.940862943,0.019991
DFT/dft_runs/Run_21_B2FeCo_Jij_FeCo/state4_mm,DAV,28,-122.800784198,0.14008
DFT/dft_runs/Run_21_B2FeCo_Jij_FeCo/state4_mm,DAV,29,-122.956577985,-0.15579
DFT/dft_runs/Run_21_B2FeCo_Jij_FeCo/state4_mm,DAV,30,-122.844963106,0.11161
DFT/dft_runs/Run_21_B2FeCo_Jij_FeCo/state4_mm,DAV,31,-123.295508694,-0.45055
DFT/dft_runs/Run_21_B2FeCo_Jij_FeCo/state4_mm,DAV,32,-122.973132689,0.32238
DFT/dft_runs/Run_21_B2FeCo_Jij_FeCo/state4_mm,DAV,33,-123.013609138,-0.040476
DFT/dft_runs/Run_21_B2FeCo_Jij_FeCo/state4_mm,DAV,34,-122.870470841,0.14314
DFT/dft_runs/Run_21_B2FeCo_Jij_FeCo/state4_mm,DAV,35,-122.880019352,-0.0095485
DFT/dft_runs/Run_21_B2FeCo_Jij_FeCo/state4_mm,DAV,36,-122.860526558,0.019493
DFT/dft_runs/Run_21_B2FeCo_Jij_FeCo/state4_mm,DAV,37,-122.846912479,0.013614
DFT/dft_runs/Run_21_B2FeCo_Jij_FeCo/state4_mm,DAV,38,-122.821060849,0.025852
DFT/dft_runs/Run_21_B2FeCo_Jij_FeCo/state4_mm,DAV,39,-122.808491199,0.01257
DFT/dft_runs/Run_21_B2FeCo_Jij_FeCo/state4_mm,DAV,40,-122.794802833,0.013688
DFT/dft_runs/Run_21_B2FeCo_Jij_FeCo/state4_mm,DAV,41,-122.795706559,-0.00090373
DFT/dft_runs/Run_21_B2FeCo_Jij_FeCo/state4_mm,DAV,42,-122.805255263,-0.0095487
DFT/dft_runs/Run_21_B2FeCo_Jij_FeCo/state4_mm,DAV,43,-122.801287394,0.0039679
DFT/dft_runs/Run_21_B2FeCo_Jij_FeCo/state4_mm,DAV,44,-122.818125724,-0.016838
DFT/dft_runs/Run_21_B2FeCo_Jij_FeCo/state4_mm,DAV,45,-122.805167732,0.012958
DFT/dft_runs/Run_21_B2FeCo_Jij_FeCo/state4_mm,DAV,46,-122.804080949,0.0010868
DFT/dft_runs/Run_21_B2FeCo_Jij_FeCo/state4_mm,DAV,47,-122.807127809,-0.0030469
DFT/dft_runs/Run_21_B2FeCo_Jij_FeCo/state4_mm,DAV,48,-122.795553454,0.011574
DFT/dft_runs/Run_21_B2FeCo_Jij_FeCo/state4_mm,DAV,49,-122.793469086,0.0020844
DFT/dft_runs/Run_21_B2FeCo_Jij_FeCo/state4_mm,DAV,50,-122.787429714,0.0060394
DFT/dft_runs/Run_21_B2FeCo_Jij_FeCo/state4_mm,DAV,51,-122.787826783,-0.00039707
DFT/dft_runs/Run_21_B2FeCo_Jij_FeCo/state4_mm,DAV,52,-122.786793566,0.0010332
DFT/dft_runs/Run_21_B2FeCo_Jij_FeCo/state4_mm,DAV,53,-122.788432802,-0.0016392
DFT/dft_runs/Run_21_B2FeCo_Jij_FeCo/state4_mm,DAV,54,-122.787149388,0.0012834
DFT/dft_runs/Run_21_B2FeCo_Jij_FeCo/state4_mm,DAV,55,-122.786749116,0.00040027
DFT/dft_runs/Run_21_B2FeCo_Jij_FeCo/state4_mm,DAV,56,-122.785548339,0.0012008
DFT/dft_runs/Run_21_B2FeCo_Jij_FeCo/state4_mm,DAV,57,-122.785806961,-0.00025862
DFT/dft_runs/Run_21_B2FeCo_Jij_FeCo/state4_mm,DAV,58,-122.785730338,7.6623e-05
DFT/dft_runs/Run_21_B2FeCo_Jij_FeCo/state4_mm,DAV,59,-122.785781256,-5.0918e-05
DFT/dft_runs/Run_21_B2FeCo_Jij_FeCo/state4_mm,DAV,60,-122.785815877,-3.4621e-05
DFT/dft_runs/Run_21_B2FeCo_Jij_FeCo/state4_mm,DAV,61,-122.785642802,0.00017307
DFT/dft_runs/Run_21_B2FeCo_Jij_FeCo/state4_mm,DAV,62,-122.78563841,4.3924e-06
DFT/dft_runs/Run_21_B2FeCo_Jij_FeCo/state4_mm,DAV,63,-122.785649942,-1.1532e-05
DFT/dft_runs/Run_21_B2FeCo_Jij_FeCo/state4_mm,DAV,64,-122.786072101,-0.00042216
DFT/dft_runs/Run_21_B2FeCo_Jij_FeCo/state4_mm,DAV,65,-122.786080629,-8.5274e-06
DFT/dft_runs/Run_21_B2FeCo_Jij_FeCo/state4_mm,DAV,66,-122.785989923,9.0705e-05
DFT/dft_runs/Run_21_B2FeCo_Jij_FeCo/state4_mm,DAV,67,-122.785685156,0.00030477
DFT/dft_runs/Run_21_B2FeCo_Jij_FeCo/state4_mm,DAV,68,-122.7859513,-0.00026614
DFT/dft_runs/Run_21_B2FeCo_Jij_FeCo/state4_mm,DAV,69,-122.785998088,-4.6789e-05
DFT/dft_runs/Run_21_B2FeCo_Jij_FeCo/state4_mm,DAV,70,-122.785924627,7.3462e-05
DFT/dft_runs/Run_21_B2FeCo_Jij_FeCo/state4_mm,DAV,71,-122.785950236,-2.5609e-05
DFT/dft_runs/Run_21_B2FeCo_Jij_FeCo/state4_mm,DAV,72,-122.785904987,4.5249e-05
DFT/dft_runs/Run_21_B2FeCo_Jij_FeCo/state4_mm,DAV,73,-122.785906403,-1.4156e-06
DFT/dft_runs/Run_21_B2FeCo_Jij_FeCo/state4_mm,DAV,74,-122.785911514,-5.1117e-06
DFT/dft_runs/Run_21_B2FeCo_Jij_FeCo/state4_mm,DAV,75,-122.785942205,-3.0691e-05
DFT/dft_runs/Run_21_B2FeCo_Jij_FeCo/state4_mm,DAV,76,-122.78592756,1.4645e-05
DFT/dft_runs/Run_21_B2FeCo_Jij_FeCo/state4_mm,DAV,77,-122.785897149,3.041e-05
DFT/dft_runs/Run_21_B2FeCo_Jij_FeCo/state4_mm,DAV,78,-122.785889167,7.9827e-06
DFT/dft_runs/Run_21_B2FeCo_Jij_FeCo/state4_mm,DAV,79,-122.7859036,-1.4433e-05
DFT/dft_runs/Run_21_B2FeCo_Jij_FeCo/state4_mm,DAV,80,-122.78591129,-7.6897e-06
DFT/dft_runs/Run_21_B2FeCo_Jij_FeCo/state4_mm,DAV,81,-122.785907279,4.0109e-06
DFT/dft_runs/Run_21_B2FeCo_Jij_FeCo/state4_mm,DAV,82,-122.785901141,6.1382e-06
DFT/dft_runs/Run_21_B2FeCo_Jij_FeCo/state4_mm,DAV,83,-122.785898075,3.0655e-06
DFT/dft_runs/Run_21_B2FeCo_Jij_FeCo/state4_mm,DAV,84,-122.785898594,-5.1848e-07
DFT/dft_runs/Run_22_B2FeCo_Jij_CoCo/state1_pp,DAV,1,2277.09465414,2277.1
DFT/dft_runs/Run_22_B2FeCo_Jij_CoCo/state1_pp,DAV,2,202.929707331,-2074.2
DFT/dft_runs/Run_22_B2FeCo_Jij_CoCo/state1_pp,DAV,3,-116.468650104,-319.4
DFT/dft_runs/Run_22_B2FeCo_Jij_CoCo/state1_pp,DAV,4,-138.407542085,-21.939
DFT/dft_runs/Run_22_B2FeCo_Jij_CoCo/state1_pp,DAV,5,-138.912953869,-0.50541
DFT/dft_runs/Run_22_B2FeCo_Jij_CoCo/state1_pp,DAV,6,-124.133067179,14.78
DFT/dft_runs/Run_22_B2FeCo_Jij_CoCo/state1_pp,DAV,7,-123.810645846,0.32242
DFT/dft_runs/Run_22_B2FeCo_Jij_CoCo/state1_pp,DAV,8,-123.809641958,0.0010039
DFT/dft_runs/Run_22_B2FeCo_Jij_CoCo/state1_pp,DAV,9,-123.829942617,-0.020301
DFT/dft_runs/Run_22_B2FeCo_Jij_CoCo/state1_pp,DAV,10,-133.31553497,-9.4856
DFT/dft_runs/Run_22_B2FeCo_Jij_CoCo/state1_pp,DAV,11,-128.42778684,4.8877
DFT/dft_runs/Run_22_B2FeCo_Jij_CoCo/state1_pp,DAV,12,-129.553496274,-1.1257
DFT/dft_runs/Run_22_B2FeCo_Jij_CoCo/state1_pp,DAV,13,-124.984149043,4.5693
DFT/dft_runs/Run_22_B2FeCo_Jij_CoCo/state1_pp,DAV,14,-125.974635123,-0.99049
DFT/dft_runs/Run_22_B2FeCo_Jij_CoCo/state1_pp,DAV,15,-123.627407114,2.3472
DFT/dft_runs/Run_22_B2FeCo_Jij_CoCo/state1_pp,DAV,16,-123.664304089,-0.036897
DFT/dft_runs/Run_22_B2FeCo_Jij_CoCo/state1_pp,DAV,17,-123.422972008,0.24133
DFT/dft_runs/Run_22_B2FeCo_Jij_CoCo/state1_pp,DAV,18,-123.472138824,-0.049167
DFT/dft_runs/Run_22_B2FeCo_Jij_CoCo/state1_pp,DAV,19,-123.451588411,0.02055
DFT/dft_runs/Run_22_B2FeCo_Jij_CoCo/state1_pp,DAV,20,-123.458255825,-0.0066674
DFT/dft_runs/Run_22_B2FeCo_Jij_CoCo/state1_pp,DAV,21,-123.441996133,0.01626
DFT/dft_runs/Run_22_B2FeCo_Jij_CoCo/state1_pp,DAV,22,-123.439129986,0.0028661
DFT/dft_runs/Run_22_B2FeCo_Jij_CoCo/state1_pp,DAV,23,-123.433746517,0.0053835
DFT/dft_runs/Run_22_B2FeCo_Jij_CoCo/state1_pp,DAV,24,-123.446439894,-0.012693
DFT/dft_runs/Run_22_B2FeCo_Jij_CoCo/state1_pp,DAV,25,-123.43879794,0.007642
DFT/dft_runs/Run_22_B2FeCo_Jij_CoCo/state1_pp,DAV,26,-123.440354718,-0.0015568
DFT/dft_runs/Run_22_B2FeCo_Jij_CoCo/state1_pp,DAV,27,-123.438141327,0.0022134
DFT/dft_runs/Run_22_B2FeCo_Jij_CoCo/state1_pp,DAV,28,-123.43531044,0.0028309
DFT/dft_runs/Run_22_B2FeCo_Jij_CoCo/state1_pp,DAV,29,-123.434677233,0.00063321
DFT/dft_runs/Run_22_B2FeCo_Jij_CoCo/state1_pp,DAV,30,-123.434417375,0.00025986
DFT/dft_runs/Run_22_B2FeCo_Jij_CoCo/state1_pp,DAV,31,-123.434770373,-0.000353
DFT/dft_runs/Run_22_B2FeCo_Jij_CoCo/state1_pp,DAV,32,-123.434481535,0.00028884
DFT/dft_runs/Run_22_B2FeCo_Jij_CoCo/state1_pp,DAV,33,-123.434704113,-0.00022258
DFT/dft_runs/Run_22_B2FeCo_Jij_CoCo/state1_pp,DAV,34,-123.434583368,0.00012075
DFT/dft_runs/Run_22_B2FeCo_Jij_CoCo/state1_pp,DAV,35,-123.434611447,-2.808e-05
DFT/dft_runs/Run_22_B2FeCo_Jij_CoCo/state1_pp,DAV,36,-123.434626922,-1.5475e-05
DFT/dft_runs/Run_22_B2FeCo_Jij_CoCo/state1_pp,DAV,37,-123.434531367,9.5555e-05
DFT/dft_runs/Run_22_B2FeCo_Jij_CoCo/state1_pp,DAV,38,-123.434706383,-0.00017502
DFT/dft_runs/Run_22_B2FeCo_Jij_CoCo/state1_pp,DAV,39,-123.434729978,-2.3595e-05
DFT/dft_runs/Run_22_B2FeCo_Jij_CoCo/state1_pp,DAV,40,-123.434726984,2.9937e-06
DFT/dft_runs/Run_22_B2FeCo_Jij_CoCo/state1_pp,DAV,41,-123.434801402,-7.4418e-05
DFT/dft_runs/Run_22_B2FeCo_Jij_CoCo/state1_pp,DAV,42,-123.434788144,1.3258e-05
DFT/dft_runs/Run_22_B2FeCo_Jij_CoCo/state1_pp,DAV,43,-123.434803907,-1.5763e-05
DFT/dft_runs/Run_22_B2FeCo_Jij_CoCo/state1_pp,DAV,44,-123.434849345,-4.5439e-05
DFT/dft_runs/Run_22_B2FeCo_Jij_CoCo/state1_pp,DAV,45,-123.434837821,1.1524e-05
DFT/dft_runs/Run_22_B2FeCo_Jij_CoCo/state1_pp,DAV,46,-123.434861382,-2.356e-05
DFT/dft_runs/Run_22_B2FeCo_Jij_CoCo/state1_pp,DAV,47,-123.434865019,-3.637e-06
DFT/dft_runs/Run_22_B2FeCo_Jij_CoCo/state1_pp,DAV,48,-123.434873178,-8.1597e-06
DFT/dft_runs/Run_22_B2FeCo_Jij_CoCo/state1_pp,DAV,49,-123.434870933,2.2454e-06
DFT/dft_runs/Run_22_B2FeCo_Jij_CoCo/state1_pp,DAV,50,-123.434875725,-4.7922e-06
DFT/dft_runs/Run_22_B2FeCo_Jij_CoCo/state1_pp,DAV,51,-123.434873006,2.7191e-06
DFT/dft_runs/Run_22_B2FeCo_Jij_CoCo/state1_pp,DAV,52,-123.434874621,-1.6144e-06
DFT/dft_runs/Run_22_B2FeCo_Jij_CoCo/state1_pp,DAV,53,-123.43487604,-1.4196e-06
DFT/dft_runs/Run_22_B2FeCo_Jij_CoCo/state1_pp,DAV,54,-123.434877712,-1.6722e-06
DFT/dft_runs/Run_22_B2FeCo_Jij_CoCo/state1_pp,DAV,55,-123.434877577,1.3554e-07
DFT/dft_runs/Run_22_B2FeCo_Jij_CoCo/state2_pm,DAV,1,2286.93683509,2286.9
DFT/dft_runs/Run_22_B2FeCo_Jij_CoCo/state2_pm,DAV,2,203.083735781,-2083.9
DFT/dft_runs/Run_22_B2FeCo_Jij_CoCo/state2_pm,DAV,3,-114.641409287,-317.73
DFT/dft_runs/Run_22_B2FeCo_Jij_CoCo/state2_pm,DAV,4,-137.751147386,-23.11
DFT/dft_runs/Run_22_B2FeCo_Jij_CoCo/state2_pm,DAV,5,-138.342594101,-0.59145
DFT/dft_runs/Run_22_B2FeCo_Jij_CoCo/state2_pm,DAV,6,-125.346505832,12.996
DFT/dft_runs/Run_22_B2FeCo_Jij_CoCo/state2_pm,DAV,7,-133.417982081,-8.0715
DFT/dft_runs/Run_22_B2FeCo_Jij_CoCo/state2_pm,DAV,8,-129.063204324,4.3548
DFT/dft_runs/Run_22_B2FeCo_Jij_CoCo/state2_pm,DAV,9,-126.669096143,2.3941
DFT/dft_runs/Run_22_B2FeCo_Jij_CoCo/state2_pm,DAV,10,-127.994132608,-1.325
DFT/dft_runs/Run_22_B2FeCo_Jij_CoCo/state2_pm,DAV,11,-122.846237115,5.1479
DFT/dft_runs/Run_22_B2FeCo_Jij_CoCo/state2_pm,DAV,12,-123.425713753,-0.57948
DFT/dft_runs/Run_22_B2FeCo_Jij_CoCo/state2_pm,DAV,13,-123.102748708,0.32297
DFT/dft_runs/Run_22_B2FeCo_Jij_CoCo/state2_pm,DAV,14,-124.452526886,-1.3498
DFT/dft_runs/Run_22_B2FeCo_Jij_CoCo/state2_pm,DAV,15,-125.920396074,-1.4679
DFT/dft_runs/Run_22_B2FeCo_Jij_CoCo/state2_pm,DAV,16,-126.15243233,-0.23204
DFT/dft_runs/Run_22_B2FeCo_Jij_CoCo/state2_pm,DAV,17,-124.55544993,1.597
DFT/dft_runs/Run_22_B2FeCo_Jij_CoCo/state2_pm,DAV,18,-124.573320605,-0.017871
DFT/dft_runs/Run_22_B2FeCo_Jij_CoCo/state2_pm,DAV,19,-125.202403442,-0.62908
DFT/dft_runs/Run_22_B2FeCo_Jij_CoCo/state2_pm,DAV,20,-123.715756475,1.4866
DFT/dft_runs/Run_22_B2FeCo_Jij_CoCo/state2_pm,DAV,21,-123.812760428,-0.097004
DFT/dft_runs/Run_22_B2FeCo_Jij_CoCo/state2_pm,DAV,22,-123.598593367,0.21417
DFT/dft_runs/Run_22_B2FeCo_Jij_CoCo/state2_pm,DAV,23,-123.499977469,0.098616
DFT/dft_runs/Run_22_B2FeCo_Jij_CoCo/state2_pm,DAV,24,-123.466442826,0.033535
DFT/dft_runs/Run_22_B2FeCo_Jij_CoCo/state2_pm,DAV,25,-123.601509381,-0.13507
DFT/dft_runs/Run_22_B2FeCo_Jij_CoCo/state2_pm,DAV,26,-123.471392262,0.13012
DFT/dft_runs/Run_22_B2FeCo_Jij_CoCo/state2_pm,DAV,27,-123.442475781,0.028916
DFT/dft_runs/Run_22_B2FeCo_Jij_CoCo/state2_pm,DAV,28,-123.43524308,0.0072327
DFT/dft_runs/Run_22_B2FeCo_Jij_CoCo/state2_pm,DAV,29,-123.438012149,-0.0027691
DFT/dft_runs/Run_22_B2FeCo_Jij_CoCo/state2_pm,DAV,30,-123.435353633,0.0026585
DFT/dft_runs/Run_22_B2FeCo_Jij_CoCo/state2_pm,DAV,31,-123.437074671,-0.001721
DFT/dft_runs/Run_22_B2FeCo_Jij_CoCo/state2_pm,DAV,32,-123.434222077,0.0028526
DFT/dft_runs/Run_22_B2FeCo_Jij_CoCo/state2_pm,DAV,33,-123.434796113,-0.00057404
DFT/dft_runs/Run_22_B2FeCo_Jij_CoCo/state2_pm,DAV,34,-123.434081671,0.00071444
DFT/dft_runs/Run_22_B2FeCo_Jij_CoCo/state2_pm,DAV,35,-123.434594961,-0.00051329
DFT/dft_runs/Run_22_B2FeCo_Jij_CoCo/state2_pm,DAV,36,-123.434189996,0.00040497
DFT/dft_runs/Run_22_B2FeCo_Jij_CoCo/state2_pm,DAV,37,-123.43448509,-0.00029509
DFT/dft_runs/Run_22_B2FeCo_Jij_CoCo/state2_pm,DAV,38,-123.434820084,-0.00033499
DFT/dft_runs/Run_22_B2FeCo_Jij_CoCo/state2_pm,DAV,39,-123.434371865,0.00044822
DFT/dft_runs/Run_22_B2FeCo_Jij_CoCo/state2_pm,DAV,40,-123.434565997,-0.00019413
DFT/dft_runs/Run_22_B2FeCo_Jij_CoCo/state2_pm,DAV,41,-123.434387332,0.00017866
DFT/dft_runs/Run_22_B2FeCo_Jij_CoCo/state2_pm,DAV,42,-123.434408739,-2.1407e-05
DFT/dft_runs/Run_22_B2FeCo_Jij_CoCo/state2_pm,DAV,43,-123.434594388,-0.00018565
DFT/dft_runs/Run_22_B2FeCo_Jij_CoCo/state2_pm,DAV,44,-123.434594344,4.3279e-08
DFT/dft_runs/Run_22_B2FeCo_Jij_CoCo/state2_pm,DAV,45,-123.43467846,-8.4116e-05
DFT/dft_runs/Run_22_B2FeCo_Jij_CoCo/state2_pm,DAV,46,-123.43468078,-2.3193e-06
DFT/dft_runs/Run_22_B2FeCo_Jij_CoCo/state2_pm,DAV,47,-123.434716544,-3.5765e-05
DFT/dft_runs/Run_22_B2FeCo_Jij_CoCo/state2_pm,DAV,48,-123.434802872,-8.6328e-05
DFT/dft_runs/Run_22_B2FeCo_Jij_CoCo/state2_pm,DAV,49,-123.434839826,-3.6954e-05
DFT/dft_runs/Run_22_B2FeCo_Jij_CoCo/state2_pm,DAV,50,-123.43483461,5.2167e-06
DFT/dft_runs/Run_22_B2FeCo_Jij_CoCo/state2_pm,DAV,51,-123.434844457,-9.8471e-06
DFT/dft_runs/Run_22_B2FeCo_Jij_CoCo/state2_pm,DAV,52,-123.434856322,-1.1866e-05
DFT/dft_runs/Run_22_B2FeCo_Jij_CoCo/state2_pm,DAV,53,-123.43486299,-6.6677e-06
DFT/dft_runs/Run_22_B2FeCo_Jij_CoCo/state2_pm,DAV,54,-123.434866096,-3.106e-06
DFT/dft_runs/Run_22_B2FeCo_Jij_CoCo/state2_pm,DAV,55,-123.434875023,-8.9269e-06
DFT/dft_runs/Run_22_B2FeCo_Jij_CoCo/state2_pm,DAV,56,-123.434859018,1.6005e-05
DFT/dft_runs/Run_22_B2FeCo_Jij_CoCo/state2_pm,DAV,57,-123.434874882,-1.5864e-05
DFT/dft_runs/Run_22_B2FeCo_Jij_CoCo/state2_pm,DAV,58,-123.434876095,-1.2129e-06
DFT/dft_runs/Run_22_B2FeCo_Jij_CoCo/state2_pm,DAV,59,-123.434878034,-1.9391e-06
DFT/dft_runs/Run_22_B2FeCo_Jij_CoCo/state2_pm,DAV,60,-123.434877798,2.355e-07
DFT/dft_runs/Run_22_B2FeCo_Jij_CoCo/state3_mp,DAV,1,2277.01872744,2277.0
DFT/dft_runs/Run_22_B2FeCo_Jij_CoCo/state3_mp,DAV,2,202.848791919,-2074.2
DFT/dft_runs/Run_22_B2FeCo_Jij_CoCo/state3_mp,DAV,3,-116.129330069,-318.98
DFT/dft_runs/Run_22_B2FeCo_Jij_CoCo/state3_mp,DAV,4,-138.087577307,-21.958
DFT/dft_runs/Run_22_B2FeCo_Jij_CoCo/state3_mp,DAV,5,-138.595299262,-0.50772
DFT/dft_runs/Run_22_B2FeCo_Jij_CoCo/state3_mp,DAV,6,-131.265649857,7.3296
DFT/dft_runs/Run_22_B2FeCo_Jij_CoCo/state3_mp,DAV,7,-341.749797161,-210.48
DFT/dft_runs/Run_22_B2FeCo_Jij_CoCo/state3_mp,DAV,8,-196.579084194,145.17
DFT/dft_runs/Run_22_B2FeCo_Jij_CoCo/state3_mp,DAV,9,-158.690519005,37.889
DFT/dft_runs/Run_22_B2FeCo_Jij_CoCo/state3_mp,DAV,10,-149.562665074,9.1279
DFT/dft_runs/Run_22_B2FeCo_Jij_CoCo/state3_mp,DAV,11,-130.961927471,18.601
DFT/dft_runs/Run_22_B2FeCo_Jij_CoCo/state3_mp,DAV,12,-135.259314277,-4.2974
DFT/dft_runs/Run_22_B2FeCo_Jij_CoCo/state3_mp,DAV,13,-128.841904211,6.4174
DFT/dft_runs/Run_22_B2FeCo_Jij_CoCo/state3_mp,DAV,14,-126.387642666,2.4543
DFT/dft_runs/Run_22_B2FeCo_Jij_CoCo/state3_mp,DAV,15,-126.875367836,-0.48773
DFT/dft_runs/Run_22_B2FeCo_Jij_CoCo/state3_mp,DAV,16,-126.124757533,0.75061
DFT/dft_runs/Run_22_B2FeCo_Jij_CoCo/state3_mp,DAV,17,-125.58503017,0.53973
DFT/dft_runs/Run_22_B2FeCo_Jij_CoCo/state3_mp,DAV,18,-126.475336183,-0.89031
DFT/dft_runs/Run_22_B2FeCo_Jij_CoCo/state3_mp,DAV,19,-123.886371076,2.589
DFT/dft_runs/Run_22_B2FeCo_Jij_CoCo/state3_mp,DAV,20,-124.109335256,-0.22296
DFT/dft_runs/Run_22_B2FeCo_Jij_CoCo/state3_mp,DAV,21,-124.153601885,-0.044267
DFT/dft_runs/Run_22_B2FeCo_Jij_CoCo/state3_mp,DAV,22,-124.899738773,-0.74614
DFT/dft_runs/Run_22_B2FeCo_Jij_CoCo/state3_mp,DAV,23,-124.17491073,0.72483
DFT/dft_runs/Run_22_B2FeCo_Jij_CoCo/state3_mp,DAV,24,-124.187101885,-0.012191
DFT/dft_runs/Run_22_B2FeCo_Jij_CoCo/state3_mp,DAV,25,-123.724202261,0.4629
DFT/dft_runs/Run_22_B2FeCo_Jij_CoCo/state3_mp,DAV,26,-123.162689136,0.56151
DFT/dft_runs/Run_22_B2FeCo_Jij_CoCo/state3_mp,DAV,27,-122.685818659,0.47687
DFT/dft_runs/Run_22_B2FeCo_Jij_CoCo/state3_mp,DAV,28,-122.704338807,-0.01852
DFT/dft_runs/Run_22_B2FeCo_Jij_CoCo/state3_mp,DAV,29,-122.606518239,0.097821
DFT/dft_runs/Run_22_B2FeCo_Jij_CoCo/state3_mp,DAV,30,-122.622535223,-0.016017
DFT/dft_runs/Run_22_B2FeCo_Jij_CoCo/state3_mp,DAV,31,-122.603280526,0.019255
DFT/dft_runs/Run_22_B2FeCo_Jij_CoCo/state3_mp,DAV,32,-122.609766354,-0.0064858
DFT/dft_runs/Run_22_B2FeCo_Jij_CoCo/state3_mp,DAV,33,-122.596585292,0.013181
DFT/dft_runs/Run_22_B2FeCo_Jij_CoCo/state3_mp,DAV,34,-122.597842125,-0.0012568
DFT/dft_runs/Run_22_B2FeCo_Jij_CoCo/state3_mp,DAV,35,-122.598180708,-0.00033858
DFT/dft_runs/Run_22_B2FeCo_Jij_CoCo/state3_mp,DAV,36,-122.598176237,4.4705e-06
DFT/dft_runs/Run_22_B2FeCo_Jij_CoCo/state3_mp,DAV,37,-122.599973939,-0.0017977
DFT/dft_runs/Run_22_B2FeCo_Jij_CoCo/state3_mp,DAV,38,-122.597257811,0.0027161
DFT/dft_runs/Run_22_B2FeCo_Jij_CoCo/state3_mp,DAV,39,-122.590440789,0.006817
DFT/dft_runs/Run_22_B2FeCo_Jij_CoCo/state3_mp,DAV,40,-122.57631776,0.014123
DFT/dft_runs/Run_22_B2FeCo_Jij_CoCo/state3_mp,DAV,41,-122.578643425,-0.0023257
DFT/dft_runs/Run_22_B2FeCo_Jij_CoCo/state3_mp,DAV,42,-122.578462475,0.00018095
DFT/dft_runs/Run_22_B2FeCo_Jij_CoCo/state3_mp,DAV,43,-122.580969595,-0.0025071
DFT/dft_runs/Run_22_B2FeCo_Jij_CoCo/state3_mp,DAV,44,-122.575066463,0.0059031
DFT/dft_runs/Run_22_B2FeCo_Jij_CoCo/state3_mp,DAV,45,-122.573682089,0.0013844
DFT/dft_runs/Run_22_B2FeCo_Jij_CoCo/state3_mp,DAV,46,-122.579420246,-0.0057382
DFT/dft_runs/Run_22_B2FeCo_Jij_CoCo/state3_mp,DAV,47,-122.572245566,0.0071747
DFT/dft_runs/Run_22_B2FeCo_Jij_CoCo/state3_mp,DAV,48,-122.573722559,-0.001477
DFT/dft_runs/Run_22_B2FeCo_Jij_CoCo/state3_mp,DAV,49,-122.569180429,0.0045421
DFT/dft_runs/Run_22_B2FeCo_Jij_CoCo/state3_mp,DAV,50,-122.570204279,-0.0010238
DFT/dft_runs/Run_22_B2FeCo_Jij_CoCo/state3_mp,DAV,51,-122.567129317,0.003075
DFT/dft_runs/Run_22_B2FeCo_Jij_CoCo/state3_mp,DAV,52,-122.567191744,-6.2427e-05
DFT/dft_runs/Run_22_B2FeCo_Jij_CoCo/state3_mp,DAV,53,-122.56878233,-0.0015906
DFT/dft_runs/Run_22_B2FeCo_Jij_CoCo/state3_mp,DAV,54,-122.567147041,0.0016353
DFT/dft_runs/Run_22_B2FeCo_Jij_CoCo/state3_mp,DAV,55,-122.567254077,-0.00010704
DFT/dft_runs/Run_22_B2FeCo_Jij_CoCo/state3_mp,DAV,56,-122.567015585,0.00023849
DFT/dft_runs/Run_22_B2FeCo_Jij_CoCo/state3_mp,DAV,57,-122.567095677,-8.0092e-05
DFT/dft_runs/Run_22_B2FeCo_Jij_CoCo/state3_mp,DAV,58,-122.566977853,0.00011782
DFT/dft_runs/Run_22_B2FeCo_Jij_CoCo/state3_mp,DAV,59,-122.566660564,0.00031729
DFT/dft_runs/Run_22_B2FeCo_Jij_CoCo/state3_mp,DAV,60,-122.56693439,-0.00027383
DFT/dft_runs/Run_22_B2FeCo_Jij_CoCo/state3_mp,DAV,61,-122.567068292,-0.0001339
DFT/dft_runs/Run_22_B2FeCo_Jij_CoCo/state3_mp,DAV,62,-122.567126203,-5.791e-05
DFT/dft_runs/Run_22_B2FeCo_Jij_CoCo/state3_mp,DAV,63,-122.567466828,-0.00034062
DFT/dft_runs/Run_22_B2FeCo_Jij_CoCo/state3_mp,DAV,64,-122.567550982,-8.4155e-05
DFT/dft_runs/Run_22_B2FeCo_Jij_CoCo/state3_mp,DAV,65,-122.567546969,4.0135e-06
DFT/dft_runs/Run_22_B2FeCo_Jij_CoCo/state3_mp,DAV,66,-122.567855781,-0.00030881
DFT/dft_runs/Run_22_B2FeCo_Jij_CoCo/state3_mp,DAV,67,-122.567922835,-6.7053e-05
DFT/dft_runs/Run_22_B2FeCo_Jij_CoCo/state3_mp,DAV,68,-122.567989617,-6.6783e-05
DFT/dft_runs/Run_22_B2FeCo_Jij_CoCo/state3_mp,DAV,69,-122.568082177,-9.256e-05
DFT/dft_runs/Run_22_B2FeCo_Jij_CoCo/state3_mp,DAV,70,-122.568161107,-7.893e-05
DFT/dft_runs/Run_22_B2FeCo_Jij_CoCo/state3_mp,DAV,71,-122.568232076,-7.0969e-05
DFT/dft_runs/Run_22_B2FeCo_Jij_CoCo/state3_mp,DAV,72,-122.568524545,-0.00029247
DFT/dft_runs/Run_22_B2FeCo_Jij_CoCo/state3_mp,DAV,73,-122.568515203,9.3422e-06
DFT/dft_runs/Run_22_B2FeCo_Jij_CoCo/state3_mp,DAV,74,-122.568635708,-0.0001205
DFT/dft_runs/Run_22_B2FeCo_Jij_CoCo/state3_mp,DAV,75,-122.568718699,-8.2991e-05
DFT/dft_runs/Run_22_B2FeCo_Jij_CoCo/state3_mp,DAV,76,-122.56881973,-0.00010103
DFT/dft_runs/Run_22_B2FeCo_Jij_CoCo/state3_mp,DAV,77,-122.568802776,1.6955e-05
DFT/dft_runs/Run_22_B2FeCo_Jij_CoCo/state3_mp,DAV,78,-122.56893435,-0.00013157
DFT/dft_runs/Run_22_B2FeCo_Jij_CoCo/state3_mp,DAV,79,-122.568999647,-6.5297e-05
DFT/dft_runs/Run_22_B2FeCo_Jij_CoCo/state3_mp,DAV,80,-122.568988784,1.0863e-05
DFT/dft_runs/Run_22_B2FeCo_Jij_CoCo/state3_mp,DAV,81,-122.568953158,3.5626e-05
DFT/dft_runs/Run_22_B2FeCo_Jij_CoCo/state3_mp,DAV,82,-122.569024668,-7.151e-05
DFT/dft_runs/Run_22_B2FeCo_Jij_CoCo/state3_mp,DAV,83,-122.569020816,3.8522e-06
DFT/dft_runs/Run_22_B2FeCo_Jij_CoCo/state3_mp,DAV,84,-122.568988833,3.1983e-05
DFT/dft_runs/Run_22_B2FeCo_Jij_CoCo/state3_mp,DAV,85,-122.568969595,1.9238e-05
DFT/dft_runs/Run_22_B2FeCo_Jij_CoCo/state3_mp,DAV,86,-122.568997322,-2.7726e-05
DFT/dft_runs/Run_22_B2FeCo_Jij_CoCo/state3_mp,DAV,87,-122.569051183,-5.3861e-05
DFT/dft_runs/Run_22_B2FeCo_Jij_CoCo/state3_mp,DAV,88,-122.569083529,-3.2346e-05
DFT/dft_runs/Run_22_B2FeCo_Jij_CoCo/state3_mp,DAV,89,-122.569104282,-2.0753e-05
DFT/dft_runs/Run_22_B2FeCo_Jij_CoCo/state3_mp,DAV,90,-122.569122862,-1.858e-05
DFT/dft_runs/Run_22_B2FeCo_Jij_CoCo/state3_mp,DAV,91,-122.569094263,2.8599e-05
DFT/dft_runs/Run_22_B2FeCo_Jij_CoCo/state3_mp,DAV,92,-122.569139792,-4.5529e-05
DFT/dft_runs/Run_22_B2FeCo_Jij_CoCo/state3_mp,DAV,93,-122.569130117,9.6753e-06
DFT/dft_runs/Run_22_B2FeCo_Jij_CoCo/state3_mp,DAV,94,-122.56912482,5.2968e-06
DFT/dft_runs/Run_22_B2FeCo_Jij_CoCo/state3_mp,DAV,95,-122.569120986,3.8341e-06
DFT/dft_runs/Run_22_B2FeCo_Jij_CoCo/state3_mp,DAV,96,-122.569132248,-1.1262e-05
DFT/dft_runs/Run_22_B2FeCo_Jij_CoCo/state3_mp,DAV,97,-122.56912296,9.2879e-06
DFT/dft_runs/Run_22_B2FeCo_Jij_CoCo/state3_mp,DAV,98,-122.569110864,1.2096e-05
DFT/dft_runs/Run_22_B2FeCo_Jij_CoCo/state3_mp,DAV,99,-122.569132211,-2.1346e-05
DFT/dft_runs/Run_22_B2FeCo_Jij_CoCo/state3_mp,DAV,100,-122.569130714,1.4968e-06
DFT/dft_runs/Run_22_B2FeCo_Jij_CoCo/state3_mp,DAV,101,-122.569125868,4.8459e-06
DFT/dft_runs/Run_22_B2FeCo_Jij_CoCo/state3_mp,DAV,102,-122.569130966,-5.0986e-06
DFT/dft_runs/Run_22_B2FeCo_Jij_CoCo/state3_mp,DAV,103,-122.569146772,-1.5805e-05
DFT/dft_runs/Run_22_B2FeCo_Jij_CoCo/state3_mp,DAV,104,-122.569154925,-8.1533e-06
DFT/dft_runs/Run_22_B2FeCo_Jij_CoCo/state3_mp,DAV,105,-122.569154724,2.0056e-07
DFT/dft_runs/Run_22_B2FeCo_Jij_CoCo/state3_mp,DAV,106,-122.569159416,-4.6914e-06
DFT/dft_runs/Run_22_B2FeCo_Jij_CoCo/state3_mp,DAV,107,-122.569168157,-8.7417e-06
DFT/dft_runs/Run_22_B2FeCo_Jij_CoCo/state3_mp,DAV,108,-122.569172671,-4.5138e-06
DFT/dft_runs/Run_22_B2FeCo_Jij_CoCo/state3_mp,DAV,109,-122.569170566,2.1052e-06
DFT/dft_runs/Run_22_B2FeCo_Jij_CoCo/state3_mp,DAV,110,-122.569174235,-3.6693e-06
DFT/dft_runs/Run_22_B2FeCo_Jij_CoCo/state3_mp,DAV,111,-122.569171837,2.3979e-06
DFT/dft_runs/Run_22_B2FeCo_Jij_CoCo/state3_mp,DAV,112,-122.569171107,7.3027e-07
DFT/dft_runs/Run_22_B2FeCo_Jij_CoCo/state3_mp,DAV,113,-122.569176405,-5.2983e-06
DFT/dft_runs/Run_22_B2FeCo_Jij_CoCo/state3_mp,DAV,114,-122.569178093,-1.6874e-06
DFT/dft_runs/Run_22_B2FeCo_Jij_CoCo/state3_mp,DAV,115,-122.56918592,-7.8279e-06
DFT/dft_runs/Run_22_B2FeCo_Jij_CoCo/state3_mp,DAV,116,-122.569177343,8.5773e-06
DFT/dft_runs/Run_22_B2FeCo_Jij_CoCo/state3_mp,DAV,117,-122.569176356,9.8688e-07
DFT/dft_runs/Run_22_B2FeCo_Jij_CoCo/state3_mp,DAV,118,-122.569183243,-6.8872e-06
DFT/dft_runs/Run_22_B2FeCo_Jij_CoCo/state3_mp,DAV,119,-122.569188937,-5.6931e-06
DFT/dft_runs/Run_22_B2FeCo_Jij_CoCo/state3_mp,DAV,120,-122.56918352,5.4164e-06
DFT/dft_runs/Run_22_B2FeCo_Jij_CoCo/state3_mp,DAV,121,-122.569184155,-6.3486e-07
DFT/dft_runs/Run_22_B2FeCo_Jij_CoCo/state3_mp,DAV,122,-122.56918154,2.6148e-06
DFT/dft_runs/Run_22_B2FeCo_Jij_CoCo/state3_mp,DAV,123,-122.569188045,-6.5049e-06
DFT/dft_runs/Run_22_B2FeCo_Jij_CoCo/state3_mp,DAV,124,-122.569186617,1.4277e-06
DFT/dft_runs/Run_22_B2FeCo_Jij_CoCo/state3_mp,DAV,125,-122.569185978,6.3924e-07
DFT/dft_runs/Run_22_B2FeCo_Jij_CoCo/state3_mp,DAV,126,-122.569175935,1.0043e-05
DFT/dft_runs/Run_22_B2FeCo_Jij_CoCo/state3_mp,DAV,127,-122.569179473,-3.5379e-06
DFT/dft_runs/Run_22_B2FeCo_Jij_CoCo/state3_mp,DAV,128,-122.56918617,-6.6968e-06
DFT/dft_runs/Run_22_B2FeCo_Jij_CoCo/state3_mp,DAV,129,-122.569187018,-8.4817e-07
DFT/dft_runs/Run_22_B2FeCo_Jij_CoCo/state3_mp,DAV,130,-122.569188693,-1.675e-06
DFT/dft_runs/Run_22_B2FeCo_Jij_CoCo/state3_mp,DAV,131,-122.569183988,4.7047e-06
DFT/dft_runs/Run_22_B2FeCo_Jij_CoCo/state3_mp,DAV,132,-122.569188908,-4.9198e-06
DFT/dft_runs/Run_22_B2FeCo_Jij_CoCo/state3_mp,DAV,133,-122.569186874,2.0335e-06
DFT/dft_runs/Run_22_B2FeCo_Jij_CoCo/state3_mp,DAV,134,-122.569189281,-2.4066e-06
DFT/dft_runs/Run_22_B2FeCo_Jij_CoCo/state3_mp,DAV,135,-122.569188009,1.272e-06
DFT/dft_runs/Run_22_B2FeCo_Jij_CoCo/state3_mp,DAV,136,-122.569186185,1.8242e-06
DFT/dft_runs/Run_22_B2FeCo_Jij_CoCo/state3_mp,DAV,137,-122.569187255,-1.0698e-06
DFT/dft_runs/Run_22_B2FeCo_Jij_CoCo/state3_mp,DAV,138,-122.569187381,-1.2639e-07
DFT/dft_runs/Run_22_B2FeCo_Jij_CoCo/state3_mp,DAV,139,-122.56919187,-4.4893e-06
DFT/dft_runs/Run_22_B2FeCo_Jij_CoCo/state3_mp,DAV,140,-122.569192546,-6.7575e-07
DFT/dft_runs/Run_22_B2FeCo_Jij_CoCo/state3_mp,DAV,141,-122.569183667,8.8788e-06
DFT/dft_runs/Run_22_B2FeCo_Jij_CoCo/state3_mp,DAV,142,-122.569185501,-1.8339e-06
DFT/dft_runs/Run_22_B2FeCo_Jij_CoCo/state3_mp,DAV,143,-122.569186263,-7.6191e-07
DFT/dft_runs/Run_22_B2FeCo_Jij_CoCo/state3_mp,DAV,144,-122.569188673,-2.4097e-06
DFT/dft_runs/Run_22_B2FeCo_Jij_CoCo/state3_mp,DAV,145,-122.569186079,2.5934e-06
DFT/dft_runs/Run_22_B2FeCo_Jij_CoCo/state3_mp,DAV,146,-122.569186342,-2.6289e-07
DFT/dft_runs/Run_22_B2FeCo_Jij_CoCo/state3_mp,DAV,147,-122.569185225,1.1169e-06
DFT/dft_runs/Run_22_B2FeCo_Jij_CoCo/state3_mp,DAV,148,-122.569188536,-3.3111e-06
DFT/dft_runs/Run_22_B2FeCo_Jij_CoCo/state3_mp,DAV,149,-122.569189835,-1.299e-06
DFT/dft_runs/Run_22_B2FeCo_Jij_CoCo/state3_mp,DAV,150,-122.569185922,3.9136e-06
DFT/dft_runs/Run_22_B2FeCo_Jij_CoCo/state3_mp,DAV,151,-122.569185404,5.1798e-07
DFT/dft_runs/Run_22_B2FeCo_Jij_CoCo/state3_mp,DAV,152,-122.569185911,-5.0704e-07
DFT/dft_runs/Run_22_B2FeCo_Jij_CoCo/state3_mp,DAV,153,-122.569185788,1.2304e-07
DFT/dft_runs/Run_22_B2FeCo_Jij_CoCo/state3_mp,DAV,154,-122.569189446,-3.6578e-06
DFT/dft_runs/Run_22_B2FeCo_Jij_CoCo/state3_mp,DAV,155,-122.569187451,1.9947e-06
DFT/dft_runs/Run_22_B2FeCo_Jij_CoCo/state3_mp,DAV,156,-122.569185876,1.5751e-06
DFT/dft_runs/Run_22_B2FeCo_Jij_CoCo/state3_mp,DAV,157,-122.569185809,6.6383e-08
DFT/dft_runs/Run_22_B2FeCo_Jij_CoCo/state3_mp,DAV,158,-122.569187423,-1.6136e-06
DFT/dft_runs/Run_22_B2FeCo_Jij_CoCo/state3_mp,DAV,159,-122.569189045,-1.622e-06
DFT/dft_runs/Run_22_B2FeCo_Jij_CoCo/state3_mp,DAV,160,-122.569189925,-8.7991e-07
DFT/dft_runs/Run_22_B2FeCo_Jij_CoCo/state3_mp,DAV,161,-122.569183291,6.6338e-06
DFT/dft_runs/Run_22_B2FeCo_Jij_CoCo/state3_mp,DAV,162,-122.569186575,-3.2842e-06
DFT/dft_runs/Run_22_B2FeCo_Jij_CoCo/state3_mp,DAV,163,-122.569186404,1.7145e-07
DFT/dft_runs/Run_22_B2FeCo_Jij_CoCo/state3_mp,DAV,164,-122.569190049,-3.6453e-06
DFT/dft_runs/Run_22_B2FeCo_Jij_CoCo/state3_mp,DAV,165,-122.569190005,4.4222e-08
DFT/dft_runs/Run_22_B2FeCo_Jij_CoCo/state3_mp,DAV,166,-122.569185671,4.3336e-06
DFT/dft_runs/Run_22_B2FeCo_Jij_CoCo/state3_mp,DAV,167,-122.569190019,-4.348e-06
DFT/dft_runs/Run_22_B2FeCo_Jij_CoCo/state3_mp,DAV,168,-122.569187945,2.0741e-06
DFT/dft_runs/Run_22_B2FeCo_Jij_CoCo/state3_mp,DAV,169,-122.569187756,1.89e-07
DFT/dft_runs/Run_22_B2FeCo_Jij_CoCo/state3_mp,DAV,170,-122.569188436,-6.7974e-07
DFT/dft_runs/Run_22_B2FeCo_Jij_CoCo/state3_mp,DAV,171,-122.569184951,3.4848e-06
DFT/dft_runs/Run_22_B2FeCo_Jij_CoCo/state3_mp,DAV,172,-122.569185333,-3.8149e-07
DFT/dft_runs/Run_22_B2FeCo_Jij_CoCo/state3_mp,DAV,173,-122.569186057,-7.2387e-07
DFT/dft_runs/Run_22_B2FeCo_Jij_CoCo/state3_mp,DAV,174,-122.569186003,5.3436e-08
DFT/dft_runs/Run_22_B2FeCo_Jij_CoCo/state3_mp,DAV,175,-122.569187857,-1.8534e-06
DFT/dft_runs/Run_22_B2FeCo_Jij_CoCo/state3_mp,DAV,176,-122.569180419,7.4374e-06
DFT/dft_runs/Run_22_B2FeCo_Jij_CoCo/state3_mp,DAV,177,-122.569183611,-3.1915e-06
DFT/dft_runs/Run_22_B2FeCo_Jij_CoCo/state3_mp,DAV,178,-122.569185595,-1.984e-06
DFT/dft_runs/Run_22_B2FeCo_Jij_CoCo/state3_mp,DAV,179,-122.569186129,-5.3403e-07
DFT/dft_runs/Run_22_B2FeCo_Jij_CoCo/state3_mp,DAV,180,-122.56918784,-1.7118e-06
DFT/dft_runs/Run_22_B2FeCo_Jij_CoCo/state3_mp,DAV,181,-122.569184186,3.6542e-06
DFT/dft_runs/Run_22_B2FeCo_Jij_CoCo/state3_mp,DAV,182,-122.569185107,-9.2043e-07
DFT/dft_runs/Run_22_B2FeCo_Jij_CoCo/state3_mp,DAV,183,-122.569188676,-3.5689e-06
DFT/dft_runs/Run_22_B2FeCo_Jij_CoCo/state3_mp,DAV,184,-122.569186862,1.8136e-06
DFT/dft_runs/Run_22_B2FeCo_Jij_CoCo/state3_mp,DAV,185,-122.56919152,-4.6585e-06
DFT/dft_runs/Run_22_B2FeCo_Jij_CoCo/state3_mp,DAV,186,-122.569183278,8.2426e-06
DFT/dft_runs/Run_22_B2FeCo_Jij_CoCo/state3_mp,DAV,187,-122.569188676,-5.3977e-06
DFT/dft_runs/Run_22_B2FeCo_Jij_CoCo/state3_mp,DAV,188,-122.569186863,1.813e-06
DFT/dft_runs/Run_22_B2FeCo_Jij_CoCo/state3_mp,DAV,189,-122.569187536,-6.7307e-07
DFT/dft_runs/Run_22_B2FeCo_Jij_CoCo/state3_mp,DAV,190,-122.56918843,-8.9472e-07
DFT/dft_runs/Run_22_B2FeCo_Jij_CoCo/state3_mp,DAV,191,-122.569184586,3.8442e-06
DFT/dft_runs/Run_22_B2FeCo_Jij_CoCo/state3_mp,DAV,192,-122.569186106,-1.52e-06
DFT/dft_runs/Run_22_B2FeCo_Jij_CoCo/state3_mp,DAV,193,-122.569189781,-3.6747e-06
DFT/dft_runs/Run_22_B2FeCo_Jij_CoCo/state3_mp,DAV,194,-122.56918772,2.0611e-06
DFT/dft_runs/Run_22_B2FeCo_Jij_CoCo/state3_mp,DAV,195,-122.569190518,-2.7981e-06
DFT/dft_runs/Run_22_B2FeCo_Jij_CoCo/state3_mp,DAV,196,-122.569181908,8.6097e-06
DFT/dft_runs/Run_22_B2FeCo_Jij_CoCo/state3_mp,DAV,197,-122.569186001,-4.0926e-06
DFT/dft_runs/Run_22_B2FeCo_Jij_CoCo/state3_mp,DAV,198,-122.569189133,-3.1325e-06
DFT/dft_runs/Run_22_B2FeCo_Jij_CoCo/state3_mp,DAV,199,-122.569186333,2.8008e-06
DFT/dft_runs/Run_22_B2FeCo_Jij_CoCo/state3_mp,DAV,200,-122.569191926,-5.5938e-06
DFT/dft_runs/Run_22_B2FeCo_Jij_CoCo/state4_mm,DAV,1,2286.80146482,2286.8
DFT/dft_runs/Run_22_B2FeCo_Jij_CoCo/state4_mm,DAV,2,202.984720212,-2083.8
DFT/dft_runs/Run_22_B2FeCo_Jij_CoCo/state4_mm,DAV,3,-114.393877621,-317.38
DFT/dft_runs/Run_22_B2FeCo_Jij_CoCo/state4_mm,DAV,4,-137.508359606,-23.114
DFT/dft_runs/Run_22_B2FeCo_Jij_CoCo/state4_mm,DAV,5,-138.10026633,-0.59191
DFT/dft_runs/Run_22_B2FeCo_Jij_CoCo/state4_mm,DAV,6,-130.924846891,7.1754
DFT/dft_runs/Run_22_B2FeCo_Jij_CoCo/state4_mm,DAV,7,-213.179690766,-82.255
DFT/dft_runs/Run_22_B2FeCo_Jij_CoCo/state4_mm,DAV,8,-196.405509597,16.774
DFT/dft_runs/Run_22_B2FeCo_Jij_CoCo/state4_mm,DAV,9,-155.596296425,40.809
DFT/dft_runs/Run_22_B2FeCo_Jij_CoCo/state4_mm,DAV,10,-140.758534233,14.838
DFT/dft_runs/Run_22_B2FeCo_Jij_CoCo/state4_mm,DAV,11,-128.015907291,12.743
DFT/dft_runs/Run_22_B2FeCo_Jij_CoCo/state4_mm,DAV,12,-132.097806703,-4.0819
DFT/dft_runs/Run_22_B2FeCo_Jij_CoCo/state4_mm,DAV,13,-124.038278961,8.0595
DFT/dft_runs/Run_22_B2FeCo_Jij_CoCo/state4_mm,DAV,14,-122.908448632,1.1298
DFT/dft_runs/Run_22_B2FeCo_Jij_CoCo/state4_mm,DAV,15,-124.36327389,-1.4548
DFT/dft_runs/Run_22_B2FeCo_Jij_CoCo/state4_mm,DAV,16,-126.482146758,-2.1189
DFT/dft_runs/Run_22_B2FeCo_Jij_CoCo/state4_mm,DAV,17,-125.470369455,1.0118
DFT/dft_runs/Run_22_B2FeCo_Jij_CoCo/state4_mm,DAV,18,-125.678449571,-0.20808
DFT/dft_runs/Run_22_B2FeCo_Jij_CoCo/state4_mm,DAV,19,-124.172335638,1.5061
DFT/dft_runs/Run_22_B2FeCo_Jij_CoCo/state4_mm,DAV,20,-123.333410609,0.83893
DFT/dft_runs/Run_22_B2FeCo_Jij_CoCo/state4_mm,DAV,21,-123.89940582,-0.566
DFT/dft_runs/Run_22_B2FeCo_Jij_CoCo/state4_mm,DAV,22,-123.623985243,0.27542
DFT/dft_runs/Run_22_B2FeCo_Jij_CoCo/state4_mm,DAV,23,-124.471047858,-0.84706
DFT/dft_runs/Run_22_B2FeCo_Jij_CoCo/state4_mm,DAV,24,-124.166031589,0.30502
DFT/dft_runs/Run_22_B2FeCo_Jij_CoCo/state4_mm,DAV,25,-123.809588943,0.35644
DFT/dft_runs/Run_22_B2FeCo_Jij_CoCo/state4_mm,DAV,26,-123.198369487,0.61122
DFT/dft_runs/Run_22_B2FeCo_Jij_CoCo/state4_mm,DAV,27,-122.696964449,0.50141
DFT/dft_runs/Run_22_B2FeCo_Jij_CoCo/state4_mm,DAV,28,-122.732615646,-0.035651
DFT/dft_runs/Run_22_B2FeCo_Jij_CoCo/state4_mm,DAV,29,-122.754750246,-0.022135
DFT/dft_runs/Run_22_B2FeCo_Jij_CoCo/state4_mm,DAV,30,-122.684973606,0.069777
DFT/dft_runs/Run_22_B2FeCo_Jij_CoCo/state4_mm,DAV,31,-122.674284763,0.010689
DFT/dft_runs/Run_22_B2FeCo_Jij_CoCo/state4_mm,DAV,32,-122.637724703,0.03656
DFT/dft_runs/Run_22_B2FeCo_Jij_CoCo/state4_mm,DAV,33,-122.639384503,-0.0016598
DFT/dft_runs/Run_22_B2FeCo_Jij_CoCo/state4_mm,DAV,34,-122.593735603,0.045649
DFT/dft_runs/Run_22_B2FeCo_Jij_CoCo/state4_mm,DAV,35,-122.594757469,-0.0010219
DFT/dft_runs/Run_22_B2FeCo_Jij_CoCo/state4_mm,DAV,36,-122.582479361,0.012278
DFT/dft_runs/Run_22_B2FeCo_Jij_CoCo/state4_mm,DAV,37,-122.584354906,-0.0018755
DFT/dft_runs/Run_22_B2FeCo_Jij_CoCo/state4_mm,DAV,38,-122.584172557,0.00018235
DFT/dft_runs/Run_22_B2FeCo_Jij_CoCo/state4_mm,DAV,39,-122.584810544,-0.00063799
DFT/dft_runs/Run_22_B2FeCo_Jij_CoCo/state4_mm,DAV,40,-122.583917327,0.00089322
DFT/dft_runs/Run_22_B2FeCo_Jij_CoCo/state4_mm,DAV,41,-122.609374043,-0.025457
DFT/dft_runs/Run_22_B2FeCo_Jij_CoCo/state4_mm,DAV,42,-122.598279126,0.011095
DFT/dft_runs/Run_22_B2FeCo_Jij_CoCo/state4_mm,DAV,43,-122.590664883,0.0076142
DFT/dft_runs/Run_22_B2FeCo_Jij_CoCo/state4_mm,DAV,44,-122.572236385,0.018428
DFT/dft_runs/Run_22_B2FeCo_Jij_CoCo/state4_mm,DAV,45,-122.572906019,-0.00066963
DFT/dft_runs/Run_22_B2FeCo_Jij_CoCo/state4_mm,DAV,46,-122.573834277,-0.00092826
DFT/dft_runs/Run_22_B2FeCo_Jij_CoCo/state4_mm,DAV,47,-122.573673994,0.00016028
DFT/dft_runs/Run_22_B2FeCo_Jij_CoCo/state4_mm,DAV,48,-122.57106219,0.0026118
DFT/dft_runs/Run_22_B2FeCo_Jij_CoCo/state4_mm,DAV,49,-122.568699096,0.0023631
DFT/dft_runs/Run_22_B2FeCo_Jij_CoCo/state4_mm,DAV,50,-122.56833289,0.00036621
DFT/dft_runs/Run_22_B2FeCo_Jij_CoCo/state4_mm,DAV,51,-122.568490719,-0.00015783
DFT/dft_runs/Run_22_B2FeCo_Jij_CoCo/state4_mm,DAV,52,-122.56783377,0.00065695
DFT/dft_runs/Run_22_B2FeCo_Jij_CoCo/state4_mm,DAV,53,-122.568497662,-0.00066389
DFT/dft_runs/Run_22_B2FeCo_Jij_CoCo/state4_mm,DAV,54,-122.567878638,0.00061902
DFT/dft_runs/Run_22_B2FeCo_Jij_CoCo/state4_mm,DAV,55,-122.567738888,0.00013975
DFT/dft_runs/Run_22_B2FeCo_Jij_CoCo/state4_mm,DAV,56,-122.568983887,-0.001245
DFT/dft_runs/Run_22_B2FeCo_Jij_CoCo/state4_mm,DAV,57,-122.568096277,0.00088761
DFT/dft_runs/Run_22_B2FeCo_Jij_CoCo/state4_mm,DAV,58,-122.568167947,-7.167e-05
DFT/dft_runs/Run_22_B2FeCo_Jij_CoCo/state4_mm,DAV,59,-122.568447046,-0.0002791
DFT/dft_runs/Run_22_B2FeCo_Jij_CoCo/state4_mm,DAV,60,-122.568723396,-0.00027635
DFT/dft_runs/Run_22_B2FeCo_Jij_CoCo/state4_mm,DAV,61,-122.568350216,0.00037318
DFT/dft_runs/Run_22_B2FeCo_Jij_CoCo/state4_mm,DAV,62,-122.568637727,-0.00028751
DFT/dft_runs/Run_22_B2FeCo_Jij_CoCo/state4_mm,DAV,63,-122.568640583,-2.856e-06
DFT/dft_runs/Run_22_B2FeCo_Jij_CoCo/state4_mm,DAV,64,-122.568604733,3.5851e-05
DFT/dft_runs/Run_22_B2FeCo_Jij_CoCo/state4_mm,DAV,65,-122.568790872,-0.00018614
DFT/dft_runs/Run_22_B2FeCo_Jij_CoCo/state4_mm,DAV,66,-122.568705403,8.5469e-05
DFT/dft_runs/Run_22_B2FeCo_Jij_CoCo/state4_mm,DAV,67,-122.568764194,-5.879e-05
DFT/dft_runs/Run_22_B2FeCo_Jij_CoCo/state4_mm,DAV,68,-122.568810795,-4.6601e-05
DFT/dft_runs/Run_22_B2FeCo_Jij_CoCo/state4_mm,DAV,69,-122.568865733,-5.4938e-05
DFT/dft_runs/Run_22_B2FeCo_Jij_CoCo/state4_mm,DAV,70,-122.568852006,1.3727e-05
DFT/dft_runs/Run_22_B2FeCo_Jij_CoCo/state4_mm,DAV,71,-122.568872763,-2.0757e-05
DFT/dft_runs/Run_22_B2FeCo_Jij_CoCo/state4_mm,DAV,72,-122.568920464,-4.7702e-05
DFT/dft_runs/Run_22_B2FeCo_Jij_CoCo/state4_mm,DAV,73,-122.569005447,-8.4983e-05
DFT/dft_runs/Run_22_B2FeCo_Jij_CoCo/state4_mm,DAV,74,-122.568857949,0.0001475
DFT/dft_runs/Run_22_B2FeCo_Jij_CoCo/state4_mm,DAV,75,-122.568916238,-5.8289e-05
DFT/dft_runs/Run_22_B2FeCo_Jij_CoCo/state4_mm,DAV,76,-122.568881401,3.4837e-05
DFT/dft_runs/Run_22_B2FeCo_Jij_CoCo/state4_mm,DAV,77,-122.569046768,-0.00016537
DFT/dft_runs/Run_22_B2FeCo_Jij_CoCo/state4_mm,DAV,78,-122.568957207,8.9561e-05
DFT/dft_runs/Run_22_B2FeCo_Jij_CoCo/state4_mm,DAV,79,-122.56889856,5.8647e-05
DFT/dft_runs/Run_22_B2FeCo_Jij_CoCo/state4_mm,DAV,80,-122.568980826,-8.2266e-05
DFT/dft_runs/Run_22_B2FeCo_Jij_CoCo/state4_mm,DAV,81,-122.568975758,5.0684e-06
DFT/dft_runs/Run_22_B2FeCo_Jij_CoCo/state4_mm,DAV,82,-122.56903369,-5.7932e-05
DFT/dft_runs/Run_22_B2FeCo_Jij_CoCo/state4_mm,DAV,83,-122.569055092,-2.1402e-05
DFT/dft_runs/Run_22_B2FeCo_Jij_CoCo/state4_mm,DAV,84,-122.569012077,4.3015e-05
DFT/dft_runs/Run_22_B2FeCo_Jij_CoCo/state4_mm,DAV,85,-122.569076077,-6.4e-05
DFT/dft_runs/Run_22_B2FeCo_Jij_CoCo/state4_mm,DAV,86,-122.569079923,-3.8465e-06
DFT/dft_runs/Run_22_B2FeCo_Jij_CoCo/state4_mm,DAV,87,-122.569127626,-4.7703e-05
DFT/dft_runs/Run_22_B2FeCo_Jij_CoCo/state4_mm,DAV,88,-122.569077093,5.0534e-05
DFT/dft_runs/Run_22_B2FeCo_Jij_CoCo/state4_mm,DAV,89,-122.569105004,-2.7911e-05
DFT/dft_runs/Run_22_B2FeCo_Jij_CoCo/state4_mm,DAV,90,-122.569101613,3.3904e-06
DFT/dft_runs/Run_22_B2FeCo_Jij_CoCo/state4_mm,DAV,91,-122.569104431,-2.8171e-06
DFT/dft_runs/Run_22_B2FeCo_Jij_CoCo/state4_mm,DAV,92,-122.569123617,-1.9187e-05
DFT/dft_runs/Run_22_B2FeCo_Jij_CoCo/state4_mm,DAV,93,-122.569130392,-6.7748e-06
DFT/dft_runs/Run_22_B2FeCo_Jij_CoCo/state4_mm,DAV,94,-122.569138624,-8.232e-06
DFT/dft_runs/Run_22_B2FeCo_Jij_CoCo/state4_mm,DAV,95,-122.569147926,-9.3014e-06
DFT/dft_runs/Run_22_B2FeCo_Jij_CoCo/state4_mm,DAV,96,-122.56915474,-6.8145e-06
DFT/dft_runs/Run_22_B2FeCo_Jij_CoCo/state4_mm,DAV,97,-122.569153363,1.3769e-06
DFT/dft_runs/Run_22_B2FeCo_Jij_CoCo/state4_mm,DAV,98,-122.569167527,-1.4164e-05
DFT/dft_runs/Run_22_B2FeCo_Jij_CoCo/state4_mm,DAV,99,-122.569167672,-1.4535e-07
DFT/dft_runs/Run_22_B2FeCo_Jij_CoCo/state4_mm,DAV,100,-122.569169981,-2.3088e-06
DFT/dft_runs/Run_22_B2FeCo_Jij_CoCo/state4_mm,DAV,101,-122.569177813,-7.8318e-06
DFT/dft_runs/Run_22_B2FeCo_Jij_CoCo/state4_mm,DAV,102,-122.569174239,3.5736e-06
DFT/dft_runs/Run_22_B2FeCo_Jij_CoCo/state4_mm,DAV,103,-122.569179701,-5.4616e-06
DFT/dft_runs/Run_22_B2FeCo_Jij_CoCo/state4_mm,DAV,104,-122.569192933,-1.3233e-05
DFT/dft_runs/Run_22_B2FeCo_Jij_CoCo/state4_mm,DAV,105,-122.569200752,-7.8185e-06
DFT/dft_runs/Run_22_B2FeCo_Jij_CoCo/state4_mm,DAV,106,-122.569197315,3.437e-06
DFT/dft_runs/Run_22_B2FeCo_Jij_CoCo/state4_mm,DAV,107,-122.569200155,-2.8406e-06
DFT/dft_runs/Run_22_B2FeCo_Jij_CoCo/state4_mm,DAV,108,-122.569204704,-4.5485e-06
DFT/dft_runs/Run_22_B2FeCo_Jij_CoCo/state4_mm,DAV,109,-122.569203792,9.1191e-07
DFT/dft_runs/Run_22_B2FeCo_Jij_CoCo/state4_mm,DAV,110,-122.569212491,-8.6987e-06
DFT/dft_runs/Run_22_B2FeCo_Jij_CoCo/state4_mm,DAV,111,-122.569205796,6.6949e-06
DFT/dft_runs/Run_22_B2FeCo_Jij_CoCo/state4_mm,DAV,112,-122.569209114,-3.3178e-06
DFT/dft_runs/Run_22_B2FeCo_Jij_CoCo/state4_mm,DAV,113,-122.56920752,1.594e-06
DFT/dft_runs/Run_22_B2FeCo_Jij_CoCo/state4_mm,DAV,114,-122.569208437,-9.1725e-07
DFT/dft_runs/Run_22_B2FeCo_Jij_CoCo/state4_mm,DAV,115,-122.569208663,-2.2645e-07
DFT/dft_runs/Run_22_B2FeCo_Jij_CoCo/state4_mm,DAV,116,-122.56920623,2.4331e-06
DFT/dft_runs/Run_22_B2FeCo_Jij_CoCo/state4_mm,DAV,117,-122.569203599,2.6311e-06
DFT/dft_runs/Run_22_B2FeCo_Jij_CoCo/state4_mm,DAV,118,-122.569207298,-3.6992e-06
DFT/dft_runs/Run_22_B2FeCo_Jij_CoCo/state4_mm,DAV,119,-122.569215132,-7.8341e-06
DFT/dft_runs/Run_22_B2FeCo_Jij_CoCo/state4_mm,DAV,120,-122.569214762,3.7072e-07
DFT/dft_runs/Run_22_B2FeCo_Jij_CoCo/state4_mm,DAV,121,-122.569207462,7.2994e-06
DFT/dft_runs/Run_22_B2FeCo_Jij_CoCo/state4_mm,DAV,122,-122.56921066,-3.1974e-06
DFT/dft_runs/Run_22_B2FeCo_Jij_CoCo/state4_mm,DAV,123,-122.56921198,-1.3203e-06
DFT/dft_runs/Run_22_B2FeCo_Jij_CoCo/state4_mm,DAV,124,-122.569208866,3.1145e-06
DFT/dft_runs/Run_22_B2FeCo_Jij_CoCo/state4_mm,DAV,125,-122.569210017,-1.1519e-06
DFT/dft_runs/Run_22_B2FeCo_Jij_CoCo/state4_mm,DAV,126,-122.56920987,1.4785e-07
DFT/dft_runs/Run_22_B2FeCo_Jij_CoCo/state4_mm,DAV,127,-122.56921271,-2.8403e-06
DFT/dft_runs/Run_22_B2FeCo_Jij_CoCo/state4_mm,DAV,128,-122.569214557,-1.8471e-06
DFT/dft_runs/Run_22_B2FeCo_Jij_CoCo/state4_mm,DAV,129,-122.569211758,2.7992e-06
DFT/dft_runs/Run_22_B2FeCo_Jij_CoCo/state4_mm,DAV,130,-122.569213766,-2.0079e-06
DFT/dft_runs/Run_22_B2FeCo_Jij_CoCo/state4_mm,DAV,131,-122.569208486,5.2799e-06
DFT/dft_runs/Run_22_B2FeCo_Jij_CoCo/state4_mm,DAV,132,-122.56921244,-3.9548e-06
DFT/dft_runs/Run_22_B2FeCo_Jij_CoCo/state4_mm,DAV,133,-122.569211298,1.1421e-06
DFT/dft_runs/Run_22_B2FeCo_Jij_CoCo/state4_mm,DAV,134,-122.569210237,1.0612e-06
DFT/dft_runs/Run_22_B2FeCo_Jij_CoCo/state4_mm,DAV,135,-122.569213775,-3.5382e-06
DFT/dft_runs/Run_22_B2FeCo_Jij_CoCo/state4_mm,DAV,136,-122.569213052,7.2342e-07
DFT/dft_runs/Run_22_B2FeCo_Jij_CoCo/state4_mm,DAV,137,-122.569210942,2.1104e-06
DFT/dft_runs/Run_22_B2FeCo_Jij_CoCo/state4_mm,DAV,138,-122.569215325,-4.3835e-06
DFT/dft_runs/Run_22_B2FeCo_Jij_CoCo/state4_mm,DAV,139,-122.569213887,1.438e-06
DFT/dft_runs/Run_22_B2FeCo_Jij_CoCo/state4_mm,DAV,140,-122.569213943,-5.6022e-08
DFT/dft_runs/Run_22_B2FeCo_Jij_CoCo/state4_mm,DAV,141,-122.569210186,3.757e-06
DFT/dft_runs/Run_22_B2FeCo_Jij_CoCo/state4_mm,DAV,142,-122.569211869,-1.6829e-06
DFT/dft_runs/Run_22_B2FeCo_Jij_CoCo/state4_mm,DAV,143,-122.569212678,-8.0843e-07
DFT/dft_runs/Run_22_B2FeCo_Jij_CoCo/state4_mm,DAV,144,-122.569212838,-1.6045e-07
DFT/dft_runs/Run_22_B2FeCo_Jij_CoCo/state4_mm,DAV,145,-122.569210647,2.1906e-06
DFT/dft_runs/Run_22_B2FeCo_Jij_CoCo/state4_mm,DAV,146,-122.569208681,1.9665e-06
DFT/dft_runs/Run_22_B2FeCo_Jij_CoCo/state4_mm,DAV,147,-122.569209681,-1.0003e-06
DFT/dft_runs/Run_22_B2FeCo_Jij_CoCo/state4_mm,DAV,148,-122.569213867,-4.1858e-06
DFT/dft_runs/Run_22_B2FeCo_Jij_CoCo/state4_mm,DAV,149,-122.569211447,2.4202e-06
DFT/dft_runs/Run_22_B2FeCo_Jij_CoCo/state4_mm,DAV,150,-122.569213246,-1.7997e-06
DFT/dft_runs/Run_22_B2FeCo_Jij_CoCo/state4_mm,DAV,151,-122.569206315,6.9312e-06
DFT/dft_runs/Run_22_B2FeCo_Jij_CoCo/state4_mm,DAV,152,-122.569206997,-6.8223e-07
DFT/dft_runs/Run_22_B2FeCo_Jij_CoCo/state4_mm,DAV,153,-122.56921046,-3.4627e-06
DFT/dft_runs/Run_22_B2FeCo_Jij_CoCo/state4_mm,DAV,154,-122.569213327,-2.8669e-06
DFT/dft_runs/Run_22_B2FeCo_Jij_CoCo/state4_mm,DAV,155,-122.569210763,2.564e-06
DFT/dft_runs/Run_22_B2FeCo_Jij_CoCo/state4_mm,DAV,156,-122.569210409,3.5377e-07
DFT/dft_runs/Run_22_B2FeCo_Jij_CoCo/state4_mm,DAV,157,-122.569213109,-2.7e-06
DFT/dft_runs/Run_22_B2FeCo_Jij_CoCo/state4_mm,DAV,158,-122.5692104,2.7092e-06
DFT/dft_runs/Run_22_B2FeCo_Jij_CoCo/state4_mm,DAV,159,-122.569211633,-1.2328e-06
DFT/dft_runs/Run_22_B2FeCo_Jij_CoCo/state4_mm,DAV,160,-122.569213006,-1.3735e-06
DFT/dft_runs/Run_22_B2FeCo_Jij_CoCo/state4_mm,DAV,161,-122.569213565,-5.5823e-07
DFT/dft_runs/Run_22_B2FeCo_Jij_CoCo/state4_mm,DAV,162,-122.56921236,1.2049e-06
DFT/dft_runs/Run_22_B2FeCo_Jij_CoCo/state4_mm,DAV,163,-122.569212414,-5.3934e-08
DFT/dft_runs/Run_22_B2FeCo_Jij_CoCo/state4_mm,DAV,164,-122.569212214,1.9999e-07
DFT/dft_runs/Run_22_B2FeCo_Jij_CoCo/state4_mm,DAV,165,-122.569212657,-4.435e-07
DFT/dft_runs/Run_22_B2FeCo_Jij_CoCo/state4_mm,DAV,166,-122.569210866,1.7916e-06
DFT/dft_runs/Run_22_B2FeCo_Jij_CoCo/state4_mm,DAV,167,-122.56921087,-4.1969e-09
DFT/dft_runs/Run_22_B2FeCo_Jij_CoCo/state4_mm,DAV,168,-122.569212476,-1.6065e-06
DFT/dft_runs/Run_22_B2FeCo_Jij_CoCo/state4_mm,DAV,169,-122.569212406,7.0153e-08
DFT/dft_runs/Run_22_B2FeCo_Jij_CoCo/state4_mm,DAV,170,-122.569214067,-1.6606e-06
DFT/dft_runs/Run_22_B2FeCo_Jij_CoCo/state4_mm,DAV,171,-122.569210854,3.213e-06
DFT/dft_runs/Run_22_B2FeCo_Jij_CoCo/state4_mm,DAV,172,-122.569211843,-9.8937e-07
DFT/dft_runs/Run_22_B2FeCo_Jij_CoCo/state4_mm,DAV,173,-122.569211967,-1.2368e-07
DFT/dft_runs/Run_22_B2FeCo_Jij_CoCo/state4_mm,DAV,174,-122.569213359,-1.3923e-06
DFT/dft_runs/Run_22_B2FeCo_Jij_CoCo/state4_mm,DAV,175,-122.56921218,1.1794e-06
DFT/dft_runs/Run_22_B2FeCo_Jij_CoCo/state4_mm,DAV,176,-122.569209973,2.2073e-06
DFT/dft_runs/Run_22_B2FeCo_Jij_CoCo/state4_mm,DAV,177,-122.569210188,-2.1499e-07
DFT/dft_runs/Run_22_B2FeCo_Jij_CoCo/state4_mm,DAV,178,-122.569212799,-2.611e-06
DFT/dft_runs/Run_22_B2FeCo_Jij_CoCo/state4_mm,DAV,179,-122.569214566,-1.7673e-06
DFT/dft_runs/Run_22_B2FeCo_Jij_CoCo/state4_mm,DAV,180,-122.569213992,5.7411e-07
DFT/dft_runs/Run_22_B2FeCo_Jij_CoCo/state4_mm,DAV,181,-122.569212039,1.9531e-06
DFT/dft_runs/Run_22_B2FeCo_Jij_CoCo/state4_mm,DAV,182,-122.569211482,5.5644e-07
DFT/dft_runs/Run_22_B2FeCo_Jij_CoCo/state4_mm,DAV,183,-122.569211673,-1.905e-07
DFT/dft_runs/Run_22_B2FeCo_Jij_CoCo/state4_mm,DAV,184,-122.569211124,5.4865e-07
DFT/dft_runs/Run_22_B2FeCo_Jij_CoCo/state4_mm,DAV,185,-122.569212594,-1.4703e-06
DFT/dft_runs/Run_22_B2FeCo_Jij_CoCo/state4_mm,DAV,186,-122.569210823,1.7717e-06
DFT/dft_runs/Run_22_B2FeCo_Jij_CoCo/state4_mm,DAV,187,-122.569212797,-1.9747e-06
DFT/dft_runs/Run_22_B2FeCo_Jij_CoCo/state4_mm,DAV,188,-122.569212496,3.0177e-07
DFT/dft_runs/Run_22_B2FeCo_Jij_CoCo/state4_mm,DAV,189,-122.569210798,1.6977e-06
DFT/dft_runs/Run_22_B2FeCo_Jij_CoCo/state4_mm,DAV,190,-122.569213673,-2.8747e-06
DFT/dft_runs/Run_22_B2FeCo_Jij_CoCo/state4_mm,DAV,191,-122.569209327,4.3458e-06
DFT/dft_runs/Run_22_B2FeCo_Jij_CoCo/state4_mm,DAV,192,-122.56921214,-2.8132e-06
DFT/dft_runs/Run_22_B2FeCo_Jij_CoCo/state4_mm,DAV,193,-122.569215348,-3.208e-06
DFT/dft_runs/Run_22_B2FeCo_Jij_CoCo/state4_mm,DAV,194,-122.569211997,3.3514e-06
DFT/dft_runs/Run_22_B2FeCo_Jij_CoCo/state4_mm,DAV,195,-122.569212694,-6.9695e-07
DFT/dft_runs/Run_22_B2FeCo_Jij_CoCo/state4_mm,DAV,196,-122.569211314,1.3801e-06
DFT/dft_runs/Run_22_B2FeCo_Jij_CoCo/state4_mm,DAV,197,-122.569212944,-1.6309e-06
DFT/dft_runs/Run_22_B2FeCo_Jij_CoCo/state4_mm,DAV,198,-122.569212774,1.7084e-07
DFT/dft_runs/Run_22_B2FeCo_Jij_CoCo/state4_mm,DAV,199,-122.569211146,1.6275e-06
DFT/dft_runs/Run_22_B2FeCo_Jij_CoCo/state4_mm,DAV,200,-122.569211468,-3.2215e-07
DFT/dft_runs/Run_23_L12Fe3Co_vol_a3.450,DAV,1,589.732719189,589.73
DFT/dft_runs/Run_23_L12Fe3Co_vol_a3.450,DAV,2,12.8759318663,-576.86
DFT/dft_runs/Run_23_L12Fe3Co_vol_a3.450,DAV,3,-34.5329163019,-47.409
DFT/dft_runs/Run_23_L12Fe3Co_vol_a3.450,DAV,4,-35.5918990865,-1.059
DFT/dft_runs/Run_23_L12Fe3Co_vol_a3.450,DAV,5,-35.6305335765,-0.038634
DFT/dft_runs/Run_23_L12Fe3Co_vol_a3.450,DAV,6,-31.6795787703,3.951
DFT/dft_runs/Run_23_L12Fe3Co_vol_a3.450,DAV,7,-33.1958615682,-1.5163
DFT/dft_runs/Run_23_L12Fe3Co_vol_a3.450,DAV,8,-31.3126111867,1.8833
DFT/dft_runs/Run_23_L12Fe3Co_vol_a3.450,DAV,9,-31.3041604898,0.0084507
DFT/dft_runs/Run_23_L12Fe3Co_vol_a3.450,DAV,10,-31.2956004542,0.00856
DFT/dft_runs/Run_23_L12Fe3Co_vol_a3.450,DAV,11,-31.3023319607,-0.0067315
DFT/dft_runs/Run_23_L12Fe3Co_vol_a3.450,DAV,12,-31.3061825904,-0.0038506
DFT/dft_runs/Run_23_L12Fe3Co_vol_a3.450,DAV,13,-31.3073106091,-0.001128
DFT/dft_runs/Run_23_L12Fe3Co_vol_a3.450,DAV,14,-31.3073082631,2.346e-06
DFT/dft_runs/Run_23_L12Fe3Co_vol_a3.450,DAV,15,-31.3073228253,-1.4562e-05
DFT/dft_runs/Run_23_L12Fe3Co_vol_a3.450,DAV,16,-31.3073240493,-1.2241e-06
DFT/dft_runs/Run_23_L12Fe3Co_vol_a3.450,DAV,17,-31.3073247631,-7.1371e-07
DFT/dft_runs/Run_24_L12Fe3Co_vol_a3.520,DAV,1,589.476203937,589.48
DFT/dft_runs/Run_24_L12Fe3Co_vol_a3.520,DAV,2,12.4407501783,-577.04
DFT/dft_runs/Run_24_L12Fe3Co_vol_a3.520,DAV,3,-34.7922244412,-47.233
DFT/dft_runs/Run_24_L12Fe3Co_vol_a3.520,DAV,4,-35.8812961672,-1.0891
DFT/dft_runs/Run_24_L12Fe3Co_vol_a3.520,DAV,5,-35.9212480494,-0.039952
DFT/dft_runs/Run_24_L12Fe3Co_vol_a3.520,DAV,6,-31.9344542433,3.9868
DFT/dft_runs/Run_24_L12Fe3Co_vol_a3.520,DAV,7,-34.4906847419,-2.5562
DFT/dft_runs/Run_24_L12Fe3Co_vol_a3.520,DAV,8,-31.3395528864,3.1511
DFT/dft_runs/Run_24_L12Fe3Co_vol_a3.520,DAV,9,-31.3516784589,-0.012126
DFT/dft_runs/Run_24_L12Fe3Co_vol_a3.520,DAV,10,-31.3384595277,0.013219
DFT/dft_runs/Run_24_L12Fe3Co_vol_a3.520,DAV,11,-31.3359896485,0.0024699
DFT/dft_runs/Run_24_L12Fe3Co_vol_a3.520,DAV,12,-31.3368930107,-0.00090336
DFT/dft_runs/Run_24_L12Fe3Co_vol_a3.520,DAV,13,-31.3408814066,-0.0039884
DFT/dft_runs/Run_24_L12Fe3Co_vol_a3.520,DAV,14,-31.3429391384,-0.0020577
DFT/dft_runs/Run_24_L12Fe3Co_vol_a3.520,DAV,15,-31.3430497322,-0.00011059
DFT/dft_runs/Run_24_L12Fe3Co_vol_a3.520,DAV,16,-31.3428595905,0.00019014
DFT/dft_runs/Run_24_L12Fe3Co_vol_a3.520,DAV,17,-31.3428667423,-7.1518e-06
DFT/dft_runs/Run_24_L12Fe3Co_vol_a3.520,DAV,18,-31.3428717594,-5.0171e-06
DFT/dft_runs/Run_24_L12Fe3Co_vol_a3.520,DAV,19,-31.3428836059,-1.1847e-05
DFT/dft_runs/Run_24_L12Fe3Co_vol_a3.520,DAV,20,-31.3428824987,1.1072e-06
DFT/dft_runs/Run_24_L12Fe3Co_vol_a3.520,DAV,21,-31.342880607,1.8918e-06
DFT/dft_runs/Run_24_L12Fe3Co_vol_a3.520,DAV,22,-31.3428807608,-1.5382e-07
DFT/dft_runs/Run_25_L12Fe3Co_vol_a3.580,DAV,1,592.145109656,592.15
DFT/dft_runs/Run_25_L12Fe3Co_vol_a3.580,DAV,2,12.7796054911,-579.37
DFT/dft_runs/Run_25_L12Fe3Co_vol_a3.580,DAV,3,-34.7611150699,-47.541
DFT/dft_runs/Run_25_L12Fe3Co_vol_a3.580,DAV,4,-35.9238367624,-1.1627
DFT/dft_runs/Run_25_L12Fe3Co_vol_a3.580,DAV,5,-35.9663168231,-0.04248
DFT/dft_runs/Run_25_L12Fe3Co_vol_a3.580,DAV,6,-32.1061094175,3.8602
DFT/dft_runs/Run_25_L12Fe3Co_vol_a3.580,DAV,7,-35.3336210962,-3.2275
DFT/dft_runs/Run_25_L12Fe3Co_vol_a3.580,DAV,8,-31.2919223161,4.0417
DFT/dft_runs/Run_25_L12Fe3Co_vol_a3.580,DAV,9,-31.3478639543,-0.055942
DFT/dft_runs/Run_25_L12Fe3Co_vol_a3.580,DAV,10,-31.3833014899,-0.035438
DFT/dft_runs/Run_25_L12Fe3Co_vol_a3.580,DAV,11,-31.4103179352,-0.027016
DFT/dft_runs/Run_25_L12Fe3Co_vol_a3.580,DAV,12,-31.4111480074,-0.00083007
DFT/dft_runs/Run_25_L12Fe3Co_vol_a3.580,DAV,13,-31.4182397765,-0.0070918
DFT/dft_runs/Run_25_L12Fe3Co_vol_a3.580,DAV,14,-31.4213538451,-0.0031141
DFT/dft_runs/Run_25_L12Fe3Co_vol_a3.580,DAV,15,-31.420565955,0.00078789
DFT/dft_runs/Run_25_L12Fe3Co_vol_a3.580,DAV,16,-31.4222286646,-0.0016627
DFT/dft_runs/Run_25_L12Fe3Co_vol_a3.580,DAV,17,-31.4223729416,-0.00014428
DFT/dft_runs/Run_25_L12Fe3Co_vol_a3.580,DAV,18,-31.4223631987,9.7429e-06
DFT/dft_runs/Run_25_L12Fe3Co_vol_a3.580,DAV,19,-31.4223785195,-1.5321e-05
DFT/dft_runs/Run_25_L12Fe3Co_vol_a3.580,DAV,20,-31.4223783858,1.3374e-07
DFT/dft_runs/Run_26_L12Fe3Co_vol_a3.620,DAV,1,592.219388326,592.22
DFT/dft_runs/Run_26_L12Fe3Co_vol_a3.620,DAV,2,12.7139885787,-579.51
DFT/dft_runs/Run_26_L12Fe3Co_vol_a3.620,DAV,3,-34.6793535385,-47.393
DFT/dft_runs/Run_26_L12Fe3Co_vol_a3.620,DAV,4,-35.8671692591,-1.1878
DFT/dft_runs/Run_26_L12Fe3Co_vol_a3.620,DAV,5,-35.9096392853,-0.04247
DFT/dft_runs/Run_26_L12Fe3Co_vol_a3.620,DAV,6,-32.1820724692,3.7276
DFT/dft_runs/Run_26_L12Fe3Co_vol_a3.620,DAV,7,-35.3853815582,-3.2033
DFT/dft_runs/Run_26_L12Fe3Co_vol_a3.620,DAV,8,-31.2496703054,4.1357
DFT/dft_runs/Run_26_L12Fe3Co_vol_a3.620,DAV,9,-31.380797313,-0.13113
DFT/dft_runs/Run_26_L12Fe3Co_vol_a3.620,DAV,10,-31.3904026657,-0.0096054
DFT/dft_runs/Run_26_L12Fe3Co_vol_a3.620,DAV,11,-31.4042522575,-0.01385
DFT/dft_runs/Run_26_L12Fe3Co_vol_a3.620,DAV,12,-31.4184444052,-0.014192
DFT/dft_runs/Run_26_L12Fe3Co_vol_a3.620,DAV,13,-31.4202697328,-0.0018253
DFT/dft_runs/Run_26_L12Fe3Co_vol_a3.620,DAV,14,-31.420142167,0.00012757
DFT/dft_runs/Run_26_L12Fe3Co_vol_a3.620,DAV,15,-31.4201384276,3.7394e-06
DFT/dft_runs/Run_26_L12Fe3Co_vol_a3.620,DAV,16,-31.4201828153,-4.4388e-05
DFT/dft_runs/Run_26_L12Fe3Co_vol_a3.620,DAV,17,-31.420184557,-1.7417e-06
DFT/dft_runs/Run_26_L12Fe3Co_vol_a3.620,DAV,18,-31.4201852075,-6.5046e-07
DFT/dft_runs/Run_27_L12Fe3Co_vol_a3.660,DAV,1,594.320057491,594.32
DFT/dft_runs/Run_27_L12Fe3Co_vol_a3.660,DAV,2,13.1704439446,-581.15
DFT/dft_runs/Run_27_L12Fe3Co_vol_a3.660,DAV,3,-34.5417363811,-47.712
DFT/dft_runs/Run_27_L12Fe3Co_vol_a3.660,DAV,4,-35.7491111161,-1.2074
DFT/dft_runs/Run_27_L12Fe3Co_vol_a3.660,DAV,5,-35.7934686106,-0.044357
DFT/dft_runs/Run_27_L12Fe3Co_vol_a3.660,DAV,6,-32.2561222765,3.5373
DFT/dft_runs/Run_27_L12Fe3Co_vol_a3.660,DAV,7,-35.3687515838,-3.1126
DFT/dft_runs/Run_27_L12Fe3Co_vol_a3.660,DAV,8,-31.2232930978,4.1455
DFT/dft_runs/Run_27_L12Fe3Co_vol_a3.660,DAV,9,-31.3777248798,-0.15443
DFT/dft_runs/Run_27_L12Fe3Co_vol_a3.660,DAV,10,-31.3457448028,0.03198
DFT/dft_runs/Run_27_L12Fe3Co_vol_a3.660,DAV,11,-31.3599514536,-0.014207
DFT/dft_runs/Run_27_L12Fe3Co_vol_a3.660,DAV,12,-31.3680570085,-0.0081056
DFT/dft_runs/Run_27_L12Fe3Co_vol_a3.660,DAV,13,-31.3680558488,1.1597e-06
DFT/dft_runs/Run_27_L12Fe3Co_vol_a3.660,DAV,14,-31.3680095697,4.6279e-05
DFT/dft_runs/Run_27_L12Fe3Co_vol_a3.660,DAV,15,-31.3680084553,1.1144e-06
DFT/dft_runs/Run_27_L12Fe3Co_vol_a3.660,DAV,16,-31.3680371757,-2.872e-05
DFT/dft_runs/Run_27_L12Fe3Co_vol_a3.660,DAV,17,-31.3680377177,-5.4208e-07
DFT/dft_runs/Run_28_L12Fe3Co_vol_a3.700,DAV,1,590.763497285,590.76
DFT/dft_runs/Run_28_L12Fe3Co_vol_a3.700,DAV,2,13.1368458895,-577.63
DFT/dft_runs/Run_28_L12Fe3Co_vol_a3.700,DAV,3,-34.3515400689,-47.488
DFT/dft_runs/Run_28_L12Fe3Co_vol_a3.700,DAV,4,-35.5827327604,-1.2312
DFT/dft_runs/Run_28_L12Fe3Co_vol_a3.700,DAV,5,-35.6271627478,-0.04443
DFT/dft_runs/Run_28_L12Fe3Co_vol_a3.700,DAV,6,-32.3323015274,3.2949
DFT/dft_runs/Run_28_L12Fe3Co_vol_a3.700,DAV,7,-35.0058453285,-2.6735
DFT/dft_runs/Run_28_L12Fe3Co_vol_a3.700,DAV,8,-31.165961179,3.8399
DFT/dft_runs/Run_28_L12Fe3Co_vol_a3.700,DAV,9,-31.2821198363,-0.11616
DFT/dft_runs/Run_28_L12Fe3Co_vol_a3.700,DAV,10,-31.2468769115,0.035243
DFT/dft_runs/Run_28_L12Fe3Co_vol_a3.700,DAV,11,-31.2633983259,-0.016521
DFT/dft_runs/Run_28_L12Fe3Co_vol_a3.700,DAV,12,-31.2705821262,-0.0071838
DFT/dft_runs/Run_28_L12Fe3Co_vol_a3.700,DAV,13,-31.2706424131,-6.0287e-05
DFT/dft_runs/Run_28_L12Fe3Co_vol_a3.700,DAV,14,-31.2707824478,-0.00014003
DFT/dft_runs/Run_28_L12Fe3Co_vol_a3.700,DAV,15,-31.2707966135,-1.4166e-05
DFT/dft_runs/Run_28_L12Fe3Co_vol_a3.700,DAV,16,-31.2707924464,4.1671e-06
DFT/dft_runs/Run_28_L12Fe3Co_vol_a3.700,DAV,17,-31.2707924836,-3.7172e-08
DFT/dft_runs/Run_29_L12Fe3Co_vol_a3.740,DAV,1,588.768137958,588.77
DFT/dft_runs/Run_29_L12Fe3Co_vol_a3.740,DAV,2,12.2114256666,-576.56
DFT/dft_runs/Run_29_L12Fe3Co_vol_a3.740,DAV,3,-34.1708437641,-46.382
DFT/dft_runs/Run_29_L12Fe3Co_vol_a3.740,DAV,4,-35.3734301688,-1.2026
DFT/dft_runs/Run_29_L12Fe3Co_vol_a3.740,DAV,5,-35.4179723795,-0.044542
DFT/dft_runs/Run_29_L12Fe3Co_vol_a3.740,DAV,6,-32.360302691,3.0577
DFT/dft_runs/Run_29_L12Fe3Co_vol_a3.740,DAV,7,-34.8969673069,-2.5367
DFT/dft_runs/Run_29_L12Fe3Co_vol_a3.740,DAV,8,-31.0390030735,3.858
DFT/dft_runs/Run_29_L12Fe3Co_vol_a3.740,DAV,9,-31.1467619809,-0.10776
DFT/dft_runs/Run_29_L12Fe3Co_vol_a3.740,DAV,10,-31.1167435084,0.030018
DFT/dft_runs/Run_29_L12Fe3Co_vol_a3.740,DAV,11,-31.1248073544,-0.0080638
DFT/dft_runs/Run_29_L12Fe3Co_vol_a3.740,DAV,12,-31.1282970023,-0.0034896
DFT/dft_runs/Run_29_L12Fe3Co_vol_a3.740,DAV,13,-31.1283373537,-4.0351e-05
DFT/dft_runs/Run_29_L12Fe3Co_vol_a3.740,DAV,14,-31.1283999756,-6.2622e-05
DFT/dft_runs/Run_29_L12Fe3Co_vol_a3.740,DAV,15,-31.1284076179,-7.6423e-06
DFT/dft_runs/Run_29_L12Fe3Co_vol_a3.740,DAV,16,-31.1284032171,4.4007e-06
DFT/dft_runs/Run_29_L12Fe3Co_vol_a3.740,DAV,17,-31.1284031787,3.8425e-08
DFT/dft_runs/Run_32_L12Fe3Co_Jij_FeFe/state1_pp,DAV,1,5547.02986752,5547.0
DFT/dft_runs/Run_32_L12Fe3Co_Jij_FeFe/state1_pp,DAV,2,137.539689998,-5409.5
DFT/dft_runs/Run_32_L12Fe3Co_Jij_FeFe/state1_pp,DAV,3,-659.080272447,-796.62
DFT/dft_runs/Run_32_L12Fe3Co_Jij_FeFe/state1_pp,DAV,4,-719.526889614,-60.447
DFT/dft_runs/Run_32_L12Fe3Co_Jij_FeFe/state1_pp,DAV,5,-721.752890164,-2.226
DFT/dft_runs/Run_32_L12Fe3Co_Jij_FeFe/state1_pp,DAV,6,-2303.10629914,-1581.4
DFT/dft_runs/Run_32_L12Fe3Co_Jij_FeFe/state1_pp,DAV,7,-1598.68866917,704.42
DFT/dft_runs/Run_32_L12Fe3Co_Jij_FeFe/state1_pp,DAV,8,-1062.65017711,536.04
DFT/dft_runs/Run_32_L12Fe3Co_Jij_FeFe/state1_pp,DAV,9,-431.020125746,631.63
DFT/dft_runs/Run_32_L12Fe3Co_Jij_FeFe/state1_pp,DAV,10,-347.649886906,83.37
DFT/dft_runs/Run_32_L12Fe3Co_Jij_FeFe/state1_pp,DAV,11,-274.92593125,72.724
DFT/dft_runs/Run_32_L12Fe3Co_Jij_FeFe/state1_pp,DAV,12,-379.496242449,-104.57
DFT/dft_runs/Run_32_L12Fe3Co_Jij_FeFe/state1_pp,DAV,13,-272.775885736,106.72
DFT/dft_runs/Run_32_L12Fe3Co_Jij_FeFe/state1_pp,DAV,14,-294.156003831,-21.38
DFT/dft_runs/Run_32_L12Fe3Co_Jij_FeFe/state1_pp,DAV,15,-306.059876346,-11.904
DFT/dft_runs/Run_32_L12Fe3Co_Jij_FeFe/state1_pp,DAV,16,-264.228622307,41.831
DFT/dft_runs/Run_32_L12Fe3Co_Jij_FeFe/state1_pp,DAV,17,-266.664481133,-2.4359
DFT/dft_runs/Run_32_L12Fe3Co_Jij_FeFe/state1_pp,DAV,18,-256.426457675,10.238
DFT/dft_runs/Run_32_L12Fe3Co_Jij_FeFe/state1_pp,DAV,19,-254.03648211,2.39
DFT/dft_runs/Run_32_L12Fe3Co_Jij_FeFe/state1_pp,DAV,20,-256.891347379,-2.8549
DFT/dft_runs/Run_32_L12Fe3Co_Jij_FeFe/state1_pp,DAV,21,-252.315586452,4.5758
DFT/dft_runs/Run_32_L12Fe3Co_Jij_FeFe/state1_pp,DAV,22,-257.914566762,-5.599
DFT/dft_runs/Run_32_L12Fe3Co_Jij_FeFe/state1_pp,DAV,23,-254.990080815,2.9245
DFT/dft_runs/Run_32_L12Fe3Co_Jij_FeFe/state1_pp,DAV,24,-254.600689943,0.38939
DFT/dft_runs/Run_32_L12Fe3Co_Jij_FeFe/state1_pp,DAV,25,-252.62535299,1.9753
DFT/dft_runs/Run_32_L12Fe3Co_Jij_FeFe/state1_pp,DAV,26,-252.412989343,0.21236
DFT/dft_runs/Run_32_L12Fe3Co_Jij_FeFe/state1_pp,DAV,27,-252.414490945,-0.0015016
DFT/dft_runs/Run_32_L12Fe3Co_Jij_FeFe/state1_pp,DAV,28,-251.317421204,1.0971
DFT/dft_runs/Run_32_L12Fe3Co_Jij_FeFe/state1_pp,DAV,29,-251.28272681,0.034694
DFT/dft_runs/Run_32_L12Fe3Co_Jij_FeFe/state1_pp,DAV,30,-250.628939488,0.65379
DFT/dft_runs/Run_32_L12Fe3Co_Jij_FeFe/state1_pp,DAV,31,-250.547653559,0.081286
DFT/dft_runs/Run_32_L12Fe3Co_Jij_FeFe/state1_pp,DAV,32,-250.656005423,-0.10835
DFT/dft_runs/Run_32_L12Fe3Co_Jij_FeFe/state1_pp,DAV,33,-250.567850141,0.088155
DFT/dft_runs/Run_32_L12Fe3Co_Jij_FeFe/state1_pp,DAV,34,-250.538289961,0.02956
DFT/dft_runs/Run_32_L12Fe3Co_Jij_FeFe/state1_pp,DAV,35,-250.536138672,0.0021513
DFT/dft_runs/Run_32_L12Fe3Co_Jij_FeFe/state1_pp,DAV,36,-250.571414428,-0.035276
DFT/dft_runs/Run_32_L12Fe3Co_Jij_FeFe/state1_pp,DAV,37,-250.490520162,0.080894
DFT/dft_runs/Run_32_L12Fe3Co_Jij_FeFe/state1_pp,DAV,38,-250.625842616,-0.13532
DFT/dft_runs/Run_32_L12Fe3Co_Jij_FeFe/state1_pp,DAV,39,-250.756954135,-0.13111
DFT/dft_runs/Run_32_L12Fe3Co_Jij_FeFe/state1_pp,DAV,40,-250.353418328,0.40354
DFT/dft_runs/Run_32_L12Fe3Co_Jij_FeFe/state1_pp,DAV,41,-250.171205076,0.18221
DFT/dft_runs/Run_32_L12Fe3Co_Jij_FeFe/state1_pp,DAV,42,-250.15624142,0.014964
DFT/dft_runs/Run_32_L12Fe3Co_Jij_FeFe/state1_pp,DAV,43,-249.928951501,0.22729
DFT/dft_runs/Run_32_L12Fe3Co_Jij_FeFe/state1_pp,DAV,44,-249.99114507,-0.062194
DFT/dft_runs/Run_32_L12Fe3Co_Jij_FeFe/state1_pp,DAV,45,-249.737232672,0.25391
DFT/dft_runs/Run_32_L12Fe3Co_Jij_FeFe/state1_pp,DAV,46,-249.624529917,0.1127
DFT/dft_runs/Run_32_L12Fe3Co_Jij_FeFe/state1_pp,DAV,47,-249.530444553,0.094085
DFT/dft_runs/Run_32_L12Fe3Co_Jij_FeFe/state1_pp,DAV,48,-249.475904183,0.05454
DFT/dft_runs/Run_32_L12Fe3Co_Jij_FeFe/state1_pp,DAV,49,-249.461981078,0.013923
DFT/dft_runs/Run_32_L12Fe3Co_Jij_FeFe/state1_pp,DAV,50,-249.490127241,-0.028146
DFT/dft_runs/Run_32_L12Fe3Co_Jij_FeFe/state1_pp,DAV,51,-249.588954087,-0.098827
DFT/dft_runs/Run_32_L12Fe3Co_Jij_FeFe/state1_pp,DAV,52,-249.810174805,-0.22122
DFT/dft_runs/Run_32_L12Fe3Co_Jij_FeFe/state1_pp,DAV,53,-249.782976283,0.027199
DFT/dft_runs/Run_32_L12Fe3Co_Jij_FeFe/state1_pp,DAV,54,-249.511168614,0.27181
DFT/dft_runs/Run_32_L12Fe3Co_Jij_FeFe/state1_pp,DAV,55,-249.412403732,0.098765
DFT/dft_runs/Run_32_L12Fe3Co_Jij_FeFe/state1_pp,DAV,56,-249.416163621,-0.0037599
DFT/dft_runs/Run_32_L12Fe3Co_Jij_FeFe/state1_pp,DAV,57,-249.334331246,0.081832
DFT/dft_runs/Run_32_L12Fe3Co_Jij_FeFe/state1_pp,DAV,58,-249.340454537,-0.0061233
DFT/dft_runs/Run_32_L12Fe3Co_Jij_FeFe/state1_pp,DAV,59,-249.320496603,0.019958
DFT/dft_runs/Run_32_L12Fe3Co_Jij_FeFe/state1_pp,DAV,60,-249.314738875,0.0057577
DFT/dft_runs/Run_32_L12Fe3Co_Jij_FeFe/state1_pp,DAV,61,-249.326624207,-0.011885
DFT/dft_runs/Run_32_L12Fe3Co_Jij_FeFe/state1_pp,DAV,62,-249.258329548,0.068295
DFT/dft_runs/Run_32_L12Fe3Co_Jij_FeFe/state1_pp,DAV,63,-249.29113272,-0.032803
DFT/dft_runs/Run_32_L12Fe3Co_Jij_FeFe/state1_pp,DAV,64,-249.243080856,0.048052
DFT/dft_runs/Run_32_L12Fe3Co_Jij_FeFe/state1_pp,DAV,65,-249.224346299,0.018735
DFT/dft_runs/Run_32_L12Fe3Co_Jij_FeFe/state1_pp,DAV,66,-249.632341637,-0.408
DFT/dft_runs/Run_32_L12Fe3Co_Jij_FeFe/state1_pp,DAV,67,-249.277921631,0.35442
DFT/dft_runs/Run_32_L12Fe3Co_Jij_FeFe/state1_pp,DAV,68,-249.198468083,0.079454
DFT/dft_runs/Run_32_L12Fe3Co_Jij_FeFe/state1_pp,DAV,69,-249.184056049,0.014412
DFT/dft_runs/Run_32_L12Fe3Co_Jij_FeFe/state1_pp,DAV,70,-249.095384946,0.088671
DFT/dft_runs/Run_32_L12Fe3Co_Jij_FeFe/state1_pp,DAV,71,-250.555094466,-1.4597
DFT/dft_runs/Run_32_L12Fe3Co_Jij_FeFe/state1_pp,DAV,72,-249.433636658,1.1215
DFT/dft_runs/Run_32_L12Fe3Co_Jij_FeFe/state1_pp,DAV,73,-249.342428664,0.091208
DFT/dft_runs/Run_32_L12Fe3Co_Jij_FeFe/state1_pp,DAV,74,-249.469583315,-0.12715
DFT/dft_runs/Run_32_L12Fe3Co_Jij_FeFe/state1_pp,DAV,75,-249.469948419,-0.0003651
DFT/dft_runs/Run_32_L12Fe3Co_Jij_FeFe/state1_pp,DAV,76,-250.113845489,-0.6439
DFT/dft_runs/Run_32_L12Fe3Co_Jij_FeFe/state1_pp,DAV,77,-249.700165814,0.41368
DFT/dft_runs/Run_32_L12Fe3Co_Jij_FeFe/state1_pp,DAV,78,-249.660989718,0.039176
DFT/dft_runs/Run_32_L12Fe3Co_Jij_FeFe/state1_pp,DAV,79,-249.659583795,0.0014059
DFT/dft_runs/Run_32_L12Fe3Co_Jij_FeFe/state1_pp,DAV,80,-249.661453382,-0.0018696
DFT/dft_runs/Run_32_L12Fe3Co_Jij_FeFe/state1_pp,DAV,81,-249.884366035,-0.22291
DFT/dft_runs/Run_32_L12Fe3Co_Jij_FeFe/state1_pp,DAV,82,-249.734047711,0.15032
DFT/dft_runs/Run_32_L12Fe3Co_Jij_FeFe/state1_pp,DAV,83,-249.671297982,0.06275
DFT/dft_runs/Run_32_L12Fe3Co_Jij_FeFe/state1_pp,DAV,84,-249.655274357,0.016024
DFT/dft_runs/Run_32_L12Fe3Co_Jij_FeFe/state1_pp,DAV,85,-249.659437844,-0.0041635
DFT/dft_runs/Run_32_L12Fe3Co_Jij_FeFe/state1_pp,DAV,86,-249.849926653,-0.19049
DFT/dft_runs/Run_32_L12Fe3Co_Jij_FeFe/state1_pp,DAV,87,-249.780475888,0.069451
DFT/dft_runs/Run_32_L12Fe3Co_Jij_FeFe/state1_pp,DAV,88,-249.595253045,0.18522
DFT/dft_runs/Run_32_L12Fe3Co_Jij_FeFe/state1_pp,DAV,89,-249.556284121,0.038969
DFT/dft_runs/Run_32_L12Fe3Co_Jij_FeFe/state1_pp,DAV,90,-249.544602409,0.011682
DFT/dft_runs/Run_32_L12Fe3Co_Jij_FeFe/state1_pp,DAV,91,-250.454699095,-0.9101
DFT/dft_runs/Run_32_L12Fe3Co_Jij_FeFe/state1_pp,DAV,92,-249.606761161,0.84794
DFT/dft_runs/Run_32_L12Fe3Co_Jij_FeFe/state1_pp,DAV,93,-249.516878885,0.089882
DFT/dft_runs/Run_32_L12Fe3Co_Jij_FeFe/state1_pp,DAV,94,-249.550153507,-0.033275
DFT/dft_runs/Run_32_L12Fe3Co_Jij_FeFe/state1_pp,DAV,95,-249.459337274,0.090816
DFT/dft_runs/Run_32_L12Fe3Co_Jij_FeFe/state1_pp,DAV,96,-249.659281561,-0.19994
DFT/dft_runs/Run_32_L12Fe3Co_Jij_FeFe/state1_pp,DAV,97,-249.407568888,0.25171
DFT/dft_runs/Run_32_L12Fe3Co_Jij_FeFe/state1_pp,DAV,98,-249.377547657,0.030021
DFT/dft_runs/Run_32_L12Fe3Co_Jij_FeFe/state1_pp,DAV,99,-249.381838612,-0.004291
DFT/dft_runs/Run_32_L12Fe3Co_Jij_FeFe/state1_pp,DAV,100,-249.397509224,-0.015671
DFT/dft_runs/Run_32_L12Fe3Co_Jij_FeFe/state1_pp,DAV,101,-250.066873849,-0.66936
DFT/dft_runs/Run_32_L12Fe3Co_Jij_FeFe/state1_pp,DAV,102,-249.413882137,0.65299
DFT/dft_runs/Run_32_L12Fe3Co_Jij_FeFe/state1_pp,DAV,103,-249.389625855,0.024256
DFT/dft_runs/Run_32_L12Fe3Co_Jij_FeFe/state1_pp,DAV,104,-249.396903528,-0.0072777
DFT/dft_runs/Run_32_L12Fe3Co_Jij_FeFe/state1_pp,DAV,105,-249.390607058,0.0062965
DFT/dft_runs/Run_32_L12Fe3Co_Jij_FeFe/state1_pp,DAV,106,-249.812158388,-0.42155
DFT/dft_runs/Run_32_L12Fe3Co_Jij_FeFe/state1_pp,DAV,107,-249.522915615,0.28924
DFT/dft_runs/Run_32_L12Fe3Co_Jij_FeFe/state1_pp,DAV,108,-249.417755456,0.10516
DFT/dft_runs/Run_32_L12Fe3Co_Jij_FeFe/state1_pp,DAV,109,-249.400797574,0.016958
DFT/dft_runs/Run_32_L12Fe3Co_Jij_FeFe/state1_pp,DAV,110,-249.386829981,0.013968
DFT/dft_runs/Run_32_L12Fe3Co_Jij_FeFe/state1_pp,DAV,111,-249.972451028,-0.58562
DFT/dft_runs/Run_32_L12Fe3Co_Jij_FeFe/state1_pp,DAV,112,-249.505700445,0.46675
DFT/dft_runs/Run_32_L12Fe3Co_Jij_FeFe/state1_pp,DAV,113,-249.436935721,0.068765
DFT/dft_runs/Run_32_L12Fe3Co_Jij_FeFe/state1_pp,DAV,114,-249.418683372,0.018252
DFT/dft_runs/Run_32_L12Fe3Co_Jij_FeFe/state1_pp,DAV,115,-249.414925069,0.0037583
DFT/dft_runs/Run_32_L12Fe3Co_Jij_FeFe/state1_pp,DAV,116,-249.885974932,-0.47105
DFT/dft_runs/Run_32_L12Fe3Co_Jij_FeFe/state1_pp,DAV,117,-249.557789445,0.32819
DFT/dft_runs/Run_32_L12Fe3Co_Jij_FeFe/state1_pp,DAV,118,-249.483321247,0.074468
DFT/dft_runs/Run_32_L12Fe3Co_Jij_FeFe/state1_pp,DAV,119,-249.412250819,0.07107
DFT/dft_runs/Run_32_L12Fe3Co_Jij_FeFe/state1_pp,DAV,120,-249.40471918,0.0075316
DFT/dft_runs/Run_32_L12Fe3Co_Jij_FeFe/state1_pp,DAV,121,-250.027933733,-0.62321
DFT/dft_runs/Run_32_L12Fe3Co_Jij_FeFe/state1_pp,DAV,122,-249.575980938,0.45195
DFT/dft_runs/Run_32_L12Fe3Co_Jij_FeFe/state1_pp,DAV,123,-249.584339551,-0.0083586
DFT/dft_runs/Run_32_L12Fe3Co_Jij_FeFe/state1_pp,DAV,124,-249.572239663,0.0121
DFT/dft_runs/Run_32_L12Fe3Co_Jij_FeFe/state1_pp,DAV,125,-249.586253159,-0.014013
DFT/dft_runs/Run_32_L12Fe3Co_Jij_FeFe/state1_pp,DAV,126,-250.017181237,-0.43093
DFT/dft_runs/Run_32_L12Fe3Co_Jij_FeFe/state1_pp,DAV,127,-249.551724694,0.46546
DFT/dft_runs/Run_32_L12Fe3Co_Jij_FeFe/state1_pp,DAV,128,-249.537557317,0.014167
DFT/dft_runs/Run_32_L12Fe3Co_Jij_FeFe/state1_pp,DAV,129,-249.538463892,-0.00090658
DFT/dft_runs/Run_32_L12Fe3Co_Jij_FeFe/state1_pp,DAV,130,-249.54480534,-0.0063414
DFT/dft_runs/Run_32_L12Fe3Co_Jij_FeFe/state1_pp,DAV,131,-249.615356659,-0.070551
DFT/dft_runs/Run_32_L12Fe3Co_Jij_FeFe/state1_pp,DAV,132,-249.581478371,0.033878
DFT/dft_runs/Run_32_L12Fe3Co_Jij_FeFe/state1_pp,DAV,133,-249.520024985,0.061453
DFT/dft_runs/Run_32_L12Fe3Co_Jij_FeFe/state1_pp,DAV,134,-249.494333833,0.025691
DFT/dft_runs/Run_32_L12Fe3Co_Jij_FeFe/state1_pp,DAV,135,-249.477015385,0.017318
DFT/dft_runs/Run_32_L12Fe3Co_Jij_FeFe/state1_pp,DAV,136,-249.704600446,-0.22759
DFT/dft_runs/Run_32_L12Fe3Co_Jij_FeFe/state1_pp,DAV,137,-249.552934225,0.15167
DFT/dft_runs/Run_32_L12Fe3Co_Jij_FeFe/state1_pp,DAV,138,-249.476585197,0.076349
DFT/dft_runs/Run_32_L12Fe3Co_Jij_FeFe/state1_pp,DAV,139,-249.439928156,0.036657
DFT/dft_runs/Run_32_L12Fe3Co_Jij_FeFe/state1_pp,DAV,140,-249.434099256,0.0058289
DFT/dft_runs/Run_32_L12Fe3Co_Jij_FeFe/state1_pp,DAV,141,-250.136209598,-0.70211
DFT/dft_runs/Run_32_L12Fe3Co_Jij_FeFe/state1_pp,DAV,142,-249.524788058,0.61142
DFT/dft_runs/Run_32_L12Fe3Co_Jij_FeFe/state1_pp,DAV,143,-249.476969893,0.047818
DFT/dft_runs/Run_32_L12Fe3Co_Jij_FeFe/state1_pp,DAV,144,-249.48693332,-0.0099634
DFT/dft_runs/Run_32_L12Fe3Co_Jij_FeFe/state1_pp,DAV,145,-249.437487594,0.049446
DFT/dft_runs/Run_32_L12Fe3Co_Jij_FeFe/state1_pp,DAV,146,-250.038388499,-0.6009
DFT/dft_runs/Run_32_L12Fe3Co_Jij_FeFe/state1_pp,DAV,147,-249.512504182,0.52588
DFT/dft_runs/Run_32_L12Fe3Co_Jij_FeFe/state1_pp,DAV,148,-249.474694328,0.03781
DFT/dft_runs/Run_32_L12Fe3Co_Jij_FeFe/state1_pp,DAV,149,-249.504921768,-0.030227
DFT/dft_runs/Run_32_L12Fe3Co_Jij_FeFe/state1_pp,DAV,150,-249.546893659,-0.041972
DFT/dft_runs/Run_32_L12Fe3Co_Jij_FeFe/state1_pp,DAV,151,-249.713543666,-0.16665
DFT/dft_runs/Run_32_L12Fe3Co_Jij_FeFe/state1_pp,DAV,152,-249.613723794,0.09982
DFT/dft_runs/Run_32_L12Fe3Co_Jij_FeFe/state1_pp,DAV,153,-249.622616304,-0.0088925
DFT/dft_runs/Run_32_L12Fe3Co_Jij_FeFe/state1_pp,DAV,154,-249.666302394,-0.043686
DFT/dft_runs/Run_32_L12Fe3Co_Jij_FeFe/state1_pp,DAV,155,-249.657862061,0.0084403
DFT/dft_runs/Run_32_L12Fe3Co_Jij_FeFe/state1_pp,DAV,156,-250.041946593,-0.38408
DFT/dft_runs/Run_32_L12Fe3Co_Jij_FeFe/state1_pp,DAV,157,-249.696152635,0.34579
DFT/dft_runs/Run_32_L12Fe3Co_Jij_FeFe/state1_pp,DAV,158,-249.68805039,0.0081022
DFT/dft_runs/Run_32_L12Fe3Co_Jij_FeFe/state1_pp,DAV,159,-249.706832315,-0.018782
DFT/dft_runs/Run_32_L12Fe3Co_Jij_FeFe/state1_pp,DAV,160,-249.624483962,0.082348
DFT/dft_runs/Run_32_L12Fe3Co_Jij_FeFe/state1_pp,DAV,161,-249.853387729,-0.2289
DFT/dft_runs/Run_32_L12Fe3Co_Jij_FeFe/state1_pp,DAV,162,-249.667967573,0.18542
DFT/dft_runs/Run_32_L12Fe3Co_Jij_FeFe/state1_pp,DAV,163,-249.619885075,0.048082
DFT/dft_runs/Run_32_L12Fe3Co_Jij_FeFe/state1_pp,DAV,164,-249.612612295,0.0072728
DFT/dft_runs/Run_32_L12Fe3Co_Jij_FeFe/state1_pp,DAV,165,-249.64967581,-0.037064
DFT/dft_runs/Run_32_L12Fe3Co_Jij_FeFe/state1_pp,DAV,166,-250.143061564,-0.49339
DFT/dft_runs/Run_32_L12Fe3Co_Jij_FeFe/state1_pp,DAV,167,-249.75375486,0.38931
DFT/dft_runs/Run_32_L12Fe3Co_Jij_FeFe/state1_pp,DAV,168,-249.623715222,0.13004
DFT/dft_runs/Run_32_L12Fe3Co_Jij_FeFe/state1_pp,DAV,169,-249.59574692,0.027968
DFT/dft_runs/Run_32_L12Fe3Co_Jij_FeFe/state1_pp,DAV,170,-249.57157216,0.024175
DFT/dft_runs/Run_32_L12Fe3Co_Jij_FeFe/state1_pp,DAV,171,-249.974223378,-0.40265
DFT/dft_runs/Run_32_L12Fe3Co_Jij_FeFe/state2_pm,DAV,1,6169.68889001,6169.7
DFT/dft_runs/Run_32_L12Fe3Co_Jij_FeFe/state2_pm,DAV,2,601.197903461,-5568.5
DFT/dft_runs/Run_32_L12Fe3Co_Jij_FeFe/state2_pm,DAV,3,-225.579114808,-826.78
DFT/dft_runs/Run_32_L12Fe3Co_Jij_FeFe/state2_pm,DAV,4,-289.259202432,-63.68
DFT/dft_runs/Run_32_L12Fe3Co_Jij_FeFe/state2_pm,DAV,5,-291.285267163,-2.0261
DFT/dft_runs/Run_32_L12Fe3Co_Jij_FeFe/state2_pm,RMM,6,-252.5269924,38.758
DFT/dft_runs/Run_32_L12Fe3Co_Jij_FeFe/state2_pm,RMM,7,-253.995400426,-1.4684
DFT/dft_runs/Run_32_L12Fe3Co_Jij_FeFe/state2_pm,RMM,8,-253.672903424,0.3225
DFT/dft_runs/Run_32_L12Fe3Co_Jij_FeFe/state2_pm,RMM,9,-250.317486683,3.3554
DFT/dft_runs/Run_32_L12Fe3Co_Jij_FeFe/state2_pm,RMM,10,-250.336130973,-0.018644
DFT/dft_runs/Run_32_L12Fe3Co_Jij_FeFe/state2_pm,RMM,11,-250.70926555,-0.37313
DFT/dft_runs/Run_32_L12Fe3Co_Jij_FeFe/state2_pm,RMM,12,-250.751044294,-0.041779
DFT/dft_runs/Run_32_L12Fe3Co_Jij_FeFe/state2_pm,RMM,13,-251.006252284,-0.25521
DFT/dft_runs/Run_32_L12Fe3Co_Jij_FeFe/state2_pm,RMM,14,-251.344002901,-0.33775
DFT/dft_runs/Run_32_L12Fe3Co_Jij_FeFe/state2_pm,RMM,15,-251.281372494,0.06263
DFT/dft_runs/Run_32_L12Fe3Co_Jij_FeFe/state2_pm,RMM,16,-251.388226731,-0.10685
DFT/dft_runs/Run_32_L12Fe3Co_Jij_FeFe/state2_pm,RMM,17,-251.346259887,0.041967
DFT/dft_runs/Run_32_L12Fe3Co_Jij_FeFe/state2_pm,RMM,18,-251.361930619,-0.015671
DFT/dft_runs/Run_32_L12Fe3Co_Jij_FeFe/state2_pm,RMM,19,-251.405184537,-0.043254
DFT/dft_runs/Run_32_L12Fe3Co_Jij_FeFe/state2_pm,RMM,20,-251.390100804,0.015084
DFT/dft_runs/Run_32_L12Fe3Co_Jij_FeFe/state3_mp,DAV,1,6169.68889001,6169.7
DFT/dft_runs/Run_32_L12Fe3Co_Jij_FeFe/state3_mp,DAV,2,601.197903462,-5568.5
DFT/dft_runs/Run_32_L12Fe3Co_Jij_FeFe/state3_mp,DAV,3,-225.579114808,-826.78
DFT/dft_runs/Run_32_L12Fe3Co_Jij_FeFe/state3_mp,DAV,4,-289.259202431,-63.68
DFT/dft_runs/Run_32_L12Fe3Co_Jij_FeFe/state3_mp,DAV,5,-291.285267163,-2.0261
DFT/dft_runs/Run_32_L12Fe3Co_Jij_FeFe/state3_mp,RMM,6,-252.5269924,38.758
DFT/dft_runs/Run_32_L12Fe3Co_Jij_FeFe/state3_mp,RMM,7,-253.995400426,-1.4684
DFT/dft_runs/Run_32_L12Fe3Co_Jij_FeFe/state3_mp,RMM,8,-253.672903423,0.3225
DFT/dft_runs/Run_32_L12Fe3Co_Jij_FeFe/state3_mp,RMM,9,-250.317486683,3.3554
DFT/dft_runs/Run_32_L12Fe3Co_Jij_FeFe/state3_mp,RMM,10,-250.336130973,-0.018644
DFT/dft_runs/Run_32_L12Fe3Co_Jij_FeFe/state3_mp,RMM,11,-250.70926555,-0.37313
DFT/dft_runs/Run_32_L12Fe3Co_Jij_FeFe/state3_mp,RMM,12,-250.751044294,-0.041779
DFT/dft_runs/Run_32_L12Fe3Co_Jij_FeFe/state3_mp,RMM,13,-251.006252284,-0.25521
DFT/dft_runs/Run_32_L12Fe3Co_Jij_FeFe/state3_mp,RMM,14,-251.344002901,-0.33775
DFT/dft_runs/Run_32_L12Fe3Co_Jij_FeFe/state3_mp,RMM,15,-251.281372494,0.06263
DFT/dft_runs/Run_32_L12Fe3Co_Jij_FeFe/state3_mp,RMM,16,-251.388226731,-0.10685
DFT/dft_runs/Run_32_L12Fe3Co_Jij_FeFe/state3_mp,RMM,17,-251.346259887,0.041967
DFT/dft_runs/Run_32_L12Fe3Co_Jij_FeFe/state3_mp,RMM,18,-251.361930619,-0.015671
DFT/dft_runs/Run_32_L12Fe3Co_Jij_FeFe/state3_mp,RMM,19,-251.405184536,-0.043254
DFT/dft_runs/Run_32_L12Fe3Co_Jij_FeFe/state3_mp,RMM,20,-251.390099975,0.015085
DFT/dft_runs/Run_32_L12Fe3Co_Jij_FeFe/state4_mm,DAV,1,6169.68889001,6169.7
DFT/dft_runs/Run_32_L12Fe3Co_Jij_FeFe/state4_mm,DAV,2,601.19790346,-5568.5
DFT/dft_runs/Run_32_L12Fe3Co_Jij_FeFe/state4_mm,DAV,3,-225.579114807,-826.78
DFT/dft_runs/Run_32_L12Fe3Co_Jij_FeFe/state4_mm,DAV,4,-289.259202431,-63.68
DFT/dft_runs/Run_32_L12Fe3Co_Jij_FeFe/state4_mm,DAV,5,-291.285267164,-2.0261
DFT/dft_runs/Run_32_L12Fe3Co_Jij_FeFe/state4_mm,RMM,6,-252.5269924,38.758
DFT/dft_runs/Run_32_L12Fe3Co_Jij_FeFe/state4_mm,RMM,7,-253.995400428,-1.4684
DFT/dft_runs/Run_32_L12Fe3Co_Jij_FeFe/state4_mm,RMM,8,-253.672903422,0.3225
DFT/dft_runs/Run_32_L12Fe3Co_Jij_FeFe/state4_mm,RMM,9,-250.317486683,3.3554
DFT/dft_runs/Run_32_L12Fe3Co_Jij_FeFe/state4_mm,RMM,10,-250.336130973,-0.018644
DFT/dft_runs/Run_32_L12Fe3Co_Jij_FeFe/state4_mm,RMM,11,-250.70926555,-0.37313
DFT/dft_runs/Run_32_L12Fe3Co_Jij_FeFe/state4_mm,RMM,12,-250.751044294,-0.041779
DFT/dft_runs/Run_32_L12Fe3Co_Jij_FeFe/state4_mm,RMM,13,-251.006252283,-0.25521
DFT/dft_runs/Run_32_L12Fe3Co_Jij_FeFe/state4_mm,RMM,14,-251.344002904,-0.33775
DFT/dft_runs/Run_32_L12Fe3Co_Jij_FeFe/state4_mm,RMM,15,-251.281372501,0.06263
DFT/dft_runs/Run_32_L12Fe3Co_Jij_FeFe/state4_mm,RMM,16,-251.388226733,-0.10685
DFT/dft_runs/Run_32_L12Fe3Co_Jij_FeFe/state4_mm,RMM,17,-251.346259883,0.041967
DFT/dft_runs/Run_32_L12Fe3Co_Jij_FeFe/state4_mm,RMM,18,-251.361930618,-0.015671
DFT/dft_runs/Run_32_L12Fe3Co_Jij_FeFe/state4_mm,RMM,19,-251.405184538,-0.043254
DFT/dft_runs/Run_32_L12Fe3Co_Jij_FeFe/state4_mm,RMM,20,-251.390099975,0.015085
DFT/dft_runs/Run_33_L12Fe3Co_Jij_FeCo/state1_pp,DAV,1,5860.57003361,5860.6
DFT/dft_runs/Run_33_L12Fe3Co_Jij_FeCo/state1_pp,DAV,2,504.444928222,-5356.1
DFT/dft_runs/Run_33_L12Fe3Co_Jij_FeCo/state1_pp,DAV,3,-248.398877857,-752.84
DFT/dft_runs/Run_33_L12Fe3Co_Jij_FeCo/state1_pp,DAV,4,-285.712802575,-37.314
DFT/dft_runs/Run_33_L12Fe3Co_Jij_FeCo/state1_pp,DAV,5,-286.48350103,-0.7707
DFT/dft_runs/Run_33_L12Fe3Co_Jij_FeCo/state1_pp,RMM,6,-255.082293692,31.401
DFT/dft_runs/Run_33_L12Fe3Co_Jij_FeCo/state1_pp,RMM,7,-270.063467687,-14.981
DFT/dft_runs/Run_33_L12Fe3Co_Jij_FeCo/state1_pp,RMM,8,-253.131161485,16.932
DFT/dft_runs/Run_33_L12Fe3Co_Jij_FeCo/state1_pp,RMM,9,-251.518596688,1.6126
DFT/dft_runs/Run_33_L12Fe3Co_Jij_FeCo/state1_pp,RMM,10,-251.123159619,0.39544
DFT/dft_runs/Run_33_L12Fe3Co_Jij_FeCo/state1_pp,RMM,11,-251.220728363,-0.097569
DFT/dft_runs/Run_33_L12Fe3Co_Jij_FeCo/state1_pp,RMM,12,-251.353846142,-0.13312
DFT/dft_runs/Run_33_L12Fe3Co_Jij_FeCo/state1_pp,RMM,13,-251.380550373,-0.026704
DFT/dft_runs/Run_33_L12Fe3Co_Jij_FeCo/state1_pp,RMM,14,-251.379539861,0.0010105
DFT/dft_runs/Run_33_L12Fe3Co_Jij_FeCo/state1_pp,RMM,15,-251.383344041,-0.0038042
DFT/dft_runs/Run_33_L12Fe3Co_Jij_FeCo/state1_pp,RMM,16,-251.384755394,-0.0014114
DFT/dft_runs/Run_33_L12Fe3Co_Jij_FeCo/state1_pp,RMM,17,-251.385078488,-0.00032309
DFT/dft_runs/Run_33_L12Fe3Co_Jij_FeCo/state1_pp,RMM,18,-251.385193548,-0.00011506
DFT/dft_runs/Run_33_L12Fe3Co_Jij_FeCo/state1_pp,RMM,19,-251.385193423,1.2541e-07
DFT/dft_runs/Run_33_L12Fe3Co_Jij_FeCo/state1_pp,RMM,20,-251.385200336,-6.9135e-06
DFT/dft_runs/Run_33_L12Fe3Co_Jij_FeCo/state1_pp,RMM,21,-251.385203082,-2.7458e-06
DFT/dft_runs/Run_33_L12Fe3Co_Jij_FeCo/state1_pp,RMM,22,-251.385203396,-3.1375e-07
DFT/dft_runs/Run_33_L12Fe3Co_Jij_FeCo/state1_pp,RMM,23,-251.385203328,6.7594e-08
DFT/dft_runs/Run_33_L12Fe3Co_Jij_FeCo/state2_pm,DAV,1,5726.21045032,5726.2
DFT/dft_runs/Run_33_L12Fe3Co_Jij_FeCo/state2_pm,DAV,2,487.535327416,-5238.7
DFT/dft_runs/Run_33_L12Fe3Co_Jij_FeCo/state2_pm,DAV,3,-216.491956165,-704.03
DFT/dft_runs/Run_33_L12Fe3Co_Jij_FeCo/state2_pm,DAV,4,-250.61222902,-34.12
DFT/dft_runs/Run_33_L12Fe3Co_Jij_FeCo/state2_pm,DAV,5,-251.363563018,-0.75133
DFT/dft_runs/Run_33_L12Fe3Co_Jij_FeCo/state2_pm,RMM,6,-251.378262595,-0.0147
DFT/dft_runs/Run_33_L12Fe3Co_Jij_FeCo/state2_pm,RMM,7,-251.384238978,-0.0059764
DFT/dft_runs/Run_33_L12Fe3Co_Jij_FeCo/state2_pm,RMM,8,-251.384960454,-0.00072148
DFT/dft_runs/Run_33_L12Fe3Co_Jij_FeCo/state2_pm,RMM,9,-251.385163894,-0.00020344
DFT/dft_runs/Run_33_L12Fe3Co_Jij_FeCo/state2_pm,RMM,10,-251.385196591,-3.2697e-05
DFT/dft_runs/Run_33_L12Fe3Co_Jij_FeCo/state2_pm,RMM,11,-251.385200522,-3.9305e-06
DFT/dft_runs/Run_33_L12Fe3Co_Jij_FeCo/state2_pm,RMM,12,-251.385201428,-9.0586e-07
DFT/dft_runs/Run_33_L12Fe3Co_Jij_FeCo/state2_pm,RMM,13,-251.385201906,-4.7835e-07
DFT/dft_runs/Run_33_L12Fe3Co_Jij_FeCo/state2_pm,RMM,14,-251.385202272,-3.6586e-07
DFT/dft_runs/Run_33_L12Fe3Co_Jij_FeCo/state2_pm,RMM,15,-251.385203499,-1.2275e-06
DFT/dft_runs/Run_33_L12Fe3Co_Jij_FeCo/state2_pm,RMM,16,-251.38520378,-2.8026e-07
DFT/dft_runs/Run_33_L12Fe3Co_Jij_FeCo/state2_pm,RMM,17,-251.385203883,-1.031e-07
DFT/dft_runs/Run_33_L12Fe3Co_Jij_FeCo/state2_pm,RMM,18,-251.385203789,9.3642e-08
DFT/dft_runs/Run_33_L12Fe3Co_Jij_FeCo/state3_mp,DAV,1,5730.16936342,5730.2
DFT/dft_runs/Run_33_L12Fe3Co_Jij_FeCo/state3_mp,DAV,2,490.880908534,-5239.3
DFT/dft_runs/Run_33_L12Fe3Co_Jij_FeCo/state3_mp,DAV,3,-215.688276637,-706.57
DFT/dft_runs/Run_33_L12Fe3Co_Jij_FeCo/state3_mp,DAV,4,-250.596565355,-34.908
DFT/dft_runs/Run_33_L12Fe3Co_Jij_FeCo/state3_mp,DAV,5,-251.363132715,-0.76657
DFT/dft_runs/Run_33_L12Fe3Co_Jij_FeCo/state3_mp,RMM,6,-251.378071312,-0.014939
DFT/dft_runs/Run_33_L12Fe3Co_Jij_FeCo/state3_mp,RMM,7,-251.384333861,-0.0062625
DFT/dft_runs/Run_33_L12Fe3Co_Jij_FeCo/state3_mp,RMM,8,-251.384943383,-0.00060952
DFT/dft_runs/Run_33_L12Fe3Co_Jij_FeCo/state3_mp,RMM,9,-251.38515606,-0.00021268
DFT/dft_runs/Run_33_L12Fe3Co_Jij_FeCo/state3_mp,RMM,10,-251.385196206,-4.0146e-05
DFT/dft_runs/Run_33_L12Fe3Co_Jij_FeCo/state3_mp,RMM,11,-251.385200974,-4.7685e-06
DFT/dft_runs/Run_33_L12Fe3Co_Jij_FeCo/state3_mp,RMM,12,-251.385202672,-1.6975e-06
DFT/dft_runs/Run_33_L12Fe3Co_Jij_FeCo/state3_mp,RMM,13,-251.385203495,-8.2358e-07
DFT/dft_runs/Run_33_L12Fe3Co_Jij_FeCo/state3_mp,RMM,14,-251.385205485,-1.9895e-06
DFT/dft_runs/Run_33_L12Fe3Co_Jij_FeCo/state3_mp,RMM,15,-251.385206008,-5.2343e-07
DFT/dft_runs/Run_33_L12Fe3Co_Jij_FeCo/state3_mp,RMM,16,-251.385206471,-4.6229e-07
DFT/dft_runs/Run_33_L12Fe3Co_Jij_FeCo/state3_mp,RMM,17,-251.385206606,-1.3513e-07
DFT/dft_runs/Run_33_L12Fe3Co_Jij_FeCo/state3_mp,RMM,18,-251.385207001,-3.9494e-07
DFT/dft_runs/Run_33_L12Fe3Co_Jij_FeCo/state3_mp,RMM,19,-251.385207096,-9.5693e-08
DFT/dft_runs/Run_33_L12Fe3Co_Jij_FeCo/state4_mm,DAV,1,5722.67916997,5722.7
DFT/dft_runs/Run_33_L12Fe3Co_Jij_FeCo/state4_mm,DAV,2,487.267954079,-5235.4
DFT/dft_runs/Run_33_L12Fe3Co_Jij_FeCo/state4_mm,DAV,3,-216.441565755,-703.71
DFT/dft_runs/Run_33_L12Fe3Co_Jij_FeCo/state4_mm,DAV,4,-250.612849108,-34.171
DFT/dft_runs/Run_33_L12Fe3Co_Jij_FeCo/state4_mm,DAV,5,-251.364708167,-0.75186
DFT/dft_runs/Run_33_L12Fe3Co_Jij_FeCo/state4_mm,RMM,6,-251.378574689,-0.013867
DFT/dft_runs/Run_33_L12Fe3Co_Jij_FeCo/state4_mm,RMM,7,-251.384316514,-0.0057418
DFT/dft_runs/Run_33_L12Fe3Co_Jij_FeCo/state4_mm,RMM,8,-251.384973988,-0.00065747
DFT/dft_runs/Run_33_L12Fe3Co_Jij_FeCo/state4_mm,RMM,9,-251.385165592,-0.0001916
DFT/dft_runs/Run_33_L12Fe3Co_Jij_FeCo/state4_mm,RMM,10,-251.38520011,-3.4519e-05
DFT/dft_runs/Run_33_L12Fe3Co_Jij_FeCo/state4_mm,RMM,11,-251.385203614,-3.5037e-06
DFT/dft_runs/Run_33_L12Fe3Co_Jij_FeCo/state4_mm,RMM,12,-251.385204639,-1.0251e-06
DFT/dft_runs/Run_33_L12Fe3Co_Jij_FeCo/state4_mm,RMM,13,-251.385205154,-5.1524e-07
DFT/dft_runs/Run_33_L12Fe3Co_Jij_FeCo/state4_mm,RMM,14,-251.385205568,-4.1338e-07
DFT/dft_runs/Run_33_L12Fe3Co_Jij_FeCo/state4_mm,RMM,15,-251.385207153,-1.5856e-06
DFT/dft_runs/Run_33_L12Fe3Co_Jij_FeCo/state4_mm,RMM,16,-251.385207606,-4.53e-07
DFT/dft_runs/Run_33_L12Fe3Co_Jij_FeCo/state4_mm,RMM,17,-251.385207894,-2.8749e-07
DFT/dft_runs/Run_33_L12Fe3Co_Jij_FeCo/state4_mm,RMM,18,-251.385207912,-1.7957e-08
DFT/dft_runs/Run_34_L12FeCo3_vol_a3.420,DAV,1,334.29976239,334.3
DFT/dft_runs/Run_34_L12FeCo3_vol_a3.420,DAV,2,-10.5028732098,-344.8
DFT/dft_runs/Run_34_L12FeCo3_vol_a3.420,DAV,3,-32.7208059085,-22.218
DFT/dft_runs/Run_34_L12FeCo3_vol_a3.420,DAV,4,-33.1888304506,-0.46802
DFT/dft_runs/Run_34_L12FeCo3_vol_a3.420,DAV,5,-33.2111031192,-0.022273
DFT/dft_runs/Run_34_L12FeCo3_vol_a3.420,DAV,6,-29.8999695832,3.3111
DFT/dft_runs/Run_34_L12FeCo3_vol_a3.420,DAV,7,-36.6091025887,-6.7091
DFT/dft_runs/Run_34_L12FeCo3_vol_a3.420,DAV,8,-28.8388277696,7.7703
DFT/dft_runs/Run_34_L12FeCo3_vol_a3.420,DAV,9,-28.8592801546,-0.020452
DFT/dft_runs/Run_34_L12FeCo3_vol_a3.420,DAV,10,-28.8916034719,-0.032323
DFT/dft_runs/Run_34_L12FeCo3_vol_a3.420,DAV,11,-28.9467426535,-0.055139
DFT/dft_runs/Run_34_L12FeCo3_vol_a3.420,DAV,12,-28.987419062,-0.040676
DFT/dft_runs/Run_34_L12FeCo3_vol_a3.420,DAV,13,-28.9942692361,-0.0068502
DFT/dft_runs/Run_34_L12FeCo3_vol_a3.420,DAV,14,-28.9993403774,-0.0050711
DFT/dft_runs/Run_34_L12FeCo3_vol_a3.420,DAV,15,-29.0005364927,-0.0011961
DFT/dft_runs/Run_34_L12FeCo3_vol_a3.420,DAV,16,-28.9999269199,0.00060957
DFT/dft_runs/Run_34_L12FeCo3_vol_a3.420,DAV,17,-29.0000045092,-7.7589e-05
DFT/dft_runs/Run_34_L12FeCo3_vol_a3.420,DAV,18,-29.0000138617,-9.3525e-06
DFT/dft_runs/Run_34_L12FeCo3_vol_a3.420,DAV,19,-29.0000231696,-9.3079e-06
DFT/dft_runs/Run_34_L12FeCo3_vol_a3.420,DAV,20,-29.0000232498,-8.0211e-08
DFT/dft_runs/Run_35_L12FeCo3_vol_a3.480,DAV,1,333.550383162,333.55
DFT/dft_runs/Run_35_L12FeCo3_vol_a3.480,DAV,2,-10.7300052072,-344.28
DFT/dft_runs/Run_35_L12FeCo3_vol_a3.480,DAV,3,-32.9793154732,-22.249
DFT/dft_runs/Run_35_L12FeCo3_vol_a3.480,DAV,4,-33.4772629846,-0.49795
DFT/dft_runs/Run_35_L12FeCo3_vol_a3.480,DAV,5,-33.4999283221,-0.022665
DFT/dft_runs/Run_35_L12FeCo3_vol_a3.480,DAV,6,-30.1363353341,3.3636
DFT/dft_runs/Run_35_L12FeCo3_vol_a3.480,DAV,7,-35.3367326831,-5.2004
DFT/dft_runs/Run_35_L12FeCo3_vol_a3.480,DAV,8,-29.1417203466,6.195
DFT/dft_runs/Run_35_L12FeCo3_vol_a3.480,DAV,9,-29.150351568,-0.0086312
DFT/dft_runs/Run_35_L12FeCo3_vol_a3.480,DAV,10,-29.2151152714,-0.064764
DFT/dft_runs/Run_35_L12FeCo3_vol_a3.480,DAV,11,-29.2476597586,-0.032544
DFT/dft_runs/Run_35_L12FeCo3_vol_a3.480,DAV,12,-29.2529599276,-0.0053002
DFT/dft_runs/Run_35_L12FeCo3_vol_a3.480,DAV,13,-29.2539550659,-0.00099514
DFT/dft_runs/Run_35_L12FeCo3_vol_a3.480,DAV,14,-29.2542765703,-0.0003215
DFT/dft_runs/Run_35_L12FeCo3_vol_a3.480,DAV,15,-29.2545087524,-0.00023218
DFT/dft_runs/Run_35_L12FeCo3_vol_a3.480,DAV,16,-29.2545289333,-2.0181e-05
DFT/dft_runs/Run_35_L12FeCo3_vol_a3.480,DAV,17,-29.2545622466,-3.3313e-05
DFT/dft_runs/Run_35_L12FeCo3_vol_a3.480,DAV,18,-29.2545609948,1.2518e-06
DFT/dft_runs/Run_35_L12FeCo3_vol_a3.480,DAV,19,-29.2545596259,1.3689e-06
DFT/dft_runs/Run_35_L12FeCo3_vol_a3.480,DAV,20,-29.2545595441,8.1801e-08
DFT/dft_runs/Run_36_L12FeCo3_vol_a3.540,DAV,1,330.16271842,330.16
DFT/dft_runs/Run_36_L12FeCo3_vol_a3.540,DAV,2,-11.1030507761,-341.27
DFT/dft_runs/Run_36_L12FeCo3_vol_a3.540,DAV,3,-33.0789624886,-21.976
DFT/dft_runs/Run_36_L12FeCo3_vol_a3.540,DAV,4,-33.5716256366,-0.49266
DFT/dft_runs/Run_36_L12FeCo3_vol_a3.540,DAV,5,-33.5936020692,-0.021976
DFT/dft_runs/Run_36_L12FeCo3_vol_a3.540,DAV,6,-30.2577008612,3.3359
DFT/dft_runs/Run_36_L12FeCo3_vol_a3.540,DAV,7,-33.3314991031,-3.0738
DFT/dft_runs/Run_36_L12FeCo3_vol_a3.540,DAV,8,-29.3741028533,3.9574
DFT/dft_runs/Run_36_L12FeCo3_vol_a3.540,DAV,9,-29.3105200702,0.063583
DFT/dft_runs/Run_36_L12FeCo3_vol_a3.540,DAV,10,-29.3162034463,-0.0056834
DFT/dft_runs/Run_36_L12FeCo3_vol_a3.540,DAV,11,-29.3324873428,-0.016284
DFT/dft_runs/Run_36_L12FeCo3_vol_a3.540,DAV,12,-29.331467952,0.0010194
DFT/dft_runs/Run_36_L12FeCo3_vol_a3.540,DAV,13,-29.331314427,0.00015353
DFT/dft_runs/Run_36_L12FeCo3_vol_a3.540,DAV,14,-29.3314602898,-0.00014586
DFT/dft_runs/Run_36_L12FeCo3_vol_a3.540,DAV,15,-29.3314993959,-3.9106e-05
DFT/dft_runs/Run_36_L12FeCo3_vol_a3.540,DAV,16,-29.3315004255,-1.0296e-06
DFT/dft_runs/Run_36_L12FeCo3_vol_a3.540,DAV,17,-29.3314998657,5.5977e-07
DFT/dft_runs/Run_37_L12FeCo3_vol_a3.580,DAV,1,330.384011672,330.38
DFT/dft_runs/Run_37_L12FeCo3_vol_a3.580,DAV,2,-10.731145786,-341.12
DFT/dft_runs/Run_37_L12FeCo3_vol_a3.580,DAV,3,-33.0009167965,-22.27
DFT/dft_runs/Run_37_L12FeCo3_vol_a3.580,DAV,4,-33.5426617008,-0.54174
DFT/dft_runs/Run_37_L12FeCo3_vol_a3.580,DAV,5,-33.5644157293,-0.021754
DFT/dft_runs/Run_37_L12FeCo3_vol_a3.580,DAV,6,-30.2827054804,3.2817
DFT/dft_runs/Run_37_L12FeCo3_vol_a3.580,DAV,7,-32.1702060048,-1.8875
DFT/dft_runs/Run_37_L12FeCo3_vol_a3.580,DAV,8,-29.3845940457,2.7856
DFT/dft_runs/Run_37_L12FeCo3_vol_a3.580,DAV,9,-29.2835577327,0.10104
DFT/dft_runs/Run_37_L12FeCo3_vol_a3.580,DAV,10,-29.2910087581,-0.007451
DFT/dft_runs/Run_37_L12FeCo3_vol_a3.580,DAV,11,-29.3034421905,-0.012433
DFT/dft_runs/Run_37_L12FeCo3_vol_a3.580,DAV,12,-29.3028681118,0.00057408
DFT/dft_runs/Run_37_L12FeCo3_vol_a3.580,DAV,13,-29.3025076341,0.00036048
DFT/dft_runs/Run_37_L12FeCo3_vol_a3.580,DAV,14,-29.3025050996,2.5345e-06
DFT/dft_runs/Run_37_L12FeCo3_vol_a3.580,DAV,15,-29.3025118478,-6.7482e-06
DFT/dft_runs/Run_37_L12FeCo3_vol_a3.580,DAV,16,-29.3025145795,-2.7317e-06
DFT/dft_runs/Run_37_L12FeCo3_vol_a3.580,DAV,17,-29.3025132618,1.3178e-06
DFT/dft_runs/Run_37_L12FeCo3_vol_a3.580,DAV,18,-29.3025126339,6.279e-07
DFT/dft_runs/Run_38_L12FeCo3_vol_a3.620,DAV,1,324.336326594,324.34
DFT/dft_runs/Run_38_L12FeCo3_vol_a3.620,DAV,2,-11.7213842115,-336.06
DFT/dft_runs/Run_38_L12FeCo3_vol_a3.620,DAV,3,-32.9289315815,-21.208
DFT/dft_runs/Run_38_L12FeCo3_vol_a3.620,DAV,4,-33.4510330153,-0.5221
DFT/dft_runs/Run_38_L12FeCo3_vol_a3.620,DAV,5,-33.4718999618,-0.020867
DFT/dft_runs/Run_38_L12FeCo3_vol_a3.620,DAV,6,-30.2589220901,3.213
DFT/dft_runs/Run_38_L12FeCo3_vol_a3.620,DAV,7,-31.1469487471,-0.88803
DFT/dft_runs/Run_38_L12FeCo3_vol_a3.620,DAV,8,-29.3129097284,1.834
DFT/dft_runs/Run_38_L12FeCo3_vol_a3.620,DAV,9,-29.217151247,0.095758
DFT/dft_runs/Run_38_L12FeCo3_vol_a3.620,DAV,10,-29.2172484801,-9.7233e-05
DFT/dft_runs/Run_38_L12FeCo3_vol_a3.620,DAV,11,-29.2212114105,-0.0039629
DFT/dft_runs/Run_38_L12FeCo3_vol_a3.620,DAV,12,-29.2202334636,0.00097795
DFT/dft_runs/Run_38_L12FeCo3_vol_a3.620,DAV,13,-29.2199389852,0.00029448
DFT/dft_runs/Run_38_L12FeCo3_vol_a3.620,DAV,14,-29.2199622528,-2.3268e-05
DFT/dft_runs/Run_38_L12FeCo3_vol_a3.620,DAV,15,-29.2199665861,-4.3333e-06
DFT/dft_runs/Run_38_L12FeCo3_vol_a3.620,DAV,16,-29.2199682021,-1.616e-06
DFT/dft_runs/Run_38_L12FeCo3_vol_a3.620,DAV,17,-29.2199664849,1.7172e-06
DFT/dft_runs/Run_38_L12FeCo3_vol_a3.620,DAV,18,-29.2199660125,4.7235e-07
DFT/dft_runs/Run_39_L12FeCo3_vol_a3.660,DAV,1,322.56860358,322.57
DFT/dft_runs/Run_39_L12FeCo3_vol_a3.660,DAV,2,-11.4059847638,-333.97
DFT/dft_runs/Run_39_L12FeCo3_vol_a3.660,DAV,3,-32.7381923537,-21.332
DFT/dft_runs/Run_39_L12FeCo3_vol_a3.660,DAV,4,-33.2998175066,-0.56163
DFT/dft_runs/Run_39_L12FeCo3_vol_a3.660,DAV,5,-33.321101571,-0.021284
DFT/dft_runs/Run_39_L12FeCo3_vol_a3.660,DAV,6,-30.2102877454,3.1108
DFT/dft_runs/Run_39_L12FeCo3_vol_a3.660,DAV,7,-30.277036946,-0.066749
DFT/dft_runs/Run_39_L12FeCo3_vol_a3.660,DAV,8,-29.2150990319,1.0619
DFT/dft_runs/Run_39_L12FeCo3_vol_a3.660,DAV,9,-29.0974031955,0.1177
DFT/dft_runs/Run_39_L12FeCo3_vol_a3.660,DAV,10,-29.0865845436,0.010819
DFT/dft_runs/Run_39_L12FeCo3_vol_a3.660,DAV,11,-29.0865258056,5.8738e-05
DFT/dft_runs/Run_39_L12FeCo3_vol_a3.660,DAV,12,-29.0856032102,0.0009226
DFT/dft_runs/Run_39_L12FeCo3_vol_a3.660,DAV,13,-29.0856549837,-5.1774e-05
DFT/dft_runs/Run_39_L12FeCo3_vol_a3.660,DAV,14,-29.0856204449,3.4539e-05
DFT/dft_runs/Run_39_L12FeCo3_vol_a3.660,DAV,15,-29.0856327698,-1.2325e-05
DFT/dft_runs/Run_39_L12FeCo3_vol_a3.660,DAV,16,-29.0856321531,6.1668e-07
DFT/dft_runs/Run_40_L12FeCo3_vol_a3.700,DAV,1,323.485586996,323.49
DFT/dft_runs/Run_40_L12FeCo3_vol_a3.700,DAV,2,-11.3779176725,-334.86
DFT/dft_runs/Run_40_L12FeCo3_vol_a3.700,DAV,3,-32.536465592,-21.159
DFT/dft_runs/Run_40_L12FeCo3_vol_a3.700,DAV,4,-33.1001294539,-0.56366
DFT/dft_runs/Run_40_L12FeCo3_vol_a3.700,DAV,5,-33.1192537842,-0.019124
DFT/dft_runs/Run_40_L12FeCo3_vol_a3.700,DAV,6,-30.1285853285,2.9907
DFT/dft_runs/Run_40_L12FeCo3_vol_a3.700,DAV,7,-29.5312660716,0.59732
DFT/dft_runs/Run_40_L12FeCo3_vol_a3.700,DAV,8,-29.0721656448,0.4591
DFT/dft_runs/Run_40_L12FeCo3_vol_a3.700,DAV,9,-28.9242596321,0.14791
DFT/dft_runs/Run_40_L12FeCo3_vol_a3.700,DAV,10,-28.908568315,0.015691
DFT/dft_runs/Run_40_L12FeCo3_vol_a3.700,DAV,11,-28.9064591663,0.0021091
DFT/dft_runs/Run_40_L12FeCo3_vol_a3.700,DAV,12,-28.9065436052,-8.4439e-05
DFT/dft_runs/Run_40_L12FeCo3_vol_a3.700,DAV,13,-28.9065748635,-3.1258e-05
DFT/dft_runs/Run_40_L12FeCo3_vol_a3.700,DAV,14,-28.9065767777,-1.9142e-06
DFT/dft_runs/Run_40_L12FeCo3_vol_a3.700,DAV,15,-28.9065769102,-1.3259e-07
DFT/dft_runs/Run_43_L12FeCo3_Jij_FeCo/state1_pp,DAV,1,3581.00044524,3581.0
DFT/dft_runs/Run_43_L12FeCo3_Jij_FeCo/state1_pp,DAV,2,219.259350372,-3361.7
DFT/dft_runs/Run_43_L12FeCo3_Jij_FeCo/state1_pp,DAV,3,-245.089679071,-464.35
DFT/dft_runs/Run_43_L12FeCo3_Jij_FeCo/state1_pp,DAV,4,-267.814709174,-22.725
DFT/dft_runs/Run_43_L12FeCo3_Jij_FeCo/state1_pp,DAV,5,-268.330732894,-0.51602
DFT/dft_runs/Run_43_L12FeCo3_Jij_FeCo/state1_pp,RMM,6,-240.972885549,27.358
DFT/dft_runs/Run_43_L12FeCo3_Jij_FeCo/state1_pp,RMM,7,-242.382890458,-1.41
DFT/dft_runs/Run_43_L12FeCo3_Jij_FeCo/state1_pp,RMM,8,-240.268062979,2.1148
DFT/dft_runs/Run_43_L12FeCo3_Jij_FeCo/state1_pp,RMM,9,-234.327655486,5.9404
DFT/dft_runs/Run_43_L12FeCo3_Jij_FeCo/state1_pp,RMM,10,-234.313101967,0.014554
DFT/dft_runs/Run_43_L12FeCo3_Jij_FeCo/state1_pp,RMM,11,-234.417558801,-0.10446
DFT/dft_runs/Run_43_L12FeCo3_Jij_FeCo/state1_pp,RMM,12,-234.423685138,-0.0061263
DFT/dft_runs/Run_43_L12FeCo3_Jij_FeCo/state1_pp,RMM,13,-234.425796306,-0.0021112
DFT/dft_runs/Run_43_L12FeCo3_Jij_FeCo/state1_pp,RMM,14,-234.427687082,-0.0018908
DFT/dft_runs/Run_43_L12FeCo3_Jij_FeCo/state1_pp,RMM,15,-234.42771693,-2.9848e-05
DFT/dft_runs/Run_43_L12FeCo3_Jij_FeCo/state1_pp,RMM,16,-234.427800924,-8.3994e-05
DFT/dft_runs/Run_43_L12FeCo3_Jij_FeCo/state1_pp,RMM,17,-234.427805215,-4.2916e-06
DFT/dft_runs/Run_43_L12FeCo3_Jij_FeCo/state1_pp,RMM,18,-234.427807388,-2.1722e-06
DFT/dft_runs/Run_43_L12FeCo3_Jij_FeCo/state1_pp,RMM,19,-234.427811114,-3.7261e-06
DFT/dft_runs/Run_43_L12FeCo3_Jij_FeCo/state1_pp,RMM,20,-234.427811942,-8.2857e-07
DFT/dft_runs/Run_43_L12FeCo3_Jij_FeCo/state1_pp,RMM,21,-234.427812095,-1.5239e-07
DFT/dft_runs/Run_43_L12FeCo3_Jij_FeCo/state1_pp,RMM,22,-234.427812244,-1.4959e-07
DFT/dft_runs/Run_43_L12FeCo3_Jij_FeCo/state1_pp,RMM,23,-234.427812386,-1.4166e-07
DFT/dft_runs/Run_43_L12FeCo3_Jij_FeCo/state1_pp,RMM,24,-234.427812415,-2.9264e-08
DFT/dft_runs/Run_43_L12FeCo3_Jij_FeCo/state2_pm,DAV,1,3471.43000878,3471.4
DFT/dft_runs/Run_43_L12FeCo3_Jij_FeCo/state2_pm,DAV,2,224.278503555,-3247.2
DFT/dft_runs/Run_43_L12FeCo3_Jij_FeCo/state2_pm,DAV,3,-211.887501742,-436.17
DFT/dft_runs/Run_43_L12FeCo3_Jij_FeCo/state2_pm,DAV,4,-233.85986219,-21.972
DFT/dft_runs/Run_43_L12FeCo3_Jij_FeCo/state2_pm,DAV,5,-234.409877253,-0.55002
DFT/dft_runs/Run_43_L12FeCo3_Jij_FeCo/state2_pm,RMM,6,-234.42245826,-0.012581
DFT/dft_runs/Run_43_L12FeCo3_Jij_FeCo/state2_pm,RMM,7,-234.427008169,-0.0045499
DFT/dft_runs/Run_43_L12FeCo3_Jij_FeCo/state2_pm,RMM,8,-234.427607639,-0.00059947
DFT/dft_runs/Run_43_L12FeCo3_Jij_FeCo/state2_pm,RMM,9,-234.427776786,-0.00016915
DFT/dft_runs/Run_43_L12FeCo3_Jij_FeCo/state2_pm,RMM,10,-234.427799836,-2.305e-05
DFT/dft_runs/Run_43_L12FeCo3_Jij_FeCo/state2_pm,RMM,11,-234.427805751,-5.9144e-06
DFT/dft_runs/Run_43_L12FeCo3_Jij_FeCo/state2_pm,RMM,12,-234.427807249,-1.4984e-06
DFT/dft_runs/Run_43_L12FeCo3_Jij_FeCo/state2_pm,RMM,13,-234.427808847,-1.5976e-06
DFT/dft_runs/Run_43_L12FeCo3_Jij_FeCo/state2_pm,RMM,14,-234.427809977,-1.1306e-06
DFT/dft_runs/Run_43_L12FeCo3_Jij_FeCo/state2_pm,RMM,15,-234.427811078,-1.1009e-06
DFT/dft_runs/Run_43_L12FeCo3_Jij_FeCo/state2_pm,RMM,16,-234.427811821,-7.4252e-07
DFT/dft_runs/Run_43_L12FeCo3_Jij_FeCo/state2_pm,RMM,17,-234.427812956,-1.135e-06
DFT/dft_runs/Run_43_L12FeCo3_Jij_FeCo/state2_pm,RMM,18,-234.427812991,-3.4932e-08
DFT/dft_runs/Run_43_L12FeCo3_Jij_FeCo/state3_mp,DAV,1,3472.42710115,3472.4
DFT/dft_runs/Run_43_L12FeCo3_Jij_FeCo/state3_mp,DAV,2,223.807488081,-3248.6
DFT/dft_runs/Run_43_L12FeCo3_Jij_FeCo/state3_mp,DAV,3,-212.46157135,-436.27
DFT/dft_runs/Run_43_L12FeCo3_Jij_FeCo/state3_mp,DAV,4,-233.86092764,-21.399
DFT/dft_runs/Run_43_L12FeCo3_Jij_FeCo/state3_mp,DAV,5,-234.406954508,-0.54603
DFT/dft_runs/Run_43_L12FeCo3_Jij_FeCo/state3_mp,RMM,6,-234.421690683,-0.014736
DFT/dft_runs/Run_43_L12FeCo3_Jij_FeCo/state3_mp,RMM,7,-234.426888017,-0.0051973
DFT/dft_runs/Run_43_L12FeCo3_Jij_FeCo/state3_mp,RMM,8,-234.427558495,-0.00067048
DFT/dft_runs/Run_43_L12FeCo3_Jij_FeCo/state3_mp,RMM,9,-234.427766553,-0.00020806
DFT/dft_runs/Run_43_L12FeCo3_Jij_FeCo/state3_mp,RMM,10,-234.427795545,-2.8992e-05
DFT/dft_runs/Run_43_L12FeCo3_Jij_FeCo/state3_mp,RMM,11,-234.427803341,-7.7964e-06
DFT/dft_runs/Run_43_L12FeCo3_Jij_FeCo/state3_mp,RMM,12,-234.427805767,-2.426e-06
DFT/dft_runs/Run_43_L12FeCo3_Jij_FeCo/state3_mp,RMM,13,-234.427807474,-1.7069e-06
DFT/dft_runs/Run_43_L12FeCo3_Jij_FeCo/state3_mp,RMM,14,-234.427809319,-1.8443e-06
DFT/dft_runs/Run_43_L12FeCo3_Jij_FeCo/state3_mp,RMM,15,-234.427810375,-1.0564e-06
DFT/dft_runs/Run_43_L12FeCo3_Jij_FeCo/state3_mp,RMM,16,-234.427810855,-4.8016e-07
DFT/dft_runs/Run_43_L12FeCo3_Jij_FeCo/state3_mp,RMM,17,-234.427811717,-8.6208e-07
DFT/dft_runs/Run_43_L12FeCo3_Jij_FeCo/state3_mp,RMM,18,-234.427811885,-1.6755e-07
DFT/dft_runs/Run_43_L12FeCo3_Jij_FeCo/state3_mp,RMM,19,-234.427812197,-3.1253e-07
DFT/dft_runs/Run_43_L12FeCo3_Jij_FeCo/state3_mp,RMM,20,-234.427812303,-1.0555e-07
DFT/dft_runs/Run_43_L12FeCo3_Jij_FeCo/state4_mm,DAV,1,3476.08755474,3476.1
DFT/dft_runs/Run_43_L12FeCo3_Jij_FeCo/state4_mm,DAV,2,210.242380066,-3265.8
DFT/dft_runs/Run_43_L12FeCo3_Jij_FeCo/state4_mm,DAV,3,-212.655019332,-422.9
DFT/dft_runs/Run_43_L12FeCo3_Jij_FeCo/state4_mm,DAV,4,-233.849876487,-21.195
DFT/dft_runs/Run_43_L12FeCo3_Jij_FeCo/state4_mm,DAV,5,-234.404876654,-0.555
DFT/dft_runs/Run_43_L12FeCo3_Jij_FeCo/state4_mm,RMM,6,-234.419754563,-0.014878
DFT/dft_runs/Run_43_L12FeCo3_Jij_FeCo/state4_mm,RMM,7,-234.426593391,-0.0068388
DFT/dft_runs/Run_43_L12FeCo3_Jij_FeCo/state4_mm,RMM,8,-234.427589141,-0.00099575
DFT/dft_runs/Run_43_L12FeCo3_Jij_FeCo/state4_mm,RMM,9,-234.427756368,-0.00016723
DFT/dft_runs/Run_43_L12FeCo3_Jij_FeCo/state4_mm,RMM,10,-234.427796166,-3.9797e-05
DFT/dft_runs/Run_43_L12FeCo3_Jij_FeCo/state4_mm,RMM,11,-234.42780222,-6.0549e-06
DFT/dft_runs/Run_43_L12FeCo3_Jij_FeCo/state4_mm,RMM,12,-234.427804511,-2.291e-06
DFT/dft_runs/Run_43_L12FeCo3_Jij_FeCo/state4_mm,RMM,13,-234.427805072,-5.6055e-07
DFT/dft_runs/Run_43_L12FeCo3_Jij_FeCo/state4_mm,RMM,14,-234.427807367,-2.2947e-06
DFT/dft_runs/Run_43_L12FeCo3_Jij_FeCo/state4_mm,RMM,15,-234.427808925,-1.5586e-06
DFT/dft_runs/Run_43_L12FeCo3_Jij_FeCo/state4_mm,RMM,16,-234.427810602,-1.6771e-06
DFT/dft_runs/Run_43_L12FeCo3_Jij_FeCo/state4_mm,RMM,17,-234.427811354,-7.517e-07
DFT/dft_runs/Run_43_L12FeCo3_Jij_FeCo/state4_mm,RMM,18,-234.427811982,-6.2788e-07
DFT/dft_runs/Run_43_L12FeCo3_Jij_FeCo/state4_mm,RMM,19,-234.427812081,-9.8742e-08
DFT/dft_runs/Run_44_L12FeCo3_Jij_CoCo/state1_pp,DAV,1,3581.00044524,3581.0
DFT/dft_runs/Run_44_L12FeCo3_Jij_CoCo/state1_pp,DAV,2,219.25935037,-3361.7
DFT/dft_runs/Run_44_L12FeCo3_Jij_CoCo/state1_pp,DAV,3,-245.089679071,-464.35
DFT/dft_runs/Run_44_L12FeCo3_Jij_CoCo/state1_pp,DAV,4,-267.814709173,-22.725
DFT/dft_runs/Run_44_L12FeCo3_Jij_CoCo/state1_pp,DAV,5,-268.330732892,-0.51602
DFT/dft_runs/Run_44_L12FeCo3_Jij_CoCo/state1_pp,RMM,6,-240.972885549,27.358
DFT/dft_runs/Run_44_L12FeCo3_Jij_CoCo/state1_pp,RMM,7,-242.382890458,-1.41
DFT/dft_runs/Run_44_L12FeCo3_Jij_CoCo/state1_pp,RMM,8,-240.268062979,2.1148
DFT/dft_runs/Run_44_L12FeCo3_Jij_CoCo/state1_pp,RMM,9,-234.327655487,5.9404
DFT/dft_runs/Run_44_L12FeCo3_Jij_CoCo/state1_pp,RMM,10,-234.313101967,0.014554
DFT/dft_runs/Run_44_L12FeCo3_Jij_CoCo/state1_pp,RMM,11,-234.4175588,-0.10446
DFT/dft_runs/Run_44_L12FeCo3_Jij_CoCo/state1_pp,RMM,12,-234.423685139,-0.0061263
DFT/dft_runs/Run_44_L12FeCo3_Jij_CoCo/state1_pp,RMM,13,-234.425796266,-0.0021111
DFT/dft_runs/Run_44_L12FeCo3_Jij_CoCo/state1_pp,RMM,14,-234.427687074,-0.0018908
DFT/dft_runs/Run_44_L12FeCo3_Jij_CoCo/state1_pp,RMM,15,-234.427716929,-2.9855e-05
DFT/dft_runs/Run_44_L12FeCo3_Jij_CoCo/state1_pp,RMM,16,-234.427800927,-8.3998e-05
DFT/dft_runs/Run_44_L12FeCo3_Jij_CoCo/state1_pp,RMM,17,-234.427805215,-4.2882e-06
DFT/dft_runs/Run_44_L12FeCo3_Jij_CoCo/state1_pp,RMM,18,-234.427807386,-2.1707e-06
DFT/dft_runs/Run_44_L12FeCo3_Jij_CoCo/state1_pp,RMM,19,-234.427811112,-3.7259e-06
DFT/dft_runs/Run_44_L12FeCo3_Jij_CoCo/state1_pp,RMM,20,-234.427811943,-8.3107e-07
DFT/dft_runs/Run_44_L12FeCo3_Jij_CoCo/state1_pp,RMM,21,-234.427812095,-1.5214e-07
DFT/dft_runs/Run_44_L12FeCo3_Jij_CoCo/state1_pp,RMM,22,-234.427812245,-1.4998e-07
DFT/dft_runs/Run_44_L12FeCo3_Jij_CoCo/state1_pp,RMM,23,-234.427812385,-1.4019e-07
DFT/dft_runs/Run_44_L12FeCo3_Jij_CoCo/state1_pp,RMM,24,-234.427812414,-2.906e-08
DFT/dft_runs/Run_44_L12FeCo3_Jij_CoCo/state2_pm,DAV,1,3467.63769463,3467.6
DFT/dft_runs/Run_44_L12FeCo3_Jij_CoCo/state2_pm,DAV,2,223.197648563,-3244.4
DFT/dft_runs/Run_44_L12FeCo3_Jij_CoCo/state2_pm,DAV,3,-212.010925611,-435.21
DFT/dft_runs/Run_44_L12FeCo3_Jij_CoCo/state2_pm,DAV,4,-233.858000843,-21.847
DFT/dft_runs/Run_44_L12FeCo3_Jij_CoCo/state2_pm,DAV,5,-234.411712402,-0.55371
DFT/dft_runs/Run_44_L12FeCo3_Jij_CoCo/state2_pm,RMM,6,-234.423021045,-0.011309
DFT/dft_runs/Run_44_L12FeCo3_Jij_CoCo/state2_pm,RMM,7,-234.427082352,-0.0040613
DFT/dft_runs/Run_44_L12FeCo3_Jij_CoCo/state2_pm,RMM,8,-234.427645719,-0.00056337
DFT/dft_runs/Run_44_L12FeCo3_Jij_CoCo/state2_pm,RMM,9,-234.42778219,-0.00013647
DFT/dft_runs/Run_44_L12FeCo3_Jij_CoCo/state2_pm,RMM,10,-234.427801326,-1.9136e-05
DFT/dft_runs/Run_44_L12FeCo3_Jij_CoCo/state2_pm,RMM,11,-234.42780615,-4.824e-06
DFT/dft_runs/Run_44_L12FeCo3_Jij_CoCo/state2_pm,RMM,12,-234.427807545,-1.3944e-06
DFT/dft_runs/Run_44_L12FeCo3_Jij_CoCo/state2_pm,RMM,13,-234.427808674,-1.1298e-06
DFT/dft_runs/Run_44_L12FeCo3_Jij_CoCo/state2_pm,RMM,14,-234.427809463,-7.889e-07
DFT/dft_runs/Run_44_L12FeCo3_Jij_CoCo/state2_pm,RMM,15,-234.427810511,-1.0481e-06
DFT/dft_runs/Run_44_L12FeCo3_Jij_CoCo/state2_pm,RMM,16,-234.427811097,-5.8563e-07
DFT/dft_runs/Run_44_L12FeCo3_Jij_CoCo/state2_pm,RMM,17,-234.427812244,-1.1472e-06
DFT/dft_runs/Run_44_L12FeCo3_Jij_CoCo/state2_pm,RMM,18,-234.427812303,-5.9066e-08
DFT/dft_runs/Run_44_L12FeCo3_Jij_CoCo/state3_mp,DAV,1,3471.43000894,3471.4
DFT/dft_runs/Run_44_L12FeCo3_Jij_CoCo/state3_mp,DAV,2,224.278503578,-3247.2
DFT/dft_runs/Run_44_L12FeCo3_Jij_CoCo/state3_mp,DAV,3,-211.887501743,-436.17
DFT/dft_runs/Run_44_L12FeCo3_Jij_CoCo/state3_mp,DAV,4,-233.85986219,-21.972
DFT/dft_runs/Run_44_L12FeCo3_Jij_CoCo/state3_mp,DAV,5,-234.409877253,-0.55002
DFT/dft_runs/Run_44_L12FeCo3_Jij_CoCo/state3_mp,RMM,6,-234.422458262,-0.012581
DFT/dft_runs/Run_44_L12FeCo3_Jij_CoCo/state3_mp,RMM,7,-234.42700817,-0.0045499
DFT/dft_runs/Run_44_L12FeCo3_Jij_CoCo/state3_mp,RMM,8,-234.427607635,-0.00059947
DFT/dft_runs/Run_44_L12FeCo3_Jij_CoCo/state3_mp,RMM,9,-234.427776787,-0.00016915
DFT/dft_runs/Run_44_L12FeCo3_Jij_CoCo/state3_mp,RMM,10,-234.427799836,-2.3049e-05
DFT/dft_runs/Run_44_L12FeCo3_Jij_CoCo/state3_mp,RMM,11,-234.427805749,-5.9126e-06
DFT/dft_runs/Run_44_L12FeCo3_Jij_CoCo/state3_mp,RMM,12,-234.427807248,-1.4997e-06
DFT/dft_runs/Run_44_L12FeCo3_Jij_CoCo/state3_mp,RMM,13,-234.427808846,-1.5976e-06
DFT/dft_runs/Run_44_L12FeCo3_Jij_CoCo/state3_mp,RMM,14,-234.427809978,-1.1318e-06
DFT/dft_runs/Run_44_L12FeCo3_Jij_CoCo/state3_mp,RMM,15,-234.42781108,-1.1022e-06
DFT/dft_runs/Run_44_L12FeCo3_Jij_CoCo/state3_mp,RMM,16,-234.427811821,-7.4069e-07
DFT/dft_runs/Run_44_L12FeCo3_Jij_CoCo/state3_mp,RMM,17,-234.427812957,-1.1361e-06
DFT/dft_runs/Run_44_L12FeCo3_Jij_CoCo/state3_mp,RMM,18,-234.427812991,-3.4437e-08
DFT/dft_runs/Run_44_L12FeCo3_Jij_CoCo/state4_mm,DAV,1,3477.79726538,3477.8
DFT/dft_runs/Run_44_L12FeCo3_Jij_CoCo/state4_mm,DAV,2,210.56503264,-3267.2
DFT/dft_runs/Run_44_L12FeCo3_Jij_CoCo/state4_mm,DAV,3,-212.591240056,-423.16
DFT/dft_runs/Run_44_L12FeCo3_Jij_CoCo/state4_mm,DAV,4,-233.848642355,-21.257
DFT/dft_runs/Run_44_L12FeCo3_Jij_CoCo/state4_mm,DAV,5,-234.403235672,-0.55459
DFT/dft_runs/Run_44_L12FeCo3_Jij_CoCo/state4_mm,RMM,6,-234.419144665,-0.015909
DFT/dft_runs/Run_44_L12FeCo3_Jij_CoCo/state4_mm,RMM,7,-234.426511424,-0.0073668
DFT/dft_runs/Run_44_L12FeCo3_Jij_CoCo/state4_mm,RMM,8,-234.42756148,-0.0010501
DFT/dft_runs/Run_44_L12FeCo3_Jij_CoCo/state4_mm,RMM,9,-234.427748301,-0.00018682
DFT/dft_runs/Run_44_L12FeCo3_Jij_CoCo/state4_mm,RMM,10,-234.4277927,-4.4399e-05
DFT/dft_runs/Run_44_L12FeCo3_Jij_CoCo/state4_mm,RMM,11,-234.427799589,-6.8889e-06
DFT/dft_runs/Run_44_L12FeCo3_Jij_CoCo/state4_mm,RMM,12,-234.427802179,-2.5904e-06
DFT/dft_runs/Run_44_L12FeCo3_Jij_CoCo/state4_mm,RMM,13,-234.427802841,-6.6246e-07
DFT/dft_runs/Run_44_L12FeCo3_Jij_CoCo/state4_mm,RMM,14,-234.427805625,-2.784e-06
DFT/dft_runs/Run_44_L12FeCo3_Jij_CoCo/state4_mm,RMM,15,-234.427807058,-1.4326e-06
DFT/dft_runs/Run_44_L12FeCo3_Jij_CoCo/state4_mm,RMM,16,-234.427808859,-1.8006e-06
DFT/dft_runs/Run_44_L12FeCo3_Jij_CoCo/state4_mm,RMM,17,-234.427809959,-1.1002e-06
DFT/dft_runs/Run_44_L12FeCo3_Jij_CoCo/state4_mm,RMM,18,-234.427810615,-6.5636e-07
DFT/dft_runs/Run_44_L12FeCo3_Jij_CoCo/state4_mm,RMM,19,-234.427810809,-1.9389e-07
DFT/dft_runs/Run_44_L12FeCo3_Jij_CoCo/state4_mm,RMM,20,-234.427810966,-1.5732e-07
DFT/dft_runs/Run_45_SQS_cand1_Fe46Co34Ni10Mn4Al2Si5_BCC,DAV,1,9224.16438856,9224.2
DFT/dft_runs/Run_45_SQS_cand1_Fe46Co34Ni10Mn4Al2Si5_BCC,DAV,2,946.613988735,-8277.6
DFT/dft_runs/Run_45_SQS_cand1_Fe46Co34Ni10Mn4Al2Si5_BCC,DAV,3,-347.64721563,-1294.3
DFT/dft_runs/Run_45_SQS_cand1_Fe46Co34Ni10Mn4Al2Si5_BCC,DAV,4,-453.414014303,-105.77
DFT/dft_runs/Run_45_SQS_cand1_Fe46Co34Ni10Mn4Al2Si5_BCC,DAV,5,-456.475795629,-3.0618
DFT/dft_runs/Run_45_SQS_cand1_Fe46Co34Ni10Mn4Al2Si5_BCC,DAV,6,-449.385642514,7.0902
DFT/dft_runs/Run_45_SQS_cand1_Fe46Co34Ni10Mn4Al2Si5_BCC,DAV,7,-496.168381789,-46.783
DFT/dft_runs/Run_45_SQS_cand1_Fe46Co34Ni10Mn4Al2Si5_BCC,DAV,8,-439.375855273,56.793
DFT/dft_runs/Run_45_SQS_cand1_Fe46Co34Ni10Mn4Al2Si5_BCC,DAV,9,-402.824899763,36.551
DFT/dft_runs/Run_45_SQS_cand1_Fe46Co34Ni10Mn4Al2Si5_BCC,DAV,10,-434.703858024,-31.879
DFT/dft_runs/Run_45_SQS_cand1_Fe46Co34Ni10Mn4Al2Si5_BCC,DAV,11,-402.224466576,32.479
DFT/dft_runs/Run_45_SQS_cand1_Fe46Co34Ni10Mn4Al2Si5_BCC,DAV,12,-399.923808231,2.3007
DFT/dft_runs/Run_45_SQS_cand1_Fe46Co34Ni10Mn4Al2Si5_BCC,DAV,13,-400.942366885,-1.0186
DFT/dft_runs/Run_45_SQS_cand1_Fe46Co34Ni10Mn4Al2Si5_BCC,DAV,14,-399.941290259,1.0011
DFT/dft_runs/Run_45_SQS_cand1_Fe46Co34Ni10Mn4Al2Si5_BCC,DAV,15,-400.433523111,-0.49223
DFT/dft_runs/Run_45_SQS_cand1_Fe46Co34Ni10Mn4Al2Si5_BCC,DAV,16,-400.494574366,-0.061051
DFT/dft_runs/Run_45_SQS_cand1_Fe46Co34Ni10Mn4Al2Si5_BCC,DAV,17,-400.328438673,0.16614
DFT/dft_runs/Run_45_SQS_cand1_Fe46Co34Ni10Mn4Al2Si5_BCC,DAV,18,-400.721757267,-0.39332
DFT/dft_runs/Run_45_SQS_cand1_Fe46Co34Ni10Mn4Al2Si5_BCC,DAV,19,-400.703512978,0.018244
DFT/dft_runs/Run_45_SQS_cand1_Fe46Co34Ni10Mn4Al2Si5_BCC,DAV,20,-400.972561642,-0.26905
DFT/dft_runs/Run_45_SQS_cand1_Fe46Co34Ni10Mn4Al2Si5_BCC,DAV,21,-400.989007422,-0.016446
DFT/dft_runs/Run_45_SQS_cand1_Fe46Co34Ni10Mn4Al2Si5_BCC,DAV,22,-401.034484069,-0.045477
DFT/dft_runs/Run_45_SQS_cand1_Fe46Co34Ni10Mn4Al2Si5_BCC,DAV,23,-401.093576396,-0.059092
DFT/dft_runs/Run_45_SQS_cand1_Fe46Co34Ni10Mn4Al2Si5_BCC,DAV,24,-401.107635048,-0.014059
DFT/dft_runs/Run_45_SQS_cand1_Fe46Co34Ni10Mn4Al2Si5_BCC,DAV,25,-401.195615572,-0.087981
DFT/dft_runs/Run_45_SQS_cand1_Fe46Co34Ni10Mn4Al2Si5_BCC,DAV,26,-401.274714465,-0.079099
DFT/dft_runs/Run_45_SQS_cand1_Fe46Co34Ni10Mn4Al2Si5_BCC,DAV,27,-401.439442679,-0.16473
DFT/dft_runs/Run_45_SQS_cand1_Fe46Co34Ni10Mn4Al2Si5_BCC,DAV,28,-401.347860353,0.091582
DFT/dft_runs/Run_45_SQS_cand1_Fe46Co34Ni10Mn4Al2Si5_BCC,DAV,29,-401.367002032,-0.019142
DFT/dft_runs/Run_45_SQS_cand1_Fe46Co34Ni10Mn4Al2Si5_BCC,DAV,30,-401.33061051,0.036392
DFT/dft_runs/Run_45_SQS_cand1_Fe46Co34Ni10Mn4Al2Si5_BCC,DAV,31,-401.332945729,-0.0023352
DFT/dft_runs/Run_45_SQS_cand1_Fe46Co34Ni10Mn4Al2Si5_BCC,DAV,32,-401.329119806,0.0038259
DFT/dft_runs/Run_45_SQS_cand1_Fe46Co34Ni10Mn4Al2Si5_BCC,DAV,33,-401.328750559,0.00036925
DFT/dft_runs/Run_45_SQS_cand1_Fe46Co34Ni10Mn4Al2Si5_BCC,DAV,34,-401.328434015,0.00031654
DFT/dft_runs/Run_45_SQS_cand1_Fe46Co34Ni10Mn4Al2Si5_BCC,DAV,35,-401.327811258,0.00062276
DFT/dft_runs/Run_45_SQS_cand1_Fe46Co34Ni10Mn4Al2Si5_BCC,DAV,36,-401.328131863,-0.00032061
DFT/dft_runs/Run_45_SQS_cand1_Fe46Co34Ni10Mn4Al2Si5_BCC,DAV,37,-401.327794183,0.00033768
DFT/dft_runs/Run_45_SQS_cand1_Fe46Co34Ni10Mn4Al2Si5_BCC,DAV,38,-401.327979215,-0.00018503
DFT/dft_runs/Run_45_SQS_cand1_Fe46Co34Ni10Mn4Al2Si5_BCC,DAV,39,-401.327832339,0.00014688
DFT/dft_runs/Run_45_SQS_cand1_Fe46Co34Ni10Mn4Al2Si5_BCC,DAV,40,-401.327848327,-1.5988e-05
DFT/dft_runs/Run_45_SQS_cand1_Fe46Co34Ni10Mn4Al2Si5_BCC,DAV,41,-401.327815126,3.3201e-05
DFT/dft_runs/Run_45_SQS_cand1_Fe46Co34Ni10Mn4Al2Si5_BCC,DAV,42,-401.327815919,-7.9296e-07
DFT/dft_runs/Run_45_SQS_cand1_Fe46Co34Ni10Mn4Al2Si5_BCC,DAV,43,-401.327812155,3.7642e-06
DFT/dft_runs/Run_45_SQS_cand1_Fe46Co34Ni10Mn4Al2Si5_BCC,DAV,44,-401.327812785,-6.2961e-07
DFT/dft_runs/Run_46_SQS_cand1_Fe46Co34Ni10Mn4Al2Si5_FCC,DAV,1,18823.2753739,18823.0
DFT/dft_runs/Run_46_SQS_cand1_Fe46Co34Ni10Mn4Al2Si5_FCC,DAV,2,2025.503302,-16798.0
DFT/dft_runs/Run_46_SQS_cand1_Fe46Co34Ni10Mn4Al2Si5_FCC,DAV,3,-680.650038153,-2706.2
DFT/dft_runs/Run_46_SQS_cand1_Fe46Co34Ni10Mn4Al2Si5_FCC,DAV,4,-908.80913553,-228.16
DFT/dft_runs/Run_46_SQS_cand1_Fe46Co34Ni10Mn4Al2Si5_FCC,DAV,5,-915.547594382,-6.7385
DFT/dft_runs/Run_46_SQS_cand1_Fe46Co34Ni10Mn4Al2Si5_FCC,DAV,6,-872.297714519,43.25
DFT/dft_runs/Run_46_SQS_cand1_Fe46Co34Ni10Mn4Al2Si5_FCC,DAV,7,-1064.96394584,-192.67
DFT/dft_runs/Run_46_SQS_cand1_Fe46Co34Ni10Mn4Al2Si5_FCC,DAV,8,-873.464157077,191.5
DFT/dft_runs/Run_46_SQS_cand1_Fe46Co34Ni10Mn4Al2Si5_FCC,DAV,9,-816.122327929,57.342
DFT/dft_runs/Run_46_SQS_cand1_Fe46Co34Ni10Mn4Al2Si5_FCC,DAV,10,-887.887054414,-71.765
DFT/dft_runs/Run_46_SQS_cand1_Fe46Co34Ni10Mn4Al2Si5_FCC,DAV,11,-805.190334266,82.697
DFT/dft_runs/Run_46_SQS_cand1_Fe46Co34Ni10Mn4Al2Si5_FCC,DAV,12,-792.392915629,12.797
DFT/dft_runs/Run_46_SQS_cand1_Fe46Co34Ni10Mn4Al2Si5_FCC,DAV,13,-795.666007607,-3.2731
DFT/dft_runs/Run_46_SQS_cand1_Fe46Co34Ni10Mn4Al2Si5_FCC,DAV,14,-793.200699208,2.4653
DFT/dft_runs/Run_46_SQS_cand1_Fe46Co34Ni10Mn4Al2Si5_FCC,DAV,15,-792.702216323,0.49848
DFT/dft_runs/Run_46_SQS_cand1_Fe46Co34Ni10Mn4Al2Si5_FCC,DAV,16,-793.203525915,-0.50131
DFT/dft_runs/Run_46_SQS_cand1_Fe46Co34Ni10Mn4Al2Si5_FCC,DAV,17,-793.435681041,-0.23216
DFT/dft_runs/Run_46_SQS_cand1_Fe46Co34Ni10Mn4Al2Si5_FCC,DAV,18,-794.08352067,-0.64784
DFT/dft_runs/Run_46_SQS_cand1_Fe46Co34Ni10Mn4Al2Si5_FCC,DAV,19,-794.383516422,-0.3
DFT/dft_runs/Run_46_SQS_cand1_Fe46Co34Ni10Mn4Al2Si5_FCC,DAV,20,-794.948964359,-0.56545
DFT/dft_runs/Run_46_SQS_cand1_Fe46Co34Ni10Mn4Al2Si5_FCC,DAV,21,-796.010096716,-1.0611
DFT/dft_runs/Run_46_SQS_cand1_Fe46Co34Ni10Mn4Al2Si5_FCC,DAV,22,-795.740542296,0.26955
DFT/dft_runs/Run_46_SQS_cand1_Fe46Co34Ni10Mn4Al2Si5_FCC,DAV,23,-796.365763572,-0.62522
DFT/dft_runs/Run_46_SQS_cand1_Fe46Co34Ni10Mn4Al2Si5_FCC,DAV,24,-796.673947178,-0.30818
DFT/dft_runs/Run_46_SQS_cand1_Fe46Co34Ni10Mn4Al2Si5_FCC,DAV,25,-796.777418758,-0.10347
DFT/dft_runs/Run_46_SQS_cand1_Fe46Co34Ni10Mn4Al2Si5_FCC,DAV,26,-797.21063706,-0.43322
DFT/dft_runs/Run_46_SQS_cand1_Fe46Co34Ni10Mn4Al2Si5_FCC,DAV,27,-797.038783881,0.17185
DFT/dft_runs/Run_46_SQS_cand1_Fe46Co34Ni10Mn4Al2Si5_FCC,DAV,28,-797.183141653,-0.14436
DFT/dft_runs/Run_46_SQS_cand1_Fe46Co34Ni10Mn4Al2Si5_FCC,DAV,29,-797.221825938,-0.038684
DFT/dft_runs/Run_46_SQS_cand1_Fe46Co34Ni10Mn4Al2Si5_FCC,DAV,30,-797.212607643,0.0092183
DFT/dft_runs/Run_46_SQS_cand1_Fe46Co34Ni10Mn4Al2Si5_FCC,DAV,31,-797.36529712,-0.15269
DFT/dft_runs/Run_46_SQS_cand1_Fe46Co34Ni10Mn4Al2Si5_FCC,DAV,32,-797.313426314,0.051871
DFT/dft_runs/Run_46_SQS_cand1_Fe46Co34Ni10Mn4Al2Si5_FCC,DAV,33,-797.381088586,-0.067662
DFT/dft_runs/Run_46_SQS_cand1_Fe46Co34Ni10Mn4Al2Si5_FCC,DAV,34,-797.319037457,0.062051
DFT/dft_runs/Run_46_SQS_cand1_Fe46Co34Ni10Mn4Al2Si5_FCC,DAV,35,-797.343562194,-0.024525
DFT/dft_runs/Run_46_SQS_cand1_Fe46Co34Ni10Mn4Al2Si5_FCC,DAV,36,-797.33073339,0.012829
DFT/dft_runs/Run_46_SQS_cand1_Fe46Co34Ni10Mn4Al2Si5_FCC,DAV,37,-797.328678817,0.0020546
DFT/dft_runs/Run_46_SQS_cand1_Fe46Co34Ni10Mn4Al2Si5_FCC,DAV,38,-797.332233302,-0.0035545
DFT/dft_runs/Run_46_SQS_cand1_Fe46Co34Ni10Mn4Al2Si5_FCC,DAV,39,-797.329983339,0.00225
DFT/dft_runs/Run_46_SQS_cand1_Fe46Co34Ni10Mn4Al2Si5_FCC,DAV,40,-797.333515284,-0.0035319
DFT/dft_runs/Run_46_SQS_cand1_Fe46Co34Ni10Mn4Al2Si5_FCC,DAV,41,-797.332686343,0.00082894
DFT/dft_runs/Run_46_SQS_cand1_Fe46Co34Ni10Mn4Al2Si5_FCC,DAV,42,-797.332912165,-0.00022582
DFT/dft_runs/Run_46_SQS_cand1_Fe46Co34Ni10Mn4Al2Si5_FCC,DAV,43,-797.331879888,0.0010323
DFT/dft_runs/Run_46_SQS_cand1_Fe46Co34Ni10Mn4Al2Si5_FCC,DAV,44,-797.330717591,0.0011623
DFT/dft_runs/Run_46_SQS_cand1_Fe46Co34Ni10Mn4Al2Si5_FCC,DAV,45,-797.325976914,0.0047407
DFT/dft_runs/Run_46_SQS_cand1_Fe46Co34Ni10Mn4Al2Si5_FCC,DAV,46,-797.325023429,0.00095349
DFT/dft_runs/Run_46_SQS_cand1_Fe46Co34Ni10Mn4Al2Si5_FCC,DAV,47,-797.323737542,0.0012859
DFT/dft_runs/Run_46_SQS_cand1_Fe46Co34Ni10Mn4Al2Si5_FCC,DAV,48,-797.323577997,0.00015954
DFT/dft_runs/Run_46_SQS_cand1_Fe46Co34Ni10Mn4Al2Si5_FCC,DAV,49,-797.322759238,0.00081876
DFT/dft_runs/Run_46_SQS_cand1_Fe46Co34Ni10Mn4Al2Si5_FCC,DAV,50,-797.322681488,7.775e-05
DFT/dft_runs/Run_46_SQS_cand1_Fe46Co34Ni10Mn4Al2Si5_FCC,DAV,51,-797.322737759,-5.6271e-05
DFT/dft_runs/Run_46_SQS_cand1_Fe46Co34Ni10Mn4Al2Si5_FCC,DAV,52,-797.322650365,8.7394e-05
DFT/dft_runs/Run_46_SQS_cand1_Fe46Co34Ni10Mn4Al2Si5_FCC,DAV,53,-797.322786617,-0.00013625
DFT/dft_runs/Run_46_SQS_cand1_Fe46Co34Ni10Mn4Al2Si5_FCC,DAV,54,-797.32266711,0.00011951
DFT/dft_runs/Run_46_SQS_cand1_Fe46Co34Ni10Mn4Al2Si5_FCC,DAV,55,-797.32274689,-7.978e-05
DFT/dft_runs/Run_46_SQS_cand1_Fe46Co34Ni10Mn4Al2Si5_FCC,DAV,56,-797.322681099,6.579e-05
DFT/dft_runs/Run_46_SQS_cand1_Fe46Co34Ni10Mn4Al2Si5_FCC,DAV,57,-797.322686998,-5.8985e-06
DFT/dft_runs/Run_46_SQS_cand1_Fe46Co34Ni10Mn4Al2Si5_FCC,DAV,58,-797.322679461,7.5367e-06
DFT/dft_runs/Run_46_SQS_cand1_Fe46Co34Ni10Mn4Al2Si5_FCC,DAV,59,-797.322678219,1.2422e-06
DFT/dft_runs/Run_46_SQS_cand1_Fe46Co34Ni10Mn4Al2Si5_FCC,DAV,60,-797.322676318,1.9004e-06
DFT/dft_runs/Run_46_SQS_cand1_Fe46Co34Ni10Mn4Al2Si5_FCC,DAV,61,-797.32267795,-1.6316e-06
DFT/dft_runs/Run_46_SQS_cand1_Fe46Co34Ni10Mn4Al2Si5_FCC,DAV,62,-797.322675346,2.6039e-06
DFT/dft_runs/Run_46_SQS_cand1_Fe46Co34Ni10Mn4Al2Si5_FCC,DAV,63,-797.322675373,-2.6659e-08
DFT/dft_runs/Run_47_SQS_cand2_Fe38Co40Ni5Mn1Al1Si14_BCC,DAV,1,7965.13424421,7965.1
DFT/dft_runs/Run_47_SQS_cand2_Fe38Co40Ni5Mn1Al1Si14_BCC,DAV,2,794.431791595,-7170.7
DFT/dft_runs/Run_47_SQS_cand2_Fe38Co40Ni5Mn1Al1Si14_BCC,DAV,3,-346.777069515,-1141.2
DFT/dft_runs/Run_47_SQS_cand2_Fe38Co40Ni5Mn1Al1Si14_BCC,DAV,4,-445.522788119,-98.746
DFT/dft_runs/Run_47_SQS_cand2_Fe38Co40Ni5Mn1Al1Si14_BCC,DAV,5,-448.828465269,-3.3057
DFT/dft_runs/Run_47_SQS_cand2_Fe38Co40Ni5Mn1Al1Si14_BCC,DAV,6,-440.715186961,8.1133
DFT/dft_runs/Run_47_SQS_cand2_Fe38Co40Ni5Mn1Al1Si14_BCC,DAV,7,-500.27924806,-59.564
DFT/dft_runs/Run_47_SQS_cand2_Fe38Co40Ni5Mn1Al1Si14_BCC,DAV,8,-423.774928325,76.504
DFT/dft_runs/Run_47_SQS_cand2_Fe38Co40Ni5Mn1Al1Si14_BCC,DAV,9,-397.478507703,26.296
DFT/dft_runs/Run_47_SQS_cand2_Fe38Co40Ni5Mn1Al1Si14_BCC,DAV,10,-410.628666835,-13.15
DFT/dft_runs/Run_47_SQS_cand2_Fe38Co40Ni5Mn1Al1Si14_BCC,DAV,11,-397.248405349,13.38
DFT/dft_runs/Run_47_SQS_cand2_Fe38Co40Ni5Mn1Al1Si14_BCC,DAV,12,-395.713496823,1.5349
DFT/dft_runs/Run_47_SQS_cand2_Fe38Co40Ni5Mn1Al1Si14_BCC,DAV,13,-395.545598408,0.1679
DFT/dft_runs/Run_47_SQS_cand2_Fe38Co40Ni5Mn1Al1Si14_BCC,DAV,14,-395.3999416,0.14566
DFT/dft_runs/Run_47_SQS_cand2_Fe38Co40Ni5Mn1Al1Si14_BCC,DAV,15,-395.705748319,-0.30581
DFT/dft_runs/Run_47_SQS_cand2_Fe38Co40Ni5Mn1Al1Si14_BCC,DAV,16,-395.502113503,0.20363
DFT/dft_runs/Run_47_SQS_cand2_Fe38Co40Ni5Mn1Al1Si14_BCC,DAV,17,-395.873364249,-0.37125
DFT/dft_runs/Run_47_SQS_cand2_Fe38Co40Ni5Mn1Al1Si14_BCC,DAV,18,-395.853073868,0.02029
DFT/dft_runs/Run_47_SQS_cand2_Fe38Co40Ni5Mn1Al1Si14_BCC,DAV,19,-396.076799768,-0.22373
DFT/dft_runs/Run_47_SQS_cand2_Fe38Co40Ni5Mn1Al1Si14_BCC,DAV,20,-395.996969965,0.07983
DFT/dft_runs/Run_47_SQS_cand2_Fe38Co40Ni5Mn1Al1Si14_BCC,DAV,21,-395.879522593,0.11745
DFT/dft_runs/Run_47_SQS_cand2_Fe38Co40Ni5Mn1Al1Si14_BCC,DAV,22,-395.951568281,-0.072046
DFT/dft_runs/Run_47_SQS_cand2_Fe38Co40Ni5Mn1Al1Si14_BCC,DAV,23,-395.933215963,0.018352
DFT/dft_runs/Run_47_SQS_cand2_Fe38Co40Ni5Mn1Al1Si14_BCC,DAV,24,-395.966695129,-0.033479
DFT/dft_runs/Run_47_SQS_cand2_Fe38Co40Ni5Mn1Al1Si14_BCC,DAV,25,-395.958780741,0.0079144
DFT/dft_runs/Run_47_SQS_cand2_Fe38Co40Ni5Mn1Al1Si14_BCC,DAV,26,-395.938907014,0.019874
DFT/dft_runs/Run_47_SQS_cand2_Fe38Co40Ni5Mn1Al1Si14_BCC,DAV,27,-395.944684536,-0.0057775
DFT/dft_runs/Run_47_SQS_cand2_Fe38Co40Ni5Mn1Al1Si14_BCC,DAV,28,-395.938925159,0.0057594
DFT/dft_runs/Run_47_SQS_cand2_Fe38Co40Ni5Mn1Al1Si14_BCC,DAV,29,-395.940564803,-0.0016396
DFT/dft_runs/Run_47_SQS_cand2_Fe38Co40Ni5Mn1Al1Si14_BCC,DAV,30,-395.939304495,0.0012603
DFT/dft_runs/Run_47_SQS_cand2_Fe38Co40Ni5Mn1Al1Si14_BCC,DAV,31,-395.938968831,0.00033566
DFT/dft_runs/Run_47_SQS_cand2_Fe38Co40Ni5Mn1Al1Si14_BCC,DAV,32,-395.93919319,-0.00022436
DFT/dft_runs/Run_47_SQS_cand2_Fe38Co40Ni5Mn1Al1Si14_BCC,DAV,33,-395.938916027,0.00027716
DFT/dft_runs/Run_47_SQS_cand2_Fe38Co40Ni5Mn1Al1Si14_BCC,DAV,34,-395.938950107,-3.408e-05
DFT/dft_runs/Run_47_SQS_cand2_Fe38Co40Ni5Mn1Al1Si14_BCC,DAV,35,-395.938903662,4.6445e-05
DFT/dft_runs/Run_47_SQS_cand2_Fe38Co40Ni5Mn1Al1Si14_BCC,DAV,36,-395.938908579,-4.9169e-06
DFT/dft_runs/Run_47_SQS_cand2_Fe38Co40Ni5Mn1Al1Si14_BCC,DAV,37,-395.938902524,6.0551e-06
DFT/dft_runs/Run_47_SQS_cand2_Fe38Co40Ni5Mn1Al1Si14_BCC,DAV,38,-395.938898,4.5236e-06
DFT/dft_runs/Run_47_SQS_cand2_Fe38Co40Ni5Mn1Al1Si14_BCC,DAV,39,-395.938899687,-1.6866e-06
DFT/dft_runs/Run_47_SQS_cand2_Fe38Co40Ni5Mn1Al1Si14_BCC,DAV,40,-395.938896367,3.3203e-06
DFT/dft_runs/Run_47_SQS_cand2_Fe38Co40Ni5Mn1Al1Si14_BCC,DAV,41,-395.938896766,-3.9953e-07
DFT/dft_runs/Run_48_SQS_cand2_Fe38Co40Ni5Mn1Al1Si14_FCC,DAV,1,15906.8141878,15907.0
DFT/dft_runs/Run_48_SQS_cand2_Fe38Co40Ni5Mn1Al1Si14_FCC,DAV,2,1701.20068168,-14206.0
DFT/dft_runs/Run_48_SQS_cand2_Fe38Co40Ni5Mn1Al1Si14_FCC,DAV,3,-676.819040137,-2378.0
DFT/dft_runs/Run_48_SQS_cand2_Fe38Co40Ni5Mn1Al1Si14_FCC,DAV,4,-892.27081549,-215.45
DFT/dft_runs/Run_48_SQS_cand2_Fe38Co40Ni5Mn1Al1Si14_FCC,DAV,5,-899.482139245,-7.2113
DFT/dft_runs/Run_48_SQS_cand2_Fe38Co40Ni5Mn1Al1Si14_FCC,DAV,6,-863.398031614,36.084
DFT/dft_runs/Run_48_SQS_cand2_Fe38Co40Ni5Mn1Al1Si14_FCC,DAV,7,-1038.55999429,-175.16
DFT/dft_runs/Run_48_SQS_cand2_Fe38Co40Ni5Mn1Al1Si14_FCC,DAV,8,-883.262421078,155.3
DFT/dft_runs/Run_48_SQS_cand2_Fe38Co40Ni5Mn1Al1Si14_FCC,DAV,9,-806.306952611,76.955
DFT/dft_runs/Run_48_SQS_cand2_Fe38Co40Ni5Mn1Al1Si14_FCC,DAV,10,-839.504148396,-33.197
DFT/dft_runs/Run_48_SQS_cand2_Fe38Co40Ni5Mn1Al1Si14_FCC,DAV,11,-802.317645409,37.187
DFT/dft_runs/Run_48_SQS_cand2_Fe38Co40Ni5Mn1Al1Si14_FCC,DAV,12,-784.715466982,17.602
DFT/dft_runs/Run_48_SQS_cand2_Fe38Co40Ni5Mn1Al1Si14_FCC,DAV,13,-785.475246993,-0.75978
DFT/dft_runs/Run_48_SQS_cand2_Fe38Co40Ni5Mn1Al1Si14_FCC,DAV,14,-783.089479586,2.3858
DFT/dft_runs/Run_48_SQS_cand2_Fe38Co40Ni5Mn1Al1Si14_FCC,DAV,15,-783.15240539,-0.062926
DFT/dft_runs/Run_48_SQS_cand2_Fe38Co40Ni5Mn1Al1Si14_FCC,DAV,16,-783.804649372,-0.65224
DFT/dft_runs/Run_48_SQS_cand2_Fe38Co40Ni5Mn1Al1Si14_FCC,DAV,17,-783.782536508,0.022113
DFT/dft_runs/Run_48_SQS_cand2_Fe38Co40Ni5Mn1Al1Si14_FCC,DAV,18,-784.066855311,-0.28432
DFT/dft_runs/Run_48_SQS_cand2_Fe38Co40Ni5Mn1Al1Si14_FCC,DAV,19,-784.335597851,-0.26874
DFT/dft_runs/Run_48_SQS_cand2_Fe38Co40Ni5Mn1Al1Si14_FCC,DAV,20,-785.839739361,-1.5041
DFT/dft_runs/Run_48_SQS_cand2_Fe38Co40Ni5Mn1Al1Si14_FCC,DAV,21,-785.271122824,0.56862
DFT/dft_runs/Run_48_SQS_cand2_Fe38Co40Ni5Mn1Al1Si14_FCC,DAV,22,-785.170587296,0.10054
DFT/dft_runs/Run_48_SQS_cand2_Fe38Co40Ni5Mn1Al1Si14_FCC,DAV,23,-785.352803971,-0.18222
DFT/dft_runs/Run_48_SQS_cand2_Fe38Co40Ni5Mn1Al1Si14_FCC,DAV,24,-785.145084285,0.20772
DFT/dft_runs/Run_48_SQS_cand2_Fe38Co40Ni5Mn1Al1Si14_FCC,DAV,25,-785.284782041,-0.1397
DFT/dft_runs/Run_48_SQS_cand2_Fe38Co40Ni5Mn1Al1Si14_FCC,DAV,26,-785.167690947,0.11709
DFT/dft_runs/Run_48_SQS_cand2_Fe38Co40Ni5Mn1Al1Si14_FCC,DAV,27,-785.220030841,-0.05234
DFT/dft_runs/Run_48_SQS_cand2_Fe38Co40Ni5Mn1Al1Si14_FCC,DAV,28,-785.218665781,0.0013651
DFT/dft_runs/Run_48_SQS_cand2_Fe38Co40Ni5Mn1Al1Si14_FCC,DAV,29,-785.212875038,0.0057907
DFT/dft_runs/Run_48_SQS_cand2_Fe38Co40Ni5Mn1Al1Si14_FCC,DAV,30,-785.23961139,-0.026736
DFT/dft_runs/Run_48_SQS_cand2_Fe38Co40Ni5Mn1Al1Si14_FCC,DAV,31,-785.220656272,0.018955
DFT/dft_runs/Run_48_SQS_cand2_Fe38Co40Ni5Mn1Al1Si14_FCC,DAV,32,-785.239453188,-0.018797
DFT/dft_runs/Run_48_SQS_cand2_Fe38Co40Ni5Mn1Al1Si14_FCC,DAV,33,-785.227333752,0.012119
DFT/dft_runs/Run_48_SQS_cand2_Fe38Co40Ni5Mn1Al1Si14_FCC,DAV,34,-785.228773009,-0.0014393
DFT/dft_runs/Run_48_SQS_cand2_Fe38Co40Ni5Mn1Al1Si14_FCC,DAV,35,-785.227039783,0.0017332
DFT/dft_runs/Run_48_SQS_cand2_Fe38Co40Ni5Mn1Al1Si14_FCC,DAV,36,-785.225013521,0.0020263
DFT/dft_runs/Run_48_SQS_cand2_Fe38Co40Ni5Mn1Al1Si14_FCC,DAV,37,-785.226174147,-0.0011606
DFT/dft_runs/Run_48_SQS_cand2_Fe38Co40Ni5Mn1Al1Si14_FCC,DAV,38,-785.224865336,0.0013088
DFT/dft_runs/Run_48_SQS_cand2_Fe38Co40Ni5Mn1Al1Si14_FCC,DAV,39,-785.22522483,-0.00035949
DFT/dft_runs/Run_48_SQS_cand2_Fe38Co40Ni5Mn1Al1Si14_FCC,DAV,40,-785.22478685,0.00043798
DFT/dft_runs/Run_48_SQS_cand2_Fe38Co40Ni5Mn1Al1Si14_FCC,DAV,41,-785.224768844,1.8006e-05
DFT/dft_runs/Run_48_SQS_cand2_Fe38Co40Ni5Mn1Al1Si14_FCC,DAV,42,-785.224780193,-1.135e-05
DFT/dft_runs/Run_48_SQS_cand2_Fe38Co40Ni5Mn1Al1Si14_FCC,DAV,43,-785.224727894,5.23e-05
DFT/dft_runs/Run_48_SQS_cand2_Fe38Co40Ni5Mn1Al1Si14_FCC,DAV,44,-785.22474892,-2.1027e-05
DFT/dft_runs/Run_48_SQS_cand2_Fe38Co40Ni5Mn1Al1Si14_FCC,DAV,45,-785.224729689,1.9231e-05
DFT/dft_runs/Run_48_SQS_cand2_Fe38Co40Ni5Mn1Al1Si14_FCC,DAV,46,-785.224733746,-4.0564e-06
DFT/dft_runs/Run_48_SQS_cand2_Fe38Co40Ni5Mn1Al1Si14_FCC,DAV,47,-785.224732658,1.0878e-06
DFT/dft_runs/Run_48_SQS_cand2_Fe38Co40Ni5Mn1Al1Si14_FCC,DAV,48,-785.224731842,8.1578e-07
DFT/dft_runs/Run_49_SQS_cand3_Fe26Co45Ni11Mn2Al4Si12_BCC,DAV,1,7383.75476168,7383.8
DFT/dft_runs/Run_49_SQS_cand3_Fe26Co45Ni11Mn2Al4Si12_BCC,DAV,2,694.229789573,-6689.5
DFT/dft_runs/Run_49_SQS_cand3_Fe26Co45Ni11Mn2Al4Si12_BCC,DAV,3,-335.710938969,-1029.9
DFT/dft_runs/Run_49_SQS_cand3_Fe26Co45Ni11Mn2Al4Si12_BCC,DAV,4,-426.300469005,-90.59
DFT/dft_runs/Run_49_SQS_cand3_Fe26Co45Ni11Mn2Al4Si12_BCC,DAV,5,-429.444983728,-3.1445
DFT/dft_runs/Run_49_SQS_cand3_Fe26Co45Ni11Mn2Al4Si12_BCC,DAV,6,-441.604567352,-12.16
DFT/dft_runs/Run_49_SQS_cand3_Fe26Co45Ni11Mn2Al4Si12_BCC,DAV,7,-462.832130032,-21.228
DFT/dft_runs/Run_49_SQS_cand3_Fe26Co45Ni11Mn2Al4Si12_BCC,DAV,8,-410.654200295,52.178
DFT/dft_runs/Run_49_SQS_cand3_Fe26Co45Ni11Mn2Al4Si12_BCC,DAV,9,-378.654648478,32.0
DFT/dft_runs/Run_49_SQS_cand3_Fe26Co45Ni11Mn2Al4Si12_BCC,DAV,10,-399.931342729,-21.277
DFT/dft_runs/Run_49_SQS_cand3_Fe26Co45Ni11Mn2Al4Si12_BCC,DAV,11,-378.974587105,20.957
DFT/dft_runs/Run_49_SQS_cand3_Fe26Co45Ni11Mn2Al4Si12_BCC,DAV,12,-376.225654508,2.7489
DFT/dft_runs/Run_49_SQS_cand3_Fe26Co45Ni11Mn2Al4Si12_BCC,DAV,13,-377.569412135,-1.3438
DFT/dft_runs/Run_49_SQS_cand3_Fe26Co45Ni11Mn2Al4Si12_BCC,DAV,14,-375.753654521,1.8158
DFT/dft_runs/Run_49_SQS_cand3_Fe26Co45Ni11Mn2Al4Si12_BCC,DAV,15,-376.205169882,-0.45152
DFT/dft_runs/Run_49_SQS_cand3_Fe26Co45Ni11Mn2Al4Si12_BCC,DAV,16,-376.098272971,0.1069
DFT/dft_runs/Run_49_SQS_cand3_Fe26Co45Ni11Mn2Al4Si12_BCC,DAV,17,-376.196675315,-0.098402
DFT/dft_runs/Run_49_SQS_cand3_Fe26Co45Ni11Mn2Al4Si12_BCC,DAV,18,-376.428930374,-0.23226
DFT/dft_runs/Run_49_SQS_cand3_Fe26Co45Ni11Mn2Al4Si12_BCC,DAV,19,-376.501698865,-0.072768
DFT/dft_runs/Run_49_SQS_cand3_Fe26Co45Ni11Mn2Al4Si12_BCC,DAV,20,-376.793674292,-0.29198
DFT/dft_runs/Run_49_SQS_cand3_Fe26Co45Ni11Mn2Al4Si12_BCC,DAV,21,-376.559929436,0.23374
DFT/dft_runs/Run_49_SQS_cand3_Fe26Co45Ni11Mn2Al4Si12_BCC,DAV,22,-376.631178436,-0.071249
DFT/dft_runs/Run_49_SQS_cand3_Fe26Co45Ni11Mn2Al4Si12_BCC,DAV,23,-376.631039068,0.00013937
DFT/dft_runs/Run_49_SQS_cand3_Fe26Co45Ni11Mn2Al4Si12_BCC,DAV,24,-376.627883588,0.0031555
DFT/dft_runs/Run_49_SQS_cand3_Fe26Co45Ni11Mn2Al4Si12_BCC,DAV,25,-376.64008302,-0.012199
DFT/dft_runs/Run_49_SQS_cand3_Fe26Co45Ni11Mn2Al4Si12_BCC,DAV,26,-376.616684375,0.023399
DFT/dft_runs/Run_49_SQS_cand3_Fe26Co45Ni11Mn2Al4Si12_BCC,DAV,27,-376.624573961,-0.0078896
DFT/dft_runs/Run_49_SQS_cand3_Fe26Co45Ni11Mn2Al4Si12_BCC,DAV,28,-376.616907039,0.0076669
DFT/dft_runs/Run_49_SQS_cand3_Fe26Co45Ni11Mn2Al4Si12_BCC,DAV,29,-376.616841019,6.602e-05
DFT/dft_runs/Run_49_SQS_cand3_Fe26Co45Ni11Mn2Al4Si12_BCC,DAV,30,-376.616379148,0.00046187
DFT/dft_runs/Run_49_SQS_cand3_Fe26Co45Ni11Mn2Al4Si12_BCC,DAV,31,-376.615244853,0.0011343
DFT/dft_runs/Run_49_SQS_cand3_Fe26Co45Ni11Mn2Al4Si12_BCC,DAV,32,-376.615451393,-0.00020654
DFT/dft_runs/Run_49_SQS_cand3_Fe26Co45Ni11Mn2Al4Si12_BCC,DAV,33,-376.615315286,0.00013611
DFT/dft_runs/Run_49_SQS_cand3_Fe26Co45Ni11Mn2Al4Si12_BCC,DAV,34,-376.615347058,-3.1773e-05
DFT/dft_runs/Run_49_SQS_cand3_Fe26Co45Ni11Mn2Al4Si12_BCC,DAV,35,-376.615329608,1.745e-05
DFT/dft_runs/Run_49_SQS_cand3_Fe26Co45Ni11Mn2Al4Si12_BCC,DAV,36,-376.615290609,3.8999e-05
DFT/dft_runs/Run_49_SQS_cand3_Fe26Co45Ni11Mn2Al4Si12_BCC,DAV,37,-376.615299069,-8.46e-06
DFT/dft_runs/Run_49_SQS_cand3_Fe26Co45Ni11Mn2Al4Si12_BCC,DAV,38,-376.615286164,1.2904e-05
DFT/dft_runs/Run_49_SQS_cand3_Fe26Co45Ni11Mn2Al4Si12_BCC,DAV,39,-376.61528818,-2.0154e-06
DFT/dft_runs/Run_49_SQS_cand3_Fe26Co45Ni11Mn2Al4Si12_BCC,DAV,40,-376.615285136,3.0436e-06
DFT/dft_runs/Run_49_SQS_cand3_Fe26Co45Ni11Mn2Al4Si12_BCC,DAV,41,-376.61528486,2.7615e-07
DFT/dft_runs/Run_50_SQS_cand3_Fe26Co45Ni11Mn2Al4Si12_FCC,DAV,1,15151.9569317,15152.0
DFT/dft_runs/Run_50_SQS_cand3_Fe26Co45Ni11Mn2Al4Si12_FCC,DAV,2,1552.94623747,-13599.0
DFT/dft_runs/Run_50_SQS_cand3_Fe26Co45Ni11Mn2Al4Si12_FCC,DAV,3,-660.82405419,-2213.8
DFT/dft_runs/Run_50_SQS_cand3_Fe26Co45Ni11Mn2Al4Si12_FCC,DAV,4,-862.846708351,-202.02
DFT/dft_runs/Run_50_SQS_cand3_Fe26Co45Ni11Mn2Al4Si12_FCC,DAV,5,-869.655838001,-6.8091
DFT/dft_runs/Run_50_SQS_cand3_Fe26Co45Ni11Mn2Al4Si12_FCC,DAV,6,-894.827294594,-25.171
DFT/dft_runs/Run_50_SQS_cand3_Fe26Co45Ni11Mn2Al4Si12_FCC,DAV,7,-942.049774381,-47.222
DFT/dft_runs/Run_50_SQS_cand3_Fe26Co45Ni11Mn2Al4Si12_FCC,DAV,8,-852.759354405,89.29
DFT/dft_runs/Run_50_SQS_cand3_Fe26Co45Ni11Mn2Al4Si12_FCC,DAV,9,-785.633969277,67.125
DFT/dft_runs/Run_50_SQS_cand3_Fe26Co45Ni11Mn2Al4Si12_FCC,DAV,10,-815.089685567,-29.456
DFT/dft_runs/Run_50_SQS_cand3_Fe26Co45Ni11Mn2Al4Si12_FCC,DAV,11,-774.377924115,40.712
DFT/dft_runs/Run_50_SQS_cand3_Fe26Co45Ni11Mn2Al4Si12_FCC,DAV,12,-755.659520158,18.718
DFT/dft_runs/Run_50_SQS_cand3_Fe26Co45Ni11Mn2Al4Si12_FCC,DAV,13,-756.705156072,-1.0456
DFT/dft_runs/Run_50_SQS_cand3_Fe26Co45Ni11Mn2Al4Si12_FCC,DAV,14,-751.236059707,5.4691
DFT/dft_runs/Run_50_SQS_cand3_Fe26Co45Ni11Mn2Al4Si12_FCC,DAV,15,-751.766110935,-0.53005
DFT/dft_runs/Run_50_SQS_cand3_Fe26Co45Ni11Mn2Al4Si12_FCC,DAV,16,-751.625888011,0.14022
DFT/dft_runs/Run_50_SQS_cand3_Fe26Co45Ni11Mn2Al4Si12_FCC,DAV,17,-751.561159872,0.064728
DFT/dft_runs/Run_50_SQS_cand3_Fe26Co45Ni11Mn2Al4Si12_FCC,DAV,18,-751.917893112,-0.35673
DFT/dft_runs/Run_50_SQS_cand3_Fe26Co45Ni11Mn2Al4Si12_FCC,DAV,19,-752.173731311,-0.25584
DFT/dft_runs/Run_50_SQS_cand3_Fe26Co45Ni11Mn2Al4Si12_FCC,DAV,20,-752.936514211,-0.76278
DFT/dft_runs/Run_50_SQS_cand3_Fe26Co45Ni11Mn2Al4Si12_FCC,DAV,21,-754.004218041,-1.0677
DFT/dft_runs/Run_50_SQS_cand3_Fe26Co45Ni11Mn2Al4Si12_FCC,DAV,22,-753.947553419,0.056665
DFT/dft_runs/Run_50_SQS_cand3_Fe26Co45Ni11Mn2Al4Si12_FCC,DAV,23,-754.33998249,-0.39243
DFT/dft_runs/Run_50_SQS_cand3_Fe26Co45Ni11Mn2Al4Si12_FCC,DAV,24,-753.876406115,0.46358
DFT/dft_runs/Run_50_SQS_cand3_Fe26Co45Ni11Mn2Al4Si12_FCC,DAV,25,-753.831564656,0.044841
DFT/dft_runs/Run_50_SQS_cand3_Fe26Co45Ni11Mn2Al4Si12_FCC,DAV,26,-753.897579079,-0.066014
DFT/dft_runs/Run_50_SQS_cand3_Fe26Co45Ni11Mn2Al4Si12_FCC,DAV,27,-753.819698246,0.077881
DFT/dft_runs/Run_50_SQS_cand3_Fe26Co45Ni11Mn2Al4Si12_FCC,DAV,28,-753.90855338,-0.088855
DFT/dft_runs/Run_50_SQS_cand3_Fe26Co45Ni11Mn2Al4Si12_FCC,DAV,29,-753.869077787,0.039476
DFT/dft_runs/Run_50_SQS_cand3_Fe26Co45Ni11Mn2Al4Si12_FCC,DAV,30,-753.857070667,0.012007
DFT/dft_runs/Run_50_SQS_cand3_Fe26Co45Ni11Mn2Al4Si12_FCC,DAV,31,-753.889222743,-0.032152
DFT/dft_runs/Run_50_SQS_cand3_Fe26Co45Ni11Mn2Al4Si12_FCC,DAV,32,-753.863853622,0.025369
DFT/dft_runs/Run_50_SQS_cand3_Fe26Co45Ni11Mn2Al4Si12_FCC,DAV,33,-753.875412751,-0.011559
DFT/dft_runs/Run_50_SQS_cand3_Fe26Co45Ni11Mn2Al4Si12_FCC,DAV,34,-753.879930917,-0.0045182
DFT/dft_runs/Run_50_SQS_cand3_Fe26Co45Ni11Mn2Al4Si12_FCC,DAV,35,-753.878251641,0.0016793
DFT/dft_runs/Run_50_SQS_cand3_Fe26Co45Ni11Mn2Al4Si12_FCC,DAV,36,-753.884243479,-0.0059918
DFT/dft_runs/Run_50_SQS_cand3_Fe26Co45Ni11Mn2Al4Si12_FCC,DAV,37,-753.877297841,0.0069456
DFT/dft_runs/Run_50_SQS_cand3_Fe26Co45Ni11Mn2Al4Si12_FCC,DAV,38,-753.882165334,-0.0048675
DFT/dft_runs/Run_50_SQS_cand3_Fe26Co45Ni11Mn2Al4Si12_FCC,DAV,39,-753.877824873,0.0043405
DFT/dft_runs/Run_50_SQS_cand3_Fe26Co45Ni11Mn2Al4Si12_FCC,DAV,40,-753.878920691,-0.0010958
DFT/dft_runs/Run_50_SQS_cand3_Fe26Co45Ni11Mn2Al4Si12_FCC,DAV,41,-753.87820119,0.0007195
DFT/dft_runs/Run_50_SQS_cand3_Fe26Co45Ni11Mn2Al4Si12_FCC,DAV,42,-753.877446607,0.00075458
DFT/dft_runs/Run_50_SQS_cand3_Fe26Co45Ni11Mn2Al4Si12_FCC,DAV,43,-753.877824862,-0.00037826
DFT/dft_runs/Run_50_SQS_cand3_Fe26Co45Ni11Mn2Al4Si12_FCC,DAV,44,-753.87746265,0.00036221
DFT/dft_runs/Run_50_SQS_cand3_Fe26Co45Ni11Mn2Al4Si12_FCC,DAV,45,-753.877482923,-2.0273e-05
DFT/dft_runs/Run_50_SQS_cand3_Fe26Co45Ni11Mn2Al4Si12_FCC,DAV,46,-753.877481415,1.5079e-06
DFT/dft_runs/Run_50_SQS_cand3_Fe26Co45Ni11Mn2Al4Si12_FCC,DAV,47,-753.877434471,4.6944e-05
DFT/dft_runs/Run_50_SQS_cand3_Fe26Co45Ni11Mn2Al4Si12_FCC,DAV,48,-753.877454973,-2.0502e-05
DFT/dft_runs/Run_50_SQS_cand3_Fe26Co45Ni11Mn2Al4Si12_FCC,DAV,49,-753.877436805,1.8168e-05
DFT/dft_runs/Run_50_SQS_cand3_Fe26Co45Ni11Mn2Al4Si12_FCC,DAV,50,-753.877439584,-2.7786e-06
DFT/dft_runs/Run_50_SQS_cand3_Fe26Co45Ni11Mn2Al4Si12_FCC,DAV,51,-753.877438631,9.5312e-07
DFT/new_runs/Run_01_bccFe_vol_a2.750,DAV,1,168.014830701,168.01
DFT/new_runs/Run_01_bccFe_vol_a2.750,DAV,2,-13.616406719,-181.63
DFT/new_runs/Run_01_bccFe_vol_a2.750,DAV,3,-17.9501251316,-4.3337
DFT/new_runs/Run_01_bccFe_vol_a2.750,DAV,4,-17.9657901795,-0.015665
DFT/new_runs/Run_01_bccFe_vol_a2.750,DAV,5,-17.965884777,-9.4598e-05
DFT/new_runs/Run_08_bccFe_MAE_001,DAV,1,273.94724849,273.95
DFT/new_runs/Run_08_bccFe_MAE_001,DAV,2,-3.13514449101,-277.08
DFT/new_runs/Run_08_bccFe_MAE_001,DAV,3,-16.415955888,-13.281
DFT/new_runs/Run_08_bccFe_MAE_001,DAV,4,-16.5564953987,-0.14054
DFT/new_runs/Run_08_bccFe_MAE_001,DAV,5,-16.5591804732,-0.0026851
DFT/new_runs/Run_08_bccFe_MAE_001,DAV,6,-16.5610065973,-0.0018261
DFT/new_runs/Run_08_bccFe_MAE_001,DAV,7,-16.559268085,0.0017385
DFT/new_runs/Run_08_bccFe_MAE_001,DAV,8,-16.5592682213,-1.3624e-07
DFT/new_runs/Run_09_bccFe_MAE_111,DAV,1,273.96044288,273.96
DFT/new_runs/Run_09_bccFe_MAE_111,DAV,2,-3.13407504464,-277.09
DFT/new_runs/Run_09_bccFe_MAE_111,DAV,3,-16.4159460879,-13.282
DFT/new_runs/Run_09_bccFe_MAE_111,DAV,4,-16.5564946016,-0.14055
DFT/new_runs/Run_09_bccFe_MAE_111,DAV,5,-16.5591799433,-0.0026853
DFT/new_runs/Run_09_bccFe_MAE_111,DAV,6,-16.5592643405,-8.4397e-05
DFT/new_runs/Run_09_bccFe_MAE_111,DAV,7,-16.5592675604,-3.2199e-06
DFT/new_runs/Run_09_bccFe_MAE_111,DAV,8,-16.5760392695,-0.016772
DFT/new_runs/Run_09_bccFe_MAE_111,DAV,9,-16.5592677011,0.016772
DFT/new_runs/Run_09_bccFe_MAE_111,DAV,10,-16.5592677016,-4.402e-10
DFT/new_runs/Run_18_B2FeCo_MAE_001,DAV,1,226.370108051,226.37
DFT/new_runs/Run_18_B2FeCo_MAE_001,DAV,2,2.13472575185,-224.24
DFT/new_runs/Run_18_B2FeCo_MAE_001,DAV,3,-15.0914583007,-17.226
DFT/new_runs/Run_18_B2FeCo_MAE_001,DAV,4,-15.4422885707,-0.35083
DFT/new_runs/Run_18_B2FeCo_MAE_001,DAV,5,-15.4563717619,-0.014083
DFT/new_runs/Run_18_B2FeCo_MAE_001,DAV,6,-15.4565501601,-0.0001784
DFT/new_runs/Run_18_B2FeCo_MAE_001,DAV,7,-15.4565544184,-4.2583e-06
DFT/new_runs/Run_18_B2FeCo_MAE_001,DAV,8,-15.4565544837,-6.5286e-08
DFT/new_runs/Run_19_B2FeCo_MAE_100,DAV,1,222.083136195,222.08
DFT/new_runs/Run_19_B2FeCo_MAE_100,DAV,2,0.00349800162803,-222.08
DFT/new_runs/Run_19_B2FeCo_MAE_100,DAV,3,-15.1440904639,-15.148
DFT/new_runs/Run_19_B2FeCo_MAE_100,DAV,4,-15.4410581397,-0.29697
DFT/new_runs/Run_19_B2FeCo_MAE_100,DAV,5,-15.4563975891,-0.015339
DFT/new_runs/Run_19_B2FeCo_MAE_100,DAV,6,-15.4565482583,-0.00015067
DFT/new_runs/Run_19_B2FeCo_MAE_100,DAV,7,-15.4565540025,-5.7442e-06
DFT/new_runs/Run_19_B2FeCo_MAE_100,DAV,8,-15.4565540819,-7.9359e-08
DFT/new_runs/Run_30_L12Fe3Co_MAE_001,DAV,1,673.138854757,673.14
DFT/new_runs/Run_30_L12Fe3Co_MAE_001,DAV,2,43.2443373031,-629.89
DFT/new_runs/Run_30_L12Fe3Co_MAE_001,DAV,3,-28.9378472125,-72.182
DFT/new_runs/Run_30_L12Fe3Co_MAE_001,DAV,4,-31.4106312885,-2.4728
DFT/new_runs/Run_30_L12Fe3Co_MAE_001,DAV,5,-31.4850860772,-0.074455
DFT/new_runs/Run_30_L12Fe3Co_MAE_001,DAV,6,-31.4859354386,-0.00084936
DFT/new_runs/Run_30_L12Fe3Co_MAE_001,DAV,7,-31.4859620065,-2.6568e-05
DFT/new_runs/Run_30_L12Fe3Co_MAE_001,DAV,8,-31.4859626781,-6.7167e-07
DFT/new_runs/Run_31_L12Fe3Co_MAE_100,DAV,1,675.547903389,675.55
DFT/new_runs/Run_31_L12Fe3Co_MAE_100,DAV,2,43.2058894707,-632.34
DFT/new_runs/Run_31_L12Fe3Co_MAE_100,DAV,3,-28.6161023788,-71.822
DFT/new_runs/Run_31_L12Fe3Co_MAE_100,DAV,4,-31.3993408059,-2.7832
DFT/new_runs/Run_31_L12Fe3Co_MAE_100,DAV,5,-31.4847602956,-0.085419
DFT/new_runs/Run_31_L12Fe3Co_MAE_100,DAV,6,-31.4859144078,-0.0011541
DFT/new_runs/Run_31_L12Fe3Co_MAE_100,DAV,7,-31.4859616398,-4.7232e-05
DFT/new_runs/Run_31_L12Fe3Co_MAE_100,DAV,8,-31.4859626676,-1.0278e-06
DFT/new_runs/Run_31_L12Fe3Co_MAE_100,DAV,9,-31.4859627002,-3.2645e-08
DFT/new_runs/Run_41_L12FeCo3_MAE_001,DAV,1,391.184287889,391.18
DFT/new_runs/Run_41_L12FeCo3_MAE_001,DAV,2,9.38299181953,-381.8
DFT/new_runs/Run_41_L12FeCo3_MAE_001,DAV,3,-28.2775280857,-37.661
DFT/new_runs/Run_41_L12FeCo3_MAE_001,DAV,4,-29.3048177139,-1.0273
DFT/new_runs/Run_41_L12FeCo3_MAE_001,DAV,5,-29.3469383821,-0.042121
DFT/new_runs/Run_41_L12FeCo3_MAE_001,DAV,6,-29.3475368024,-0.00059842
DFT/new_runs/Run_41_L12FeCo3_MAE_001,DAV,7,-29.3475576163,-2.0814e-05
DFT/new_runs/Run_41_L12FeCo3_MAE_001,DAV,8,-29.3480561794,-0.00049856
DFT/new_runs/Run_41_L12FeCo3_MAE_001,DAV,9,-29.3607190592,-0.012663
DFT/new_runs/Run_41_L12FeCo3_MAE_001,DAV,10,-29.3491297332,0.011589
DFT/new_runs/Run_41_L12FeCo3_MAE_001,DAV,11,-29.3475585619,0.0015712
DFT/new_runs/Run_41_L12FeCo3_MAE_001,DAV,12,-29.3475585651,-3.2114e-09
DFT/new_runs/Run_42_L12FeCo3_MAE_100,DAV,1,388.909544309,388.91
DFT/new_runs/Run_42_L12FeCo3_MAE_100,DAV,2,9.55824855986,-379.35
DFT/new_runs/Run_42_L12FeCo3_MAE_100,DAV,3,-27.5159814009,-37.074
DFT/new_runs/Run_42_L12FeCo3_MAE_100,DAV,4,-29.2869211825,-1.7709
DFT/new_runs/Run_42_L12FeCo3_MAE_100,DAV,5,-29.3459771568,-0.059056
DFT/new_runs/Run_42_L12FeCo3_MAE_100,DAV,6,-29.3475118662,-0.0015347
DFT/new_runs/Run_42_L12FeCo3_MAE_100,DAV,7,-29.347556691,-4.4825e-05
DFT/new_runs/Run_42_L12FeCo3_MAE_100,DAV,8,-29.3475584724,-1.7814e-06
DFT/new_runs/Run_42_L12FeCo3_MAE_100,DAV,9,-29.3657488812,-0.01819
DFT/new_runs/Run_42_L12FeCo3_MAE_100,DAV,10,-29.3682196042,-0.0024707
DFT/new_runs/Run_42_L12FeCo3_MAE_100,DAV,11,-29.3950135983,-0.026794
DFT/new_runs/Run_42_L12FeCo3_MAE_100,DAV,12,-29.3475585603,0.047455
DFT/new_runs/Run_42_L12FeCo3_MAE_100,DAV,13,-29.4574797238,-0.10992
DFT/new_runs/Run_42_L12FeCo3_MAE_100,DAV,14,-29.3714843734,0.085995
DFT/new_runs/Run_42_L12FeCo3_MAE_100,DAV,15,-29.4444333958,-0.072949
DFT/new_runs/Run_42_L12FeCo3_MAE_100,DAV,16,-29.3479600804,0.096473
DFT/new_runs/Run_42_L12FeCo3_MAE_100,DAV,17,-29.3475585638,0.00040152
DFT/new_runs/Run_42_L12FeCo3_MAE_100,DAV,18,-29.3475585628,1.0459e-09
DFT/prep_pending/Run_08_bccFe_MAE_001/scf,DAV,1,268.478343712,268.48
DFT/prep_pending/Run_08_bccFe_MAE_001/scf,DAV,2,-4.39164678571,-272.87
DFT/prep_pending/Run_08_bccFe_MAE_001/scf,DAV,3,-18.1679606364,-13.776
DFT/prep_pending/Run_08_bccFe_MAE_001/scf,DAV,4,-18.4420392612,-0.27408
DFT/prep_pending/Run_08_bccFe_MAE_001/scf,DAV,5,-18.4478913113,-0.0058521
DFT/prep_pending/Run_08_bccFe_MAE_001/scf,DAV,6,-15.8089931999,2.6389
DFT/prep_pending/Run_08_bccFe_MAE_001/scf,DAV,7,-15.4001090147,0.40888
DFT/prep_pending/Run_08_bccFe_MAE_001/scf,DAV,8,-15.3782582026,0.021851
DFT/prep_pending/Run_08_bccFe_MAE_001/scf,DAV,9,-15.3745839177,0.0036743
DFT/prep_pending/Run_08_bccFe_MAE_001/scf,DAV,10,-15.3735331463,0.0010508
DFT/prep_pending/Run_08_bccFe_MAE_001/scf,DAV,11,-15.3735271587,5.9876e-06
DFT/prep_pending/Run_08_bccFe_MAE_001/scf,DAV,12,-15.3735255323,1.6264e-06
DFT/prep_pending/Run_08_bccFe_MAE_001/scf,DAV,13,-15.3735246857,8.4659e-07
DFT/prep_pending/Run_09_bccFe_MAE_111/scf,DAV,1,268.478343712,268.48
DFT/prep_pending/Run_09_bccFe_MAE_111/scf,DAV,2,-4.39164678571,-272.87
DFT/prep_pending/Run_09_bccFe_MAE_111/scf,DAV,3,-18.1679606364,-13.776
DFT/prep_pending/Run_09_bccFe_MAE_111/scf,DAV,4,-18.4420392612,-0.27408
DFT/prep_pending/Run_09_bccFe_MAE_111/scf,DAV,5,-18.4478913113,-0.0058521
DFT/prep_pending/Run_09_bccFe_MAE_111/scf,DAV,6,-15.8089931999,2.6389
DFT/prep_pending/Run_09_bccFe_MAE_111/scf,DAV,7,-15.4001090147,0.40888
DFT/prep_pending/Run_09_bccFe_MAE_111/scf,DAV,8,-15.3782582026,0.021851
DFT/prep_pending/Run_09_bccFe_MAE_111/scf,DAV,9,-15.3745839177,0.0036743
DFT/prep_pending/Run_09_bccFe_MAE_111/scf,DAV,10,-15.3735331463,0.0010508
DFT/prep_pending/Run_09_bccFe_MAE_111/scf,DAV,11,-15.3735271587,5.9876e-06
DFT/prep_pending/Run_09_bccFe_MAE_111/scf,DAV,12,-15.3735255323,1.6264e-06
DFT/prep_pending/Run_09_bccFe_MAE_111/scf,DAV,13,-15.3735246857,8.4659e-07
DFT/prep_pending/Run_18_B2FeCo_MAE_001/scf,DAV,1,160.35206789,160.35
DFT/prep_pending/Run_18_B2FeCo_MAE_001/scf,DAV,2,-10.6975738058,-171.05
DFT/prep_pending/Run_18_B2FeCo_MAE_001/scf,DAV,3,-16.8232556348,-6.1257
DFT/prep_pending/Run_18_B2FeCo_MAE_001/scf,DAV,4,-16.9547428473,-0.13149
DFT/prep_pending/Run_18_B2FeCo_MAE_001/scf,DAV,5,-16.9599350229,-0.0051922
DFT/prep_pending/Run_18_B2FeCo_MAE_001/scf,DAV,6,-18.5117325316,-1.5518
DFT/prep_pending/Run_18_B2FeCo_MAE_001/scf,DAV,7,-17.8523894296,0.65934
DFT/prep_pending/Run_18_B2FeCo_MAE_001/scf,DAV,8,-14.2141679447,3.6382
DFT/prep_pending/Run_18_B2FeCo_MAE_001/scf,DAV,9,-14.1948120727,0.019356
DFT/prep_pending/Run_18_B2FeCo_MAE_001/scf,DAV,10,-14.1883040459,0.006508
DFT/prep_pending/Run_18_B2FeCo_MAE_001/scf,DAV,11,-14.1856981912,0.0026059
DFT/prep_pending/Run_18_B2FeCo_MAE_001/scf,DAV,12,-14.1857337546,-3.5563e-05
DFT/prep_pending/Run_18_B2FeCo_MAE_001/scf,DAV,13,-14.1856892819,4.4473e-05
DFT/prep_pending/Run_18_B2FeCo_MAE_001/scf,DAV,14,-14.1856745523,1.473e-05
DFT/prep_pending/Run_18_B2FeCo_MAE_001/scf,DAV,15,-14.1856739321,6.202e-07
DFT/prep_pending/Run_19_B2FeCo_MAE_100/scf,DAV,1,160.35206789,160.35
DFT/prep_pending/Run_19_B2FeCo_MAE_100/scf,DAV,2,-10.6975738058,-171.05
DFT/prep_pending/Run_19_B2FeCo_MAE_100/scf,DAV,3,-16.8232556348,-6.1257
DFT/prep_pending/Run_19_B2FeCo_MAE_100/scf,DAV,4,-16.9547428473,-0.13149
DFT/prep_pending/Run_19_B2FeCo_MAE_100/scf,DAV,5,-16.9599350229,-0.0051922
DFT/prep_pending/Run_19_B2FeCo_MAE_100/scf,DAV,6,-18.5117325316,-1.5518
DFT/prep_pending/Run_19_B2FeCo_MAE_100/scf,DAV,7,-17.8523894296,0.65934
DFT/prep_pending/Run_19_B2FeCo_MAE_100/scf,DAV,8,-14.2141679447,3.6382
DFT/prep_pending/Run_19_B2FeCo_MAE_100/scf,DAV,9,-14.1948120727,0.019356
DFT/prep_pending/Run_19_B2FeCo_MAE_100/scf,DAV,10,-14.1883040459,0.006508
DFT/prep_pending/Run_19_B2FeCo_MAE_100/scf,DAV,11,-14.1856981912,0.0026059
DFT/prep_pending/Run_19_B2FeCo_MAE_100/scf,DAV,12,-14.1857337546,-3.5563e-05
DFT/prep_pending/Run_19_B2FeCo_MAE_100/scf,DAV,13,-14.1856892819,4.4473e-05
DFT/prep_pending/Run_19_B2FeCo_MAE_100/scf,DAV,14,-14.1856745523,1.473e-05
DFT/prep_pending/Run_19_B2FeCo_MAE_100/scf,DAV,15,-14.1856739321,6.202e-07
DFT/prep_pending/Run_30_L12Fe3Co_MAE_001/scf,DAV,1,584.536576121,584.54
DFT/prep_pending/Run_30_L12Fe3Co_MAE_001/scf,DAV,2,12.8703541659,-571.67
DFT/prep_pending/Run_30_L12Fe3Co_MAE_001/scf,DAV,3,-34.3499512321,-47.22
DFT/prep_pending/Run_30_L12Fe3Co_MAE_001/scf,DAV,4,-37.0010348073,-2.6511
DFT/prep_pending/Run_30_L12Fe3Co_MAE_001/scf,DAV,5,-37.0945251708,-0.09349
DFT/prep_pending/Run_30_L12Fe3Co_MAE_001/scf,DAV,6,-32.4841470698,4.6104
DFT/prep_pending/Run_30_L12Fe3Co_MAE_001/scf,DAV,7,-40.5132770225,-8.0291
DFT/prep_pending/Run_30_L12Fe3Co_MAE_001/scf,DAV,8,-31.4914992048,9.0218
DFT/prep_pending/Run_30_L12Fe3Co_MAE_001/scf,DAV,9,-30.7792684571,0.71223
DFT/prep_pending/Run_30_L12Fe3Co_MAE_001/scf,DAV,10,-30.8468546553,-0.067586
DFT/prep_pending/Run_30_L12Fe3Co_MAE_001/scf,DAV,11,-30.7803475453,0.066507
DFT/prep_pending/Run_30_L12Fe3Co_MAE_001/scf,DAV,12,-30.7885714599,-0.0082239
DFT/prep_pending/Run_30_L12Fe3Co_MAE_001/scf,DAV,13,-30.7721918547,0.01638
DFT/prep_pending/Run_30_L12Fe3Co_MAE_001/scf,DAV,14,-30.7720304867,0.00016137
DFT/prep_pending/Run_30_L12Fe3Co_MAE_001/scf,DAV,15,-30.7720321235,-1.6368e-06
DFT/prep_pending/Run_30_L12Fe3Co_MAE_001/scf,DAV,16,-30.7720034371,2.8686e-05
DFT/prep_pending/Run_30_L12Fe3Co_MAE_001/scf,DAV,17,-30.7720005699,2.8672e-06
DFT/prep_pending/Run_30_L12Fe3Co_MAE_001/scf,DAV,18,-30.7720006551,-8.5159e-08
DFT/prep_pending/Run_31_L12Fe3Co_MAE_100/scf,DAV,1,584.536576121,584.54
DFT/prep_pending/Run_31_L12Fe3Co_MAE_100/scf,DAV,2,12.8703541658,-571.67
DFT/prep_pending/Run_31_L12Fe3Co_MAE_100/scf,DAV,3,-34.3499512321,-47.22
DFT/prep_pending/Run_31_L12Fe3Co_MAE_100/scf,DAV,4,-37.0010348076,-2.6511
DFT/prep_pending/Run_31_L12Fe3Co_MAE_100/scf,DAV,5,-37.0945251709,-0.09349
DFT/prep_pending/Run_31_L12Fe3Co_MAE_100/scf,DAV,6,-32.4841470696,4.6104
DFT/prep_pending/Run_31_L12Fe3Co_MAE_100/scf,DAV,7,-40.5132770211,-8.0291
DFT/prep_pending/Run_31_L12Fe3Co_MAE_100/scf,DAV,8,-31.4914992052,9.0218
DFT/prep_pending/Run_31_L12Fe3Co_MAE_100/scf,DAV,9,-30.7792684568,0.71223
DFT/prep_pending/Run_31_L12Fe3Co_MAE_100/scf,DAV,10,-30.8468546555,-0.067586
DFT/prep_pending/Run_31_L12Fe3Co_MAE_100/scf,DAV,11,-30.7803475459,0.066507
DFT/prep_pending/Run_31_L12Fe3Co_MAE_100/scf,DAV,12,-30.7885714604,-0.0082239
DFT/prep_pending/Run_31_L12Fe3Co_MAE_100/scf,DAV,13,-30.7721918547,0.01638
DFT/prep_pending/Run_31_L12Fe3Co_MAE_100/scf,DAV,14,-30.7720304864,0.00016137
DFT/prep_pending/Run_31_L12Fe3Co_MAE_100/scf,DAV,15,-30.7720321237,-1.6373e-06
DFT/prep_pending/Run_31_L12Fe3Co_MAE_100/scf,DAV,16,-30.772003437,2.8687e-05
DFT/prep_pending/Run_31_L12Fe3Co_MAE_100/scf,DAV,17,-30.7720005697,2.8674e-06
DFT/prep_pending/Run_31_L12Fe3Co_MAE_100/scf,DAV,18,-30.772000655,-8.5292e-08
DFT/prep_pending/Run_41_L12FeCo3_MAE_001/scf,DAV,1,313.650138454,313.65
DFT/prep_pending/Run_41_L12FeCo3_MAE_001/scf,DAV,2,-10.7334661529,-324.38
DFT/prep_pending/Run_41_L12FeCo3_MAE_001/scf,DAV,3,-32.7258332681,-21.992
DFT/prep_pending/Run_41_L12FeCo3_MAE_001/scf,DAV,4,-33.8566829353,-1.1308
DFT/prep_pending/Run_41_L12FeCo3_MAE_001/scf,DAV,5,-33.9053919215,-0.048709
DFT/prep_pending/Run_41_L12FeCo3_MAE_001/scf,DAV,6,-29.6461787215,4.2592
DFT/prep_pending/Run_41_L12FeCo3_MAE_001/scf,DAV,7,-36.9416722918,-7.2955
DFT/prep_pending/Run_41_L12FeCo3_MAE_001/scf,DAV,8,-28.2266892121,8.715
DFT/prep_pending/Run_41_L12FeCo3_MAE_001/scf,DAV,9,-28.2643793598,-0.03769
DFT/prep_pending/Run_41_L12FeCo3_MAE_001/scf,DAV,10,-28.27070102,-0.0063217
DFT/prep_pending/Run_41_L12FeCo3_MAE_001/scf,DAV,11,-28.2369654947,0.033736
DFT/prep_pending/Run_41_L12FeCo3_MAE_001/scf,DAV,12,-28.2378629968,-0.0008975
DFT/prep_pending/Run_41_L12FeCo3_MAE_001/scf,DAV,13,-28.2362766485,0.0015863
DFT/prep_pending/Run_41_L12FeCo3_MAE_001/scf,DAV,14,-28.2362613179,1.5331e-05
DFT/prep_pending/Run_41_L12FeCo3_MAE_001/scf,DAV,15,-28.2362654692,-4.1514e-06
DFT/prep_pending/Run_41_L12FeCo3_MAE_001/scf,DAV,16,-28.2362639288,1.5405e-06
DFT/prep_pending/Run_41_L12FeCo3_MAE_001/scf,DAV,17,-28.2362633636,5.6518e-07
DFT/prep_pending/Run_42_L12FeCo3_MAE_100/scf,DAV,1,313.650138454,313.65
DFT/prep_pending/Run_42_L12FeCo3_MAE_100/scf,DAV,2,-10.7334661529,-324.38
DFT/prep_pending/Run_42_L12FeCo3_MAE_100/scf,DAV,3,-32.7258332681,-21.992
DFT/prep_pending/Run_42_L12FeCo3_MAE_100/scf,DAV,4,-33.8566829354,-1.1308
DFT/prep_pending/Run_42_L12FeCo3_MAE_100/scf,DAV,5,-33.9053919215,-0.048709
DFT/prep_pending/Run_42_L12FeCo3_MAE_100/scf,DAV,6,-29.6461787229,4.2592
DFT/prep_pending/Run_42_L12FeCo3_MAE_100/scf,DAV,7,-36.9416722928,-7.2955
DFT/prep_pending/Run_42_L12FeCo3_MAE_100/scf,DAV,8,-28.2266892121,8.715
DFT/prep_pending/Run_42_L12FeCo3_MAE_100/scf,DAV,9,-28.26437936,-0.03769
DFT/prep_pending/Run_42_L12FeCo3_MAE_100/scf,DAV,10,-28.2707010217,-0.0063217
DFT/prep_pending/Run_42_L12FeCo3_MAE_100/scf,DAV,11,-28.2369654939,0.033736
DFT/prep_pending/Run_42_L12FeCo3_MAE_100/scf,DAV,12,-28.2378629974,-0.0008975
DFT/prep_pending/Run_42_L12FeCo3_MAE_100/scf,DAV,13,-28.2362766491,0.0015863
DFT/prep_pending/Run_42_L12FeCo3_MAE_100/scf,DAV,14,-28.2362613175,1.5332e-05
DFT/prep_pending/Run_42_L12FeCo3_MAE_100/scf,DAV,15,-28.2362654686,-4.1511e-06
DFT/prep_pending/Run_42_L12FeCo3_MAE_100/scf,DAV,16,-28.236263928,1.5405e-06
DFT/prep_pending/Run_42_L12FeCo3_MAE_100/scf,DAV,17,-28.2362633639,5.6413e-07
DFT/prep_pending/Run_45_SQS_cand1_Fe46Co34Ni10Mn4Al2Si5_BCC,DAV,1,9224.16438856,9224.2
DFT/prep_pending/Run_45_SQS_cand1_Fe46Co34Ni10Mn4Al2Si5_BCC,DAV,2,946.613988735,-8277.6
DFT/prep_pending/Run_45_SQS_cand1_Fe46Co34Ni10Mn4Al2Si5_BCC,DAV,3,-347.647215629,-1294.3
DFT/prep_pending/Run_45_SQS_cand1_Fe46Co34Ni10Mn4Al2Si5_BCC,DAV,4,-453.414014303,-105.77
DFT/prep_pending/Run_45_SQS_cand1_Fe46Co34Ni10Mn4Al2Si5_BCC,DAV,5,-456.47579563,-3.0618
DFT/prep_pending/Run_45_SQS_cand1_Fe46Co34Ni10Mn4Al2Si5_BCC,DAV,6,-449.385642515,7.0902
DFT/prep_pending/Run_45_SQS_cand1_Fe46Co34Ni10Mn4Al2Si5_BCC,DAV,7,-496.168381788,-46.783
DFT/prep_pending/Run_45_SQS_cand1_Fe46Co34Ni10Mn4Al2Si5_BCC,DAV,8,-439.375855274,56.793
DFT/prep_pending/Run_45_SQS_cand1_Fe46Co34Ni10Mn4Al2Si5_BCC,DAV,9,-402.824899763,36.551
DFT/prep_pending/Run_45_SQS_cand1_Fe46Co34Ni10Mn4Al2Si5_BCC,DAV,10,-434.703858024,-31.879
DFT/prep_pending/Run_45_SQS_cand1_Fe46Co34Ni10Mn4Al2Si5_BCC,DAV,11,-402.224466576,32.479
DFT/prep_pending/Run_45_SQS_cand1_Fe46Co34Ni10Mn4Al2Si5_BCC,DAV,12,-399.92380823,2.3007
DFT/prep_pending/Run_45_SQS_cand1_Fe46Co34Ni10Mn4Al2Si5_BCC,DAV,13,-400.942366886,-1.0186
DFT/prep_pending/Run_45_SQS_cand1_Fe46Co34Ni10Mn4Al2Si5_BCC,DAV,14,-399.941290257,1.0011
DFT/prep_pending/Run_45_SQS_cand1_Fe46Co34Ni10Mn4Al2Si5_BCC,DAV,15,-400.43352311,-0.49223
DFT/prep_pending/Run_45_SQS_cand1_Fe46Co34Ni10Mn4Al2Si5_BCC,DAV,16,-400.494574366,-0.061051
DFT/prep_pending/Run_45_SQS_cand1_Fe46Co34Ni10Mn4Al2Si5_BCC,DAV,17,-400.328438671,0.16614
DFT/prep_pending/Run_45_SQS_cand1_Fe46Co34Ni10Mn4Al2Si5_BCC,DAV,18,-400.721757268,-0.39332
DFT/prep_pending/Run_45_SQS_cand1_Fe46Co34Ni10Mn4Al2Si5_BCC,DAV,19,-400.703512978,0.018244
DFT/prep_pending/Run_45_SQS_cand1_Fe46Co34Ni10Mn4Al2Si5_BCC,DAV,20,-400.972561641,-0.26905
DFT/prep_pending/Run_45_SQS_cand1_Fe46Co34Ni10Mn4Al2Si5_BCC,DAV,21,-400.989007423,-0.016446
DFT/prep_pending/Run_45_SQS_cand1_Fe46Co34Ni10Mn4Al2Si5_BCC,DAV,22,-401.034484069,-0.045477
DFT/prep_pending/Run_45_SQS_cand1_Fe46Co34Ni10Mn4Al2Si5_BCC,DAV,23,-401.093576396,-0.059092
DFT/prep_pending/Run_45_SQS_cand1_Fe46Co34Ni10Mn4Al2Si5_BCC,DAV,24,-401.107635048,-0.014059
DFT/prep_pending/Run_45_SQS_cand1_Fe46Co34Ni10Mn4Al2Si5_BCC,DAV,25,-401.195615572,-0.087981
DFT/prep_pending/Run_45_SQS_cand1_Fe46Co34Ni10Mn4Al2Si5_BCC,DAV,26,-401.274714464,-0.079099
DFT/prep_pending/Run_45_SQS_cand1_Fe46Co34Ni10Mn4Al2Si5_BCC,DAV,27,-401.43944268,-0.16473
DFT/prep_pending/Run_45_SQS_cand1_Fe46Co34Ni10Mn4Al2Si5_BCC,DAV,28,-401.347860352,0.091582
DFT/prep_pending/Run_45_SQS_cand1_Fe46Co34Ni10Mn4Al2Si5_BCC,DAV,29,-401.367002033,-0.019142
DFT/prep_pending/Run_45_SQS_cand1_Fe46Co34Ni10Mn4Al2Si5_BCC,DAV,30,-401.33061051,0.036392
DFT/prep_pending/Run_45_SQS_cand1_Fe46Co34Ni10Mn4Al2Si5_BCC,DAV,31,-401.332945729,-0.0023352
DFT/prep_pending/Run_45_SQS_cand1_Fe46Co34Ni10Mn4Al2Si5_BCC,DAV,32,-401.329119808,0.0038259
DFT/prep_pending/Run_45_SQS_cand1_Fe46Co34Ni10Mn4Al2Si5_BCC,DAV,33,-401.328750558,0.00036925
DFT/prep_pending/Run_45_SQS_cand1_Fe46Co34Ni10Mn4Al2Si5_BCC,DAV,34,-401.328434014,0.00031654
DFT/prep_pending/Run_45_SQS_cand1_Fe46Co34Ni10Mn4Al2Si5_BCC,DAV,35,-401.327811258,0.00062276
DFT/prep_pending/Run_45_SQS_cand1_Fe46Co34Ni10Mn4Al2Si5_BCC,DAV,36,-401.328131863,-0.00032061
DFT/prep_pending/Run_45_SQS_cand1_Fe46Co34Ni10Mn4Al2Si5_BCC,DAV,37,-401.327794182,0.00033768
DFT/prep_pending/Run_45_SQS_cand1_Fe46Co34Ni10Mn4Al2Si5_BCC,DAV,38,-401.327979214,-0.00018503
DFT/prep_pending/Run_45_SQS_cand1_Fe46Co34Ni10Mn4Al2Si5_BCC,DAV,39,-401.327832339,0.00014688
DFT/prep_pending/Run_45_SQS_cand1_Fe46Co34Ni10Mn4Al2Si5_BCC,DAV,40,-401.327848328,-1.5989e-05
DFT/prep_pending/Run_45_SQS_cand1_Fe46Co34Ni10Mn4Al2Si5_BCC,DAV,41,-401.327815126,3.3202e-05
DFT/prep_pending/Run_45_SQS_cand1_Fe46Co34Ni10Mn4Al2Si5_BCC,DAV,42,-401.327815919,-7.9282e-07
DFT/prep_pending/Run_45_SQS_cand1_Fe46Co34Ni10Mn4Al2Si5_BCC,DAV,43,-401.327812155,3.764e-06
DFT/prep_pending/Run_45_SQS_cand1_Fe46Co34Ni10Mn4Al2Si5_BCC,DAV,44,-401.327812785,-6.2963e-07
DFT/prep_pending/Run_45_SQS_cand1_Fe46Co34Ni10Mn4Al2Si5_BCC/scf,DAV,1,9224.14433121,9224.1
DFT/prep_pending/Run_45_SQS_cand1_Fe46Co34Ni10Mn4Al2Si5_BCC/scf,DAV,2,946.63107091,-8277.5
DFT/prep_pending/Run_45_SQS_cand1_Fe46Co34Ni10Mn4Al2Si5_BCC/scf,DAV,3,-347.638650698,-1294.3
DFT/prep_pending/Run_45_SQS_cand1_Fe46Co34Ni10Mn4Al2Si5_BCC/scf,DAV,4,-453.407578937,-105.77
DFT/prep_pending/Run_45_SQS_cand1_Fe46Co34Ni10Mn4Al2Si5_BCC/scf,DAV,5,-456.46931617,-3.0617
DFT/prep_pending/Run_45_SQS_cand1_Fe46Co34Ni10Mn4Al2Si5_BCC/scf,DAV,6,-449.377997254,7.0913
DFT/prep_pending/Run_45_SQS_cand1_Fe46Co34Ni10Mn4Al2Si5_BCC/scf,DAV,7,-496.180854038,-46.803
DFT/prep_pending/Run_45_SQS_cand1_Fe46Co34Ni10Mn4Al2Si5_BCC/scf,DAV,8,-439.377651293,56.803
DFT/prep_pending/Run_45_SQS_cand1_Fe46Co34Ni10Mn4Al2Si5_BCC/scf,DAV,9,-402.815999449,36.562
DFT/prep_pending/Run_45_SQS_cand1_Fe46Co34Ni10Mn4Al2Si5_BCC/scf,DAV,10,-434.704796844,-31.889
DFT/prep_pending/Run_45_SQS_cand1_Fe46Co34Ni10Mn4Al2Si5_BCC/scf,DAV,11,-402.215927889,32.489
DFT/prep_pending/Run_45_SQS_cand1_Fe46Co34Ni10Mn4Al2Si5_BCC/scf,DAV,12,-399.914283223,2.3016
DFT/prep_pending/Run_45_SQS_cand1_Fe46Co34Ni10Mn4Al2Si5_BCC/scf,DAV,13,-400.932145108,-1.0179
DFT/prep_pending/Run_45_SQS_cand1_Fe46Co34Ni10Mn4Al2Si5_BCC/scf,DAV,14,-399.932316446,0.99983
DFT/prep_pending/Run_45_SQS_cand1_Fe46Co34Ni10Mn4Al2Si5_BCC/scf,DAV,15,-400.424881997,-0.49257
DFT/prep_pending/Run_45_SQS_cand1_Fe46Co34Ni10Mn4Al2Si5_BCC/scf,DAV,16,-400.485310792,-0.060429
DFT/prep_pending/Run_45_SQS_cand1_Fe46Co34Ni10Mn4Al2Si5_BCC/scf,DAV,17,-400.319547577,0.16576
DFT/prep_pending/Run_45_SQS_cand1_Fe46Co34Ni10Mn4Al2Si5_BCC/scf,DAV,18,-400.713290629,-0.39374
DFT/prep_pending/Run_45_SQS_cand1_Fe46Co34Ni10Mn4Al2Si5_BCC/scf,DAV,19,-400.694775797,0.018515
DFT/prep_pending/Run_45_SQS_cand1_Fe46Co34Ni10Mn4Al2Si5_BCC/scf,DAV,20,-400.963691671,-0.26892
DFT/prep_pending/Run_45_SQS_cand1_Fe46Co34Ni10Mn4Al2Si5_BCC/scf,DAV,21,-400.980023893,-0.016332
DFT/prep_pending/Run_45_SQS_cand1_Fe46Co34Ni10Mn4Al2Si5_BCC/scf,DAV,22,-401.025465904,-0.045442
DFT/prep_pending/Run_45_SQS_cand1_Fe46Co34Ni10Mn4Al2Si5_BCC/scf,DAV,23,-401.084557909,-0.059092
DFT/prep_pending/Run_45_SQS_cand1_Fe46Co34Ni10Mn4Al2Si5_BCC/scf,DAV,24,-401.098599146,-0.014041
DFT/prep_pending/Run_45_SQS_cand1_Fe46Co34Ni10Mn4Al2Si5_BCC/scf,DAV,25,-401.186237778,-0.087639
DFT/prep_pending/Run_45_SQS_cand1_Fe46Co34Ni10Mn4Al2Si5_BCC/scf,DAV,26,-401.265322052,-0.079084
DFT/prep_pending/Run_45_SQS_cand1_Fe46Co34Ni10Mn4Al2Si5_BCC/scf,DAV,27,-401.430685408,-0.16536
DFT/prep_pending/Run_45_SQS_cand1_Fe46Co34Ni10Mn4Al2Si5_BCC/scf,DAV,28,-401.339190602,0.091495
DFT/prep_pending/Run_45_SQS_cand1_Fe46Co34Ni10Mn4Al2Si5_BCC/scf,DAV,29,-401.358347936,-0.019157
DFT/prep_pending/Run_45_SQS_cand1_Fe46Co34Ni10Mn4Al2Si5_BCC/scf,DAV,30,-401.32186348,0.036484
DFT/prep_pending/Run_45_SQS_cand1_Fe46Co34Ni10Mn4Al2Si5_BCC/scf,DAV,31,-401.32421516,-0.0023517
DFT/prep_pending/Run_45_SQS_cand1_Fe46Co34Ni10Mn4Al2Si5_BCC/scf,DAV,32,-401.320359766,0.0038554
DFT/prep_pending/Run_45_SQS_cand1_Fe46Co34Ni10Mn4Al2Si5_BCC/scf,DAV,33,-401.319993209,0.00036656
DFT/prep_pending/Run_45_SQS_cand1_Fe46Co34Ni10Mn4Al2Si5_BCC/scf,DAV,34,-401.319670267,0.00032294
DFT/prep_pending/Run_45_SQS_cand1_Fe46Co34Ni10Mn4Al2Si5_BCC/scf,DAV,35,-401.319050065,0.0006202
DFT/prep_pending/Run_45_SQS_cand1_Fe46Co34Ni10Mn4Al2Si5_BCC/scf,DAV,36,-401.319369946,-0.00031988
DFT/prep_pending/Run_45_SQS_cand1_Fe46Co34Ni10Mn4Al2Si5_BCC/scf,DAV,37,-401.319031946,0.000338
DFT/prep_pending/Run_45_SQS_cand1_Fe46Co34Ni10Mn4Al2Si5_BCC/scf,DAV,38,-401.319217943,-0.000186
DFT/prep_pending/Run_45_SQS_cand1_Fe46Co34Ni10Mn4Al2Si5_BCC/scf,DAV,39,-401.319070812,0.00014713
DFT/prep_pending/Run_45_SQS_cand1_Fe46Co34Ni10Mn4Al2Si5_BCC/scf,DAV,40,-401.319086887,-1.6075e-05
DFT/prep_pending/Run_45_SQS_cand1_Fe46Co34Ni10Mn4Al2Si5_BCC/scf,DAV,41,-401.319053557,3.333e-05
DFT/prep_pending/Run_45_SQS_cand1_Fe46Co34Ni10Mn4Al2Si5_BCC/scf,DAV,42,-401.319054347,-7.8971e-07
DFT/prep_pending/Run_45_SQS_cand1_Fe46Co34Ni10Mn4Al2Si5_BCC/scf,DAV,43,-401.319050548,3.7987e-06
DFT/prep_pending/Run_45_SQS_cand1_Fe46Co34Ni10Mn4Al2Si5_BCC/scf,DAV,44,-401.319051186,-6.3784e-07
DFT/prep_pending/Run_47_SQS_cand2_Fe38Co40Ni5Mn1Al1Si14_BCC,DAV,1,7965.13424421,7965.1
DFT/prep_pending/Run_47_SQS_cand2_Fe38Co40Ni5Mn1Al1Si14_BCC,DAV,2,794.431791595,-7170.7
DFT/prep_pending/Run_47_SQS_cand2_Fe38Co40Ni5Mn1Al1Si14_BCC,DAV,3,-346.777069515,-1141.2
DFT/prep_pending/Run_47_SQS_cand2_Fe38Co40Ni5Mn1Al1Si14_BCC,DAV,4,-445.522788119,-98.746
DFT/prep_pending/Run_47_SQS_cand2_Fe38Co40Ni5Mn1Al1Si14_BCC,DAV,5,-448.828465269,-3.3057
DFT/prep_pending/Run_47_SQS_cand2_Fe38Co40Ni5Mn1Al1Si14_BCC,DAV,6,-440.715186961,8.1133
DFT/prep_pending/Run_47_SQS_cand2_Fe38Co40Ni5Mn1Al1Si14_BCC,DAV,7,-500.279248061,-59.564
DFT/prep_pending/Run_47_SQS_cand2_Fe38Co40Ni5Mn1Al1Si14_BCC,DAV,8,-423.774928325,76.504
DFT/prep_pending/Run_47_SQS_cand2_Fe38Co40Ni5Mn1Al1Si14_BCC,DAV,9,-397.478507703,26.296
DFT/prep_pending/Run_47_SQS_cand2_Fe38Co40Ni5Mn1Al1Si14_BCC,DAV,10,-410.628666836,-13.15
DFT/prep_pending/Run_47_SQS_cand2_Fe38Co40Ni5Mn1Al1Si14_BCC,DAV,11,-397.24840535,13.38
DFT/prep_pending/Run_47_SQS_cand2_Fe38Co40Ni5Mn1Al1Si14_BCC,DAV,12,-395.713496823,1.5349
DFT/prep_pending/Run_47_SQS_cand2_Fe38Co40Ni5Mn1Al1Si14_BCC,DAV,13,-395.54559841,0.1679
DFT/prep_pending/Run_47_SQS_cand2_Fe38Co40Ni5Mn1Al1Si14_BCC,DAV,14,-395.3999416,0.14566
DFT/prep_pending/Run_47_SQS_cand2_Fe38Co40Ni5Mn1Al1Si14_BCC,DAV,15,-395.705748319,-0.30581
DFT/prep_pending/Run_47_SQS_cand2_Fe38Co40Ni5Mn1Al1Si14_BCC,DAV,16,-395.502113504,0.20363
DFT/prep_pending/Run_47_SQS_cand2_Fe38Co40Ni5Mn1Al1Si14_BCC,DAV,17,-395.873364249,-0.37125
DFT/prep_pending/Run_47_SQS_cand2_Fe38Co40Ni5Mn1Al1Si14_BCC,DAV,18,-395.853073866,0.02029
DFT/prep_pending/Run_47_SQS_cand2_Fe38Co40Ni5Mn1Al1Si14_BCC,DAV,19,-396.076799769,-0.22373
DFT/prep_pending/Run_47_SQS_cand2_Fe38Co40Ni5Mn1Al1Si14_BCC,DAV,20,-395.996969966,0.07983
DFT/prep_pending/Run_47_SQS_cand2_Fe38Co40Ni5Mn1Al1Si14_BCC,DAV,21,-395.879522593,0.11745
DFT/prep_pending/Run_47_SQS_cand2_Fe38Co40Ni5Mn1Al1Si14_BCC,DAV,22,-395.951568281,-0.072046
DFT/prep_pending/Run_47_SQS_cand2_Fe38Co40Ni5Mn1Al1Si14_BCC,DAV,23,-395.933215963,0.018352
DFT/prep_pending/Run_47_SQS_cand2_Fe38Co40Ni5Mn1Al1Si14_BCC,DAV,24,-395.966695129,-0.033479
DFT/prep_pending/Run_47_SQS_cand2_Fe38Co40Ni5Mn1Al1Si14_BCC,DAV,25,-395.958780742,0.0079144
DFT/prep_pending/Run_47_SQS_cand2_Fe38Co40Ni5Mn1Al1Si14_BCC,DAV,26,-395.938907014,0.019874
DFT/prep_pending/Run_47_SQS_cand2_Fe38Co40Ni5Mn1Al1Si14_BCC,DAV,27,-395.944684535,-0.0057775
DFT/prep_pending/Run_47_SQS_cand2_Fe38Co40Ni5Mn1Al1Si14_BCC,DAV,28,-395.93892516,0.0057594
DFT/prep_pending/Run_47_SQS_cand2_Fe38Co40Ni5Mn1Al1Si14_BCC,DAV,29,-395.940564803,-0.0016396
DFT/prep_pending/Run_47_SQS_cand2_Fe38Co40Ni5Mn1Al1Si14_BCC,DAV,30,-395.939304493,0.0012603
DFT/prep_pending/Run_47_SQS_cand2_Fe38Co40Ni5Mn1Al1Si14_BCC,DAV,31,-395.938968832,0.00033566
DFT/prep_pending/Run_47_SQS_cand2_Fe38Co40Ni5Mn1Al1Si14_BCC,DAV,32,-395.939193192,-0.00022436
DFT/prep_pending/Run_47_SQS_cand2_Fe38Co40Ni5Mn1Al1Si14_BCC,DAV,33,-395.938916026,0.00027717
DFT/prep_pending/Run_47_SQS_cand2_Fe38Co40Ni5Mn1Al1Si14_BCC,DAV,34,-395.938950105,-3.4079e-05
DFT/prep_pending/Run_47_SQS_cand2_Fe38Co40Ni5Mn1Al1Si14_BCC,DAV,35,-395.938903663,4.6442e-05
DFT/prep_pending/Run_47_SQS_cand2_Fe38Co40Ni5Mn1Al1Si14_BCC,DAV,36,-395.938908579,-4.9163e-06
DFT/prep_pending/Run_47_SQS_cand2_Fe38Co40Ni5Mn1Al1Si14_BCC,DAV,37,-395.938902523,6.056e-06
DFT/prep_pending/Run_47_SQS_cand2_Fe38Co40Ni5Mn1Al1Si14_BCC,DAV,38,-395.938898002,4.5216e-06
DFT/prep_pending/Run_47_SQS_cand2_Fe38Co40Ni5Mn1Al1Si14_BCC,DAV,39,-395.938899686,-1.6845e-06
DFT/prep_pending/Run_47_SQS_cand2_Fe38Co40Ni5Mn1Al1Si14_BCC,DAV,40,-395.938896366,3.3197e-06
DFT/prep_pending/Run_47_SQS_cand2_Fe38Co40Ni5Mn1Al1Si14_BCC,DAV,41,-395.938896766,-3.9969e-07
DFT/prep_pending/Run_47_SQS_cand2_Fe38Co40Ni5Mn1Al1Si14_BCC/scf,DAV,1,7965.11010335,7965.1
DFT/prep_pending/Run_47_SQS_cand2_Fe38Co40Ni5Mn1Al1Si14_BCC/scf,DAV,2,794.44716526,-7170.7
DFT/prep_pending/Run_47_SQS_cand2_Fe38Co40Ni5Mn1Al1Si14_BCC/scf,DAV,3,-346.769062833,-1141.2
DFT/prep_pending/Run_47_SQS_cand2_Fe38Co40Ni5Mn1Al1Si14_BCC/scf,DAV,4,-445.516201967,-98.747
DFT/prep_pending/Run_47_SQS_cand2_Fe38Co40Ni5Mn1Al1Si14_BCC/scf,DAV,5,-448.822178099,-3.306
DFT/prep_pending/Run_47_SQS_cand2_Fe38Co40Ni5Mn1Al1Si14_BCC/scf,DAV,6,-440.709348621,8.1128
DFT/prep_pending/Run_47_SQS_cand2_Fe38Co40Ni5Mn1Al1Si14_BCC/scf,DAV,7,-500.289305242,-59.58
DFT/prep_pending/Run_47_SQS_cand2_Fe38Co40Ni5Mn1Al1Si14_BCC/scf,DAV,8,-423.772670808,76.517
DFT/prep_pending/Run_47_SQS_cand2_Fe38Co40Ni5Mn1Al1Si14_BCC/scf,DAV,9,-397.472288842,26.3
DFT/prep_pending/Run_47_SQS_cand2_Fe38Co40Ni5Mn1Al1Si14_BCC/scf,DAV,10,-410.626695638,-13.154
DFT/prep_pending/Run_47_SQS_cand2_Fe38Co40Ni5Mn1Al1Si14_BCC/scf,DAV,11,-397.240165467,13.387
DFT/prep_pending/Run_47_SQS_cand2_Fe38Co40Ni5Mn1Al1Si14_BCC/scf,DAV,12,-395.70471915,1.5354
DFT/prep_pending/Run_47_SQS_cand2_Fe38Co40Ni5Mn1Al1Si14_BCC/scf,DAV,13,-395.536856579,0.16786
DFT/prep_pending/Run_47_SQS_cand2_Fe38Co40Ni5Mn1Al1Si14_BCC/scf,DAV,14,-395.390743462,0.14611
DFT/prep_pending/Run_47_SQS_cand2_Fe38Co40Ni5Mn1Al1Si14_BCC/scf,DAV,15,-395.69651618,-0.30577
DFT/prep_pending/Run_47_SQS_cand2_Fe38Co40Ni5Mn1Al1Si14_BCC/scf,DAV,16,-395.493107875,0.20341
DFT/prep_pending/Run_47_SQS_cand2_Fe38Co40Ni5Mn1Al1Si14_BCC/scf,DAV,17,-395.864463239,-0.37136
DFT/prep_pending/Run_47_SQS_cand2_Fe38Co40Ni5Mn1Al1Si14_BCC/scf,DAV,18,-395.84441376,0.020049
DFT/prep_pending/Run_47_SQS_cand2_Fe38Co40Ni5Mn1Al1Si14_BCC/scf,DAV,19,-396.06782376,-0.22341
DFT/prep_pending/Run_47_SQS_cand2_Fe38Co40Ni5Mn1Al1Si14_BCC/scf,DAV,20,-395.98831362,0.07951
DFT/prep_pending/Run_47_SQS_cand2_Fe38Co40Ni5Mn1Al1Si14_BCC/scf,DAV,21,-395.87073105,0.11758
DFT/prep_pending/Run_47_SQS_cand2_Fe38Co40Ni5Mn1Al1Si14_BCC/scf,DAV,22,-395.942780789,-0.07205
DFT/prep_pending/Run_47_SQS_cand2_Fe38Co40Ni5Mn1Al1Si14_BCC/scf,DAV,23,-395.924422602,0.018358
DFT/prep_pending/Run_47_SQS_cand2_Fe38Co40Ni5Mn1Al1Si14_BCC/scf,DAV,24,-395.957951298,-0.033529
DFT/prep_pending/Run_47_SQS_cand2_Fe38Co40Ni5Mn1Al1Si14_BCC/scf,DAV,25,-395.950108653,0.0078426
DFT/prep_pending/Run_47_SQS_cand2_Fe38Co40Ni5Mn1Al1Si14_BCC/scf,DAV,26,-395.930186035,0.019923
DFT/prep_pending/Run_47_SQS_cand2_Fe38Co40Ni5Mn1Al1Si14_BCC/scf,DAV,27,-395.935971783,-0.0057857
DFT/prep_pending/Run_47_SQS_cand2_Fe38Co40Ni5Mn1Al1Si14_BCC/scf,DAV,28,-395.930208015,0.0057638
DFT/prep_pending/Run_47_SQS_cand2_Fe38Co40Ni5Mn1Al1Si14_BCC/scf,DAV,29,-395.931843662,-0.0016356
DFT/prep_pending/Run_47_SQS_cand2_Fe38Co40Ni5Mn1Al1Si14_BCC/scf,DAV,30,-395.930588844,0.0012548
DFT/prep_pending/Run_47_SQS_cand2_Fe38Co40Ni5Mn1Al1Si14_BCC/scf,DAV,31,-395.930250165,0.00033868
DFT/prep_pending/Run_47_SQS_cand2_Fe38Co40Ni5Mn1Al1Si14_BCC/scf,DAV,32,-395.930477782,-0.00022762
DFT/prep_pending/Run_47_SQS_cand2_Fe38Co40Ni5Mn1Al1Si14_BCC/scf,DAV,33,-395.930196763,0.00028102
DFT/prep_pending/Run_47_SQS_cand2_Fe38Co40Ni5Mn1Al1Si14_BCC/scf,DAV,34,-395.93023075,-3.3987e-05
DFT/prep_pending/Run_47_SQS_cand2_Fe38Co40Ni5Mn1Al1Si14_BCC/scf,DAV,35,-395.930184386,4.6364e-05
DFT/prep_pending/Run_47_SQS_cand2_Fe38Co40Ni5Mn1Al1Si14_BCC/scf,DAV,36,-395.930189304,-4.9182e-06
DFT/prep_pending/Run_47_SQS_cand2_Fe38Co40Ni5Mn1Al1Si14_BCC/scf,DAV,37,-395.930183177,6.1276e-06
DFT/prep_pending/Run_47_SQS_cand2_Fe38Co40Ni5Mn1Al1Si14_BCC/scf,DAV,38,-395.930178763,4.4138e-06
DFT/prep_pending/Run_47_SQS_cand2_Fe38Co40Ni5Mn1Al1Si14_BCC/scf,DAV,39,-395.930180439,-1.6764e-06
DFT/prep_pending/Run_47_SQS_cand2_Fe38Co40Ni5Mn1Al1Si14_BCC/scf,DAV,40,-395.930177109,3.33e-06
DFT/prep_pending/Run_47_SQS_cand2_Fe38Co40Ni5Mn1Al1Si14_BCC/scf,DAV,41,-395.930177511,-4.0127e-07
DFT/prep_pending/Run_49_SQS_cand3_Fe26Co45Ni11Mn2Al4Si12_BCC,DAV,1,7383.75476168,7383.8
DFT/prep_pending/Run_49_SQS_cand3_Fe26Co45Ni11Mn2Al4Si12_BCC,DAV,2,694.229789574,-6689.5
DFT/prep_pending/Run_49_SQS_cand3_Fe26Co45Ni11Mn2Al4Si12_BCC,DAV,3,-335.71093897,-1029.9
DFT/prep_pending/Run_49_SQS_cand3_Fe26Co45Ni11Mn2Al4Si12_BCC,DAV,4,-426.300469003,-90.59
DFT/prep_pending/Run_49_SQS_cand3_Fe26Co45Ni11Mn2Al4Si12_BCC,DAV,5,-429.444983729,-3.1445
DFT/prep_pending/Run_49_SQS_cand3_Fe26Co45Ni11Mn2Al4Si12_BCC,DAV,6,-441.604567352,-12.16
DFT/prep_pending/Run_49_SQS_cand3_Fe26Co45Ni11Mn2Al4Si12_BCC,DAV,7,-462.832130032,-21.228
DFT/prep_pending/Run_49_SQS_cand3_Fe26Co45Ni11Mn2Al4Si12_BCC,DAV,8,-410.654200296,52.178
DFT/prep_pending/Run_49_SQS_cand3_Fe26Co45Ni11Mn2Al4Si12_BCC,DAV,9,-378.654648476,32.0
DFT/prep_pending/Run_49_SQS_cand3_Fe26Co45Ni11Mn2Al4Si12_BCC,DAV,10,-399.93134273,-21.277
DFT/prep_pending/Run_49_SQS_cand3_Fe26Co45Ni11Mn2Al4Si12_BCC,DAV,11,-378.974587106,20.957
DFT/prep_pending/Run_49_SQS_cand3_Fe26Co45Ni11Mn2Al4Si12_BCC,DAV,12,-376.225654509,2.7489
DFT/prep_pending/Run_49_SQS_cand3_Fe26Co45Ni11Mn2Al4Si12_BCC,DAV,13,-377.569412136,-1.3438
DFT/prep_pending/Run_49_SQS_cand3_Fe26Co45Ni11Mn2Al4Si12_BCC,DAV,14,-375.75365452,1.8158
DFT/prep_pending/Run_49_SQS_cand3_Fe26Co45Ni11Mn2Al4Si12_BCC,DAV,15,-376.205169883,-0.45152
DFT/prep_pending/Run_49_SQS_cand3_Fe26Co45Ni11Mn2Al4Si12_BCC,DAV,16,-376.098272973,0.1069
DFT/prep_pending/Run_49_SQS_cand3_Fe26Co45Ni11Mn2Al4Si12_BCC,DAV,17,-376.196675314,-0.098402
DFT/prep_pending/Run_49_SQS_cand3_Fe26Co45Ni11Mn2Al4Si12_BCC,DAV,18,-376.428930373,-0.23226
DFT/prep_pending/Run_49_SQS_cand3_Fe26Co45Ni11Mn2Al4Si12_BCC,DAV,19,-376.501698866,-0.072768
DFT/prep_pending/Run_49_SQS_cand3_Fe26Co45Ni11Mn2Al4Si12_BCC,DAV,20,-376.793674292,-0.29198
DFT/prep_pending/Run_49_SQS_cand3_Fe26Co45Ni11Mn2Al4Si12_BCC,DAV,21,-376.559929437,0.23374
DFT/prep_pending/Run_49_SQS_cand3_Fe26Co45Ni11Mn2Al4Si12_BCC,DAV,22,-376.631178435,-0.071249
DFT/prep_pending/Run_49_SQS_cand3_Fe26Co45Ni11Mn2Al4Si12_BCC,DAV,23,-376.631039069,0.00013937
DFT/prep_pending/Run_49_SQS_cand3_Fe26Co45Ni11Mn2Al4Si12_BCC,DAV,24,-376.627883588,0.0031555
DFT/prep_pending/Run_49_SQS_cand3_Fe26Co45Ni11Mn2Al4Si12_BCC,DAV,25,-376.64008302,-0.012199
DFT/prep_pending/Run_49_SQS_cand3_Fe26Co45Ni11Mn2Al4Si12_BCC,DAV,26,-376.616684375,0.023399
DFT/prep_pending/Run_49_SQS_cand3_Fe26Co45Ni11Mn2Al4Si12_BCC,DAV,27,-376.624573961,-0.0078896
DFT/prep_pending/Run_49_SQS_cand3_Fe26Co45Ni11Mn2Al4Si12_BCC,DAV,28,-376.616907039,0.0076669
DFT/prep_pending/Run_49_SQS_cand3_Fe26Co45Ni11Mn2Al4Si12_BCC,DAV,29,-376.616841019,6.602e-05
DFT/prep_pending/Run_49_SQS_cand3_Fe26Co45Ni11Mn2Al4Si12_BCC,DAV,30,-376.616379147,0.00046187
DFT/prep_pending/Run_49_SQS_cand3_Fe26Co45Ni11Mn2Al4Si12_BCC,DAV,31,-376.615244853,0.0011343
DFT/prep_pending/Run_49_SQS_cand3_Fe26Co45Ni11Mn2Al4Si12_BCC,DAV,32,-376.615451393,-0.00020654
DFT/prep_pending/Run_49_SQS_cand3_Fe26Co45Ni11Mn2Al4Si12_BCC,DAV,33,-376.615315284,0.00013611
DFT/prep_pending/Run_49_SQS_cand3_Fe26Co45Ni11Mn2Al4Si12_BCC,DAV,34,-376.615347058,-3.1774e-05
DFT/prep_pending/Run_49_SQS_cand3_Fe26Co45Ni11Mn2Al4Si12_BCC,DAV,35,-376.615329609,1.7449e-05
DFT/prep_pending/Run_49_SQS_cand3_Fe26Co45Ni11Mn2Al4Si12_BCC,DAV,36,-376.615290609,3.9e-05
DFT/prep_pending/Run_49_SQS_cand3_Fe26Co45Ni11Mn2Al4Si12_BCC,DAV,37,-376.615299068,-8.4594e-06
DFT/prep_pending/Run_49_SQS_cand3_Fe26Co45Ni11Mn2Al4Si12_BCC,DAV,38,-376.615286166,1.2903e-05
DFT/prep_pending/Run_49_SQS_cand3_Fe26Co45Ni11Mn2Al4Si12_BCC,DAV,39,-376.615288179,-2.0131e-06
DFT/prep_pending/Run_49_SQS_cand3_Fe26Co45Ni11Mn2Al4Si12_BCC,DAV,40,-376.615285136,3.0424e-06
DFT/prep_pending/Run_49_SQS_cand3_Fe26Co45Ni11Mn2Al4Si12_BCC,DAV,41,-376.615284861,2.753e-07
DFT/prep_pending/Run_49_SQS_cand3_Fe26Co45Ni11Mn2Al4Si12_BCC/scf,DAV,1,7383.73150319,7383.7
DFT/prep_pending/Run_49_SQS_cand3_Fe26Co45Ni11Mn2Al4Si12_BCC/scf,DAV,2,694.243209794,-6689.5
DFT/prep_pending/Run_49_SQS_cand3_Fe26Co45Ni11Mn2Al4Si12_BCC/scf,DAV,3,-335.704024975,-1029.9
DFT/prep_pending/Run_49_SQS_cand3_Fe26Co45Ni11Mn2Al4Si12_BCC/scf,DAV,4,-426.295035758,-90.591
DFT/prep_pending/Run_49_SQS_cand3_Fe26Co45Ni11Mn2Al4Si12_BCC/scf,DAV,5,-429.439712351,-3.1447
DFT/prep_pending/Run_49_SQS_cand3_Fe26Co45Ni11Mn2Al4Si12_BCC/scf,DAV,6,-441.59968617,-12.16
DFT/prep_pending/Run_49_SQS_cand3_Fe26Co45Ni11Mn2Al4Si12_BCC/scf,DAV,7,-462.834423502,-21.235
DFT/prep_pending/Run_49_SQS_cand3_Fe26Co45Ni11Mn2Al4Si12_BCC/scf,DAV,8,-410.654622334,52.18
DFT/prep_pending/Run_49_SQS_cand3_Fe26Co45Ni11Mn2Al4Si12_BCC/scf,DAV,9,-378.649243707,32.005
DFT/prep_pending/Run_49_SQS_cand3_Fe26Co45Ni11Mn2Al4Si12_BCC/scf,DAV,10,-399.932284314,-21.283
DFT/prep_pending/Run_49_SQS_cand3_Fe26Co45Ni11Mn2Al4Si12_BCC/scf,DAV,11,-378.968069462,20.964
DFT/prep_pending/Run_49_SQS_cand3_Fe26Co45Ni11Mn2Al4Si12_BCC/scf,DAV,12,-376.217457751,2.7506
DFT/prep_pending/Run_49_SQS_cand3_Fe26Co45Ni11Mn2Al4Si12_BCC/scf,DAV,13,-377.561321745,-1.3439
DFT/prep_pending/Run_49_SQS_cand3_Fe26Co45Ni11Mn2Al4Si12_BCC/scf,DAV,14,-375.74554053,1.8158
DFT/prep_pending/Run_49_SQS_cand3_Fe26Co45Ni11Mn2Al4Si12_BCC/scf,DAV,15,-376.197329314,-0.45179
DFT/prep_pending/Run_49_SQS_cand3_Fe26Co45Ni11Mn2Al4Si12_BCC/scf,DAV,16,-376.090169592,0.10716
DFT/prep_pending/Run_49_SQS_cand3_Fe26Co45Ni11Mn2Al4Si12_BCC/scf,DAV,17,-376.188572885,-0.098403
DFT/prep_pending/Run_49_SQS_cand3_Fe26Co45Ni11Mn2Al4Si12_BCC/scf,DAV,18,-376.420910301,-0.23234
DFT/prep_pending/Run_49_SQS_cand3_Fe26Co45Ni11Mn2Al4Si12_BCC/scf,DAV,19,-376.49344428,-0.072534
DFT/prep_pending/Run_49_SQS_cand3_Fe26Co45Ni11Mn2Al4Si12_BCC/scf,DAV,20,-376.785662993,-0.29222
DFT/prep_pending/Run_49_SQS_cand3_Fe26Co45Ni11Mn2Al4Si12_BCC/scf,DAV,21,-376.551894632,0.23377
DFT/prep_pending/Run_49_SQS_cand3_Fe26Co45Ni11Mn2Al4Si12_BCC/scf,DAV,22,-376.623066951,-0.071172
DFT/prep_pending/Run_49_SQS_cand3_Fe26Co45Ni11Mn2Al4Si12_BCC/scf,DAV,23,-376.623045585,2.1365e-05
DFT/prep_pending/Run_49_SQS_cand3_Fe26Co45Ni11Mn2Al4Si12_BCC/scf,DAV,24,-376.619922244,0.0031233
DFT/prep_pending/Run_49_SQS_cand3_Fe26Co45Ni11Mn2Al4Si12_BCC/scf,DAV,25,-376.632153139,-0.012231
DFT/prep_pending/Run_49_SQS_cand3_Fe26Co45Ni11Mn2Al4Si12_BCC/scf,DAV,26,-376.608715358,0.023438
DFT/prep_pending/Run_49_SQS_cand3_Fe26Co45Ni11Mn2Al4Si12_BCC/scf,DAV,27,-376.616615801,-0.0079004
DFT/prep_pending/Run_49_SQS_cand3_Fe26Co45Ni11Mn2Al4Si12_BCC/scf,DAV,28,-376.608940112,0.0076757
DFT/prep_pending/Run_49_SQS_cand3_Fe26Co45Ni11Mn2Al4Si12_BCC/scf,DAV,29,-376.608871903,6.8209e-05
DFT/prep_pending/Run_49_SQS_cand3_Fe26Co45Ni11Mn2Al4Si12_BCC/scf,DAV,30,-376.608412001,0.0004599
DFT/prep_pending/Run_49_SQS_cand3_Fe26Co45Ni11Mn2Al4Si12_BCC/scf,DAV,31,-376.607274671,0.0011373
DFT/prep_pending/Run_49_SQS_cand3_Fe26Co45Ni11Mn2Al4Si12_BCC/scf,DAV,32,-376.607482061,-0.00020739
DFT/prep_pending/Run_49_SQS_cand3_Fe26Co45Ni11Mn2Al4Si12_BCC/scf,DAV,33,-376.607346395,0.00013567
DFT/prep_pending/Run_49_SQS_cand3_Fe26Co45Ni11Mn2Al4Si12_BCC/scf,DAV,34,-376.607376901,-3.0505e-05
DFT/prep_pending/Run_49_SQS_cand3_Fe26Co45Ni11Mn2Al4Si12_BCC/scf,DAV,35,-376.607362263,1.4637e-05
DFT/prep_pending/Run_49_SQS_cand3_Fe26Co45Ni11Mn2Al4Si12_BCC/scf,DAV,36,-376.607319942,4.2322e-05
DFT/prep_pending/Run_49_SQS_cand3_Fe26Co45Ni11Mn2Al4Si12_BCC/scf,DAV,37,-376.60732888,-8.938e-06
DFT/prep_pending/Run_49_SQS_cand3_Fe26Co45Ni11Mn2Al4Si12_BCC/scf,DAV,38,-376.60731598,1.29e-05
DFT/prep_pending/Run_49_SQS_cand3_Fe26Co45Ni11Mn2Al4Si12_BCC/scf,DAV,39,-376.607317994,-2.0139e-06
DFT/prep_pending/Run_49_SQS_cand3_Fe26Co45Ni11Mn2Al4Si12_BCC/scf,DAV,40,-376.607314945,3.0489e-06
DFT/prep_pending/Run_49_SQS_cand3_Fe26Co45Ni11Mn2Al4Si12_BCC/scf,DAV,41,-376.607314672,2.7223e-07
DFT/Temp MAE/Run_30_L12Fe3Co_MAE_001,DAV,1,679.84987106,679.85
DFT/Temp MAE/Run_30_L12Fe3Co_MAE_001,DAV,2,43.2316754871,-636.62
DFT/Temp MAE/Run_30_L12Fe3Co_MAE_001,DAV,3,-28.1916553332,-71.423
DFT/Temp MAE/Run_30_L12Fe3Co_MAE_001,DAV,4,-31.3712615559,-3.1796
DFT/Temp MAE/Run_30_L12Fe3Co_MAE_001,DAV,5,-31.4843324018,-0.11307
DFT/Temp MAE/Run_30_L12Fe3Co_MAE_001,DAV,6,-31.4866080005,-0.0022756
DFT/Temp MAE/Run_30_L12Fe3Co_MAE_001,DAV,7,-31.4867010087,-9.3008e-05
DFT/Temp MAE/Run_30_L12Fe3Co_MAE_001,DAV,8,-31.4955916304,-0.0088906
DFT/Temp MAE/Run_30_L12Fe3Co_MAE_001,DAV,9,-31.6419772387,-0.14639
DFT/Temp MAE/Run_30_L12Fe3Co_MAE_001,DAV,10,-31.8016525174,-0.15968
DFT/Temp MAE/Run_30_L12Fe3Co_MAE_001,DAV,11,-31.6476063541,0.15405
DFT/Temp MAE/Run_30_L12Fe3Co_MAE_001,DAV,12,-31.486702975,0.1609
DFT/Temp MAE/Run_30_L12Fe3Co_MAE_001,DAV,13,-31.4889371986,-0.0022342
DFT/Temp MAE/Run_30_L12Fe3Co_MAE_001,DAV,14,-31.4867029787,0.0022342
DFT/Temp MAE/Run_30_L12Fe3Co_MAE_001,DAV,15,-31.4867029792,-4.8703e-10
DFT/Temp MAE/Run_31_L12Fe3Co_MAE_100,DAV,1,679.84987106,679.85
DFT/Temp MAE/Run_31_L12Fe3Co_MAE_100,DAV,2,43.2316754867,-636.62
DFT/Temp MAE/Run_31_L12Fe3Co_MAE_100,DAV,3,-28.191655333,-71.423
DFT/Temp MAE/Run_31_L12Fe3Co_MAE_100,DAV,4,-31.3712615551,-3.1796
DFT/Temp MAE/Run_31_L12Fe3Co_MAE_100,DAV,5,-31.4843324019,-0.11307
DFT/Temp MAE/Run_31_L12Fe3Co_MAE_100,DAV,6,-31.4866079997,-0.0022756
DFT/Temp MAE/Run_31_L12Fe3Co_MAE_100,DAV,7,-31.4867010079,-9.3008e-05
DFT/Temp MAE/Run_31_L12Fe3Co_MAE_100,DAV,8,-31.4955915994,-0.0088906
DFT/Temp MAE/Run_31_L12Fe3Co_MAE_100,DAV,9,-31.641979349,-0.14639
DFT/Temp MAE/Run_31_L12Fe3Co_MAE_100,DAV,10,-31.8016882709,-0.15971
DFT/Temp MAE/Run_31_L12Fe3Co_MAE_100,DAV,11,-31.647667815,0.15402
DFT/Temp MAE/Run_31_L12Fe3Co_MAE_100,DAV,12,-31.4867029748,0.16096
DFT/Temp MAE/Run_31_L12Fe3Co_MAE_100,DAV,13,-31.4889410416,-0.0022381
DFT/Temp MAE/Run_31_L12Fe3Co_MAE_100,DAV,14,-31.4867029787,0.0022381
DFT/Temp MAE/Run_31_L12Fe3Co_MAE_100,DAV,15,-31.4867029792,-4.8476e-10
