virtual_id,Fe,Co,Ni,Mn,Al,Si,VEC,predicted_Tc_K,predicted_log10_Hc_Oe,predicted_Hc_Oe,passes_point_thresholds,nearest_training_composition_L1
0,0.548,0.14,0.088,0.189,0.035,0.0,7.952000000000001,832.0790319783555,1.73623286512968,54.4794688973727,False,0.4479999999999999
1,0.5795795795795795,0.1421421421421421,0.0950950950950951,0.1031031031031031,0.026026026026026,0.054054054054054,7.882882882882882,879.629323769892,1.3376654785499629,21.760330065454347,False,0.3663663663663664
2,0.5850000000000001,0.084,0.245,0.009,0.076,0.001,8.181000000000001,916.4292324869028,1.7615356810982887,57.74783156702736,False,0.3559999999999999
3,0.35,0.159,0.397,0.092,0.002,0.0,8.850999999999999,819.6310378005479,2.0416258274711367,110.05906715466044,False,0.3486666666666667
4,0.5105105105105106,0.041041041041041,0.1061061061061061,0.2142142142142142,0.1251251251251251,0.003003003003003,7.401401401401401,736.5663955509086,1.7689291947538448,58.73935789493503,False,0.5505505505505505
5,0.514,0.063,0.043,0.028,0.17,0.182,6.542999999999999,592.4393297553407,2.2019222879184026,159.19238448112475,False,0.6080000000000001
6,0.5811623246492985,0.1543086172344689,0.1663326653306613,0.0771543086172344,0.001002004008016,0.0200400801603206,8.324649298597194,947.06363758238,1.694868761917474,49.530049489028926,False,0.223058116232465
7,0.5124875124875126,0.1588411588411588,0.1958041958041958,0.1128871128871129,0.0189810189810189,0.0009990009990009,8.338661338661339,907.2246416236718,1.796761019462679,62.626915081898986,False,0.3513426573426573
8,0.6783216783216784,0.1838161838161838,0.0069930069930069,0.0539460539460539,0.0759240759240759,0.0009990009990009,7.760239760239761,737.573833466652,1.6414712834202585,43.79971488039941,False,0.2757242757242755
9,0.435,0.272,0.25,0.028,0.001,0.014,8.683000000000002,940.1092543462082,1.9103804271670213,81.35428399381739,False,0.2893333333333333
10,0.6316316316316316,0.2092092092092092,0.1161161161161161,0.016016016016016,0.014014014014014,0.013013013013013,8.303303303303304,976.331826865999,1.40967052195827,25.68446488364264,False,0.1113493493493493
11,0.335,0.485,0.132,0.039,0.0,0.009,8.674,912.00530445439,2.0114722680694417,102.67678651793187,False,0.36
12,0.3,0.255,0.048,0.176,0.119,0.102,7.172000000000001,691.3234874962367,1.487110868137654,30.69805558528669,False,0.3519999999999998
13,0.6136136136136136,0.3053053053053053,0.052052052052052,0.003003003003003,0.026026026026026,0.0,8.276276276276276,1017.0667468608552,1.445280650275068,27.87922200896635,True,0.1087727727727727
14,0.573,0.052,0.145,0.227,0.002,0.001,8.100999999999999,856.6933264085313,1.9031529285175544,80.01159509769626,False,0.3999999999999999
15,0.329,0.208,0.28,0.008,0.139,0.036,7.921,750.9231969875626,1.5955975447140138,39.40919327253107,False,0.3659999999999999
16,0.654308617234469,0.12625250501002,0.0791583166332665,0.0531062124248497,0.0,0.0871743486973947,7.882765531062124,887.2469573779507,1.4509348247702996,28.244560727143085,False,0.3348777555110219
17,0.5035035035035035,0.053053053053053,0.2142142142142142,0.039039039039039,0.07007007007007,0.1201201201201201,7.611611611611611,800.1592193854134,1.8205730760349244,66.15658456948796,False,0.5715715715715716
18,0.3223223223223223,0.1521521521521521,0.059059059059059,0.4024024024024024,0.017017017017017,0.047047047047047,7.594594594594594,622.974173780993,1.4502126288394914,28.197631381075304,False,0.6016016016016017
19,0.6853146853146853,0.0919080919080918,0.0209790209790209,0.0529470529470529,0.0019980019980019,0.1468531468531468,7.483516483516483,683.369267724868,1.636073733189985,43.25872681453185,False,0.3356643356643355
20,0.638,0.211,0.098,0.031,0.013,0.009,8.274999999999999,978.022598619246,1.4109278974162989,25.75893465654075,False,0.144
21,0.596,0.167,0.134,0.014,0.025,0.064,8.04,919.8965295424688,1.29688925080993,19.810217821432506,False,0.206
22,0.384,0.055,0.051,0.247,0.232,0.031,6.626,636.82478505141,1.8277628345275585,67.26092483132963,False,0.542
23,0.631,0.255,0.024,0.067,0.0,0.023,8.144,854.3057267054245,1.5908996345222632,38.98518814748587,False,0.1799999999999999
24,0.2802802802802803,0.1491491491491491,0.3683683683683683,0.1951951951951952,0.006006006006006,0.001001001001001,8.656656656656656,754.5289434016222,2.018486264455253,104.3485129630624,False,0.4744744744744744
25,0.5924075924075924,0.2657342657342658,0.0589410589410589,0.0789210789210789,0.0039960039960039,0.0,8.284715284715286,987.8042025986304,1.4259088486787663,26.662989931633145,False,0.1797162837162836
26,0.5024975024975026,0.2127872127872128,0.2097902097902098,0.0149850149850149,0.0059940059940059,0.0539460539460539,8.371628371628372,937.3765720613987,1.388484986217373,24.46160709561207,False,0.2634305694305693
27,0.506,0.442,0.05,0.001,0.001,0.0,8.536000000000001,908.5697079144942,1.9331122666753529,85.72594212135073,False,0.104
28,0.48,0.146,0.22,0.038,0.037,0.079,8.047,860.0086331925899,1.552225742150831,35.66364615048798,False,0.442
29,0.552,0.143,0.209,0.009,0.044,0.043,8.16,891.973153663574,1.4109595554346726,25.760812429765032,False,0.3039999999999999
30,0.6196196196196196,0.018018018018018,0.1341341341341341,0.034034034034034,0.1051051051051051,0.089089089089089,7.370370370370371,820.602317847362,1.356875008519535,22.744427439390083,False,0.4576956956956957
31,0.273,0.255,0.28,0.129,0.006,0.057,8.428,820.1687099061478,1.4852020625873732,30.563427957681927,False,0.3839999999999999
32,0.482,0.19,0.194,0.058,0.075,0.001,8.141000000000002,880.6397255066546,1.6995100695714092,50.06221598421924,False,0.35
33,0.3956043956043956,0.1008991008991009,0.2357642357642357,0.0009990009990009,0.0099900099900099,0.2567432567432567,7.4945054945054945,766.7553891722267,1.878969437781036,75.67796369673516,False,0.5962037962037962
34,0.227,0.445,0.213,0.114,0.001,0.0,8.751999999999999,903.6576332401144,2.037982389679522,109.13960802465184,False,0.4533333333333333
35,0.5685685685685685,0.1121121121121121,0.1951951951951952,0.1231231231231231,0.001001001001001,0.0,8.374374374374375,927.1948364549996,1.8005391385725589,63.17411091638454,False,0.3326386386386387
36,0.378,0.202,0.02,0.299,0.083,0.018,7.456,570.618655308327,1.581702416909901,38.16826483018162,False,0.43
37,0.4034034034034034,0.2352352352352352,0.2092092092092092,0.023023023023023,0.002002002002002,0.1271271271271271,8.112112112112111,857.0801239224386,1.7683672980390277,58.66340917502999,False,0.4311931931931931
38,0.465,0.235,0.149,0.085,0.044,0.022,8.14,916.5896311585916,1.6975365055738527,49.83523443077713,False,0.316
39,0.357,0.116,0.195,0.016,0.016,0.3,7.21,723.6277115586367,1.936417666814186,86.38088849923807,False,0.546
40,0.3363363363363363,0.3373373373373373,0.027027027027027,0.1071071071071071,0.1681681681681681,0.024024024024024,7.347347347347346,933.361935008004,1.4281051822911277,26.798172743269937,False,0.1384384384384384
41,0.468,0.127,0.071,0.013,0.029,0.292,6.9430000000000005,770.4986096097913,1.971316447769804,93.60875039207568,False,0.48
42,0.2697302697302697,0.2337662337662338,0.0709290709290709,0.1768231768231768,0.0739260739260739,0.1748251748251748,7.129870129870131,667.122090219503,1.6780132299943278,47.64455006330698,False,0.3291708291708291
43,0.35,0.253,0.275,0.082,0.02,0.02,8.541,858.9720060429197,1.9943786094351756,98.71396796923383,False,0.2773333333333333
44,0.583,0.279,0.11,0.013,0.007,0.008,8.419,1029.4478485375314,1.4617103539966887,28.95411893331531,True,0.158
45,0.6596596596596597,0.1541541541541541,0.003003003003003,0.077077077077077,0.1041041041041041,0.002002002002002,7.554554554554555,681.1473597029154,1.5530273916895114,35.72953726663823,False,0.3663663663663663
46,0.49,0.418,0.014,0.072,0.002,0.004,8.348,1073.5843159430542,1.6929665076012863,49.31357723025168,True,0.1839999999999999
47,0.5564435564435566,0.0759240759240759,0.2207792207792208,0.0799200799200799,0.0619380619380619,0.0049950049950049,8.10789210789211,881.6211733296252,1.8145752217184723,65.24920457097262,False,0.4292647352647351
48,0.581,0.135,0.17,0.073,0.041,0.0,8.197,936.3201342949264,1.702604174035499,50.42015472125806,False,0.262
49,0.385,0.421,0.086,0.033,0.019,0.056,8.241,1006.4103416629322,1.4324710511511392,27.06892764048164,True,0.388
50,0.68,0.101,0.141,0.056,0.001,0.021,8.238000000000001,957.45799291507,1.675775101995768,47.399646414619866,False,0.2780000000000001
51,0.617,0.165,0.128,0.046,0.002,0.042,8.197000000000001,949.2836593844064,1.2470416724481903,17.66207287841864,False,0.18
52,0.346,0.328,0.276,0.01,0.006,0.034,8.704,897.617271317481,2.0006888459986305,100.15873850918224,False,0.1253333333333332
53,0.644,0.185,0.142,0.018,0.007,0.004,8.4,977.6054078031176,1.4623220483522432,28.99492891490101,False,0.108
54,0.5000000000000001,0.085,0.097,0.21,0.105,0.003,7.532000000000002,785.0989308521818,1.7605616055069369,57.6184545648327,False,0.5799999999999998
55,0.2212212212212212,0.4434434434434434,0.2932932932932932,0.015015015015015,0.008008008008008,0.019019019019019,8.898898898898898,891.7866539077011,1.9793384338547344,95.35389414850376,False,0.3043043043043043
56,0.722,0.103,0.151,0.007,0.016,0.001,8.314,958.6379670896972,1.753139220499456,56.64208357922569,False,0.24
57,0.361,0.144,0.316,0.13,0.032,0.017,8.418,820.1904257155553,1.938202038919708,86.73652904864367,False,0.4133333333333333
58,0.5701402805611222,0.1032064128256513,0.1302605210420841,0.1903807615230461,0.002004008016032,0.0040080160320641,8.147294589178356,890.8231566352003,1.839677713715452,69.13177594191409,False,0.3927855711422846
59,0.3636363636363636,0.2067932067932068,0.2247752247752248,0.1758241758241758,0.0129870129870129,0.0159840159840159,8.351648351648352,798.7710226929246,1.9409667630744425,87.29045617042702,False,0.4163836163836164
60,0.237,0.177,0.22,0.111,0.253,0.002,7.233,596.0958616399803,1.7536902308778868,56.71399373383475,False,0.6200000000000001
61,0.5144855144855146,0.0949050949050949,0.0959040959040959,0.0929070929070929,0.1988011988011988,0.0029970029970029,7.187812187812189,818.9177349194106,1.59907997735352,39.7264700880359,False,0.5734265734265733
62,0.6096096096096096,0.072072072072072,0.1601601601601601,0.1561561561561561,0.001001001001001,0.001001001001001,8.227227227227228,927.9971011475236,1.8655190638087689,73.3700920277828,False,0.3306366366366365
63,0.6090000000000001,0.132,0.075,0.115,0.062,0.007,7.829000000000001,902.3752877910562,1.6087861804153938,40.62432710076783,False,0.3679999999999999
64,0.163,0.407,0.137,0.087,0.0,0.206,7.77,850.195152546473,1.585604649452524,38.51276054906028,False,0.3999999999999999
65,0.271,0.202,0.176,0.096,0.019,0.236,7.419,637.0690014483204,1.6916925306921178,49.169130764550985,False,0.256
66,0.404,0.215,0.175,0.073,0.0,0.133,7.960000000000001,790.1812681308918,1.7101795980541488,51.30735164462472,False,0.438
67,0.639,0.26,0.002,0.037,0.058,0.004,7.920999999999999,833.2409630764741,1.5722959513280714,37.35045969632338,False,0.1979999999999999
68,0.5575575575575576,0.1791791791791791,0.1251251251251251,0.1341341341341341,0.0,0.004004004004004,8.27927927927928,934.2596030249648,1.6492336058389616,44.58960301834491,False,0.2762762762762762
69,0.6956956956956957,0.091091091091091,0.1091091091091091,0.0990990990990991,0.0,0.005005005005005,8.19019019019019,941.2530302166572,1.793037996654889,62.092335676795045,False,0.2886086086086086
70,0.5708582834331337,0.1706586826347305,0.0898203592814371,0.0978043912175648,0.0449101796407185,0.0259481037924151,7.924151696606787,896.688844016421,1.6009396327294394,39.89694414451972,False,0.3373253493013972
71,0.5664335664335665,0.2387612387612387,0.1058941058941059,0.0369630369630369,0.0519480519480519,0.0,8.153846153846153,960.4334283966848,1.4377961132218728,27.40287396342032,False,0.1993446553446553
72,0.481,0.269,0.147,0.008,0.063,0.032,8.112,932.9684768996392,1.6799386199364508,47.856245096235625,False,0.288
73,0.371,0.417,0.059,0.071,0.07,0.012,8.065999999999999,983.0287598799056,1.6382190652462505,43.47294535285437,False,0.318
74,0.686626746506986,0.0658682634730539,0.0878243512974051,0.060878243512974,0.0459081836327345,0.0528942115768463,7.739520958083832,859.1821178420433,1.314664232887042,20.637839607135994,False,0.3350099800399201
75,0.621,0.09,0.217,0.047,0.0,0.025,8.377,950.7459801654554,1.7132242197029548,51.6683056106452,False,0.276
76,0.553,0.228,0.118,0.023,0.041,0.037,8.088000000000001,920.3907739470844,1.428521260198132,26.823859163462,False,0.2019999999999999
77,0.3006993006993007,0.1978021978021978,0.3186813186813186,0.0159840159840159,0.1548451548451548,0.0119880119880119,7.997002997002997,751.866111008264,1.7496449629932704,56.18817973737016,False,0.3656343656343656
78,0.7162837162837163,0.1948051948051948,0.0439560439560439,0.0229770229770229,0.0119880119880119,0.0099900099900099,8.159840159840162,891.7818999201504,1.4875321389996627,30.7278475147238,False,0.1864775224775225
79,0.785,0.036,0.166,0.004,0.009,0.0,8.319,916.8962306017706,1.92675919504398,84.4810290013498,False,0.098
80,0.461,0.331,0.051,0.118,0.022,0.017,8.137,960.2523473374536,1.798613288799295,62.894589772437264,False,0.358
81,0.525,0.221,0.01,0.224,0.002,0.018,7.935,711.7171894297094,1.7576942429842322,57.23929064331085,False,0.4879999999999999
82,0.528,0.153,0.136,0.082,0.084,0.017,7.855,862.5345617435518,1.6478979019792082,44.452675166555885,False,0.366
83,0.4594594594594595,0.1271271271271271,0.1181181181181181,0.1991991991991992,0.015015015015015,0.081081081081081,7.764764764764765,775.3450009245167,1.5884468892964745,38.76563383758257,False,0.548948948948949
84,0.526,0.223,0.092,0.01,0.07,0.079,7.731,872.005049379689,1.4166409806545122,26.100028445123943,False,0.318
85,0.663,0.025,0.281,0.031,0.0,0.0,8.556000000000001,927.3438932058328,1.848702990101576,70.58346754889416,False,0.274
86,0.416,0.085,0.27,0.162,0.014,0.053,8.181000000000001,831.4558060830293,1.5022058590101022,31.78380290970141,False,0.6000000000000001
87,0.51,0.104,0.01,0.031,0.344,0.001,6.369,622.8705504214353,1.4331162559762889,27.109172182434666,False,0.4199999999999999
88,0.2202202202202202,0.1401401401401401,0.1801801801801801,0.4144144144144144,0.005005005005005,0.04004004004004,7.9009009009009,543.859634889342,1.4822580800310003,30.35694613560771,False,0.4792792792792793
89,0.177,0.154,0.164,0.005,0.312,0.188,6.165,493.2609183862433,2.051087257256671,112.48309492155568,False,0.6240000000000001
90,0.3316683316683317,0.4095904095904096,0.0629370629370629,0.1628371628371628,0.0049950049950049,0.0279720279720279,8.235764235764236,981.8650609693418,1.8345680060487533,68.32316966592329,False,0.3266733266733266
91,0.4304304304304304,0.2642642642642643,0.2602602602602603,0.013013013013013,0.023023023023023,0.009009009009009,8.62062062062062,943.9637376517144,1.8666554849256825,73.56233141884745,False,0.2842842842842842
92,0.67,0.098,0.129,0.059,0.033,0.011,8.088000000000001,913.6323722788104,1.6471101980006588,44.372121959199816,False,0.308
93,0.2012012012012012,0.2422422422422422,0.2582582582582582,0.1281281281281281,0.1161161161161161,0.054054054054054,7.833833833833832,595.626501991712,1.3446487453548834,22.11305496175377,False,0.4356356356356355
94,0.5815815815815816,0.1511511511511511,0.1371371371371371,0.018018018018018,0.1041041041041041,0.008008008008008,7.854854854854855,886.051894216575,1.5577514758533837,36.12031057340096,False,0.2602602602602602
95,0.3936063936063936,0.1488511488511488,0.3036963036963037,0.1188811188811189,0.0249750249750249,0.0099900099900099,8.472527472527473,851.3736631145449,1.8335373576377825,68.16122039005553,False,0.4282384282384283
96,0.5414585414585414,0.1218781218781218,0.1458541458541458,0.0069930069930069,0.0369630369630369,0.1468531468531468,7.634365634365634,842.7081958272792,1.7970539681730064,62.66917365038295,False,0.3816183816183816
97,0.5584415584415584,0.1088911088911088,0.1048951048951048,0.1168831168831168,0.0199800199800199,0.0909090909090909,7.738261738261738,840.8826049266979,1.5816539673776755,38.16400704771322,False,0.4555444555444556
98,0.1548451548451548,0.2057942057942058,0.0679320679320679,0.3096903096903097,0.0019980019980019,0.2597402597402597,6.983016983016984,425.147798606301,1.7456223188306792,55.67014068616204,False,0.2787212787212788
99,0.297,0.372,0.114,0.004,0.055,0.158,7.689,948.3335501221,1.8034454077954023,63.59828547346143,False,0.4399999999999999
100,0.4271457085828343,0.1826347305389221,0.1576846307385229,0.0029940119760479,0.1586826347305389,0.0708582834331337,7.418163672654691,806.1893921831596,1.366294811343481,23.24314070895326,False,0.474439121756487
101,0.7017017017017017,0.1891891891891892,0.045045045045045,0.058058058058058,0.0,0.006006006006006,8.197197197197196,879.8546314525065,1.55352757617755,35.770711300342484,False,0.1955315315315315
102,0.583,0.035,0.115,0.053,0.086,0.128,7.27,797.7952531648224,1.623548846486372,42.02897963537269,False,0.534
103,0.256,0.301,0.175,0.154,0.09,0.024,7.951,800.8748709753232,1.7632279832826854,57.97329478988424,False,0.4059999999999999
104,0.547,0.123,0.051,0.154,0.121,0.004,7.450000000000001,748.0956751865527,1.493989581061269,31.18814761292701,False,0.5120000000000001
105,0.322,0.415,0.126,0.127,0.009,0.001,8.491,992.4367056360942,1.9760377103275384,94.6319327877254,False,0.3839999999999999
106,0.5145145145145146,0.1221221221221221,0.2672672672672673,0.004004004004004,0.004004004004004,0.088088088088088,8.28028028028028,903.2640934861356,1.7038240363930677,50.56197579422446,False,0.4207267267267267
107,0.6803196803196805,0.0879120879120879,0.0909090909090909,0.0919080919080919,0.0419580419580419,0.0069930069930069,7.940059940059942,917.722248755112,1.6977847347362744,49.86372683628437,False,0.3193606393606392
108,0.4954954954954955,0.1901901901901902,0.0950950950950951,0.1351351351351351,0.072072072072072,0.012012012012012,7.836836836836836,867.9188040110413,1.5704754249755792,37.194217381504586,False,0.4384384384384384
109,0.1871871871871872,0.5335335335335336,0.013013013013013,0.2232232232232232,0.004004004004004,0.039039039039039,8.16016016016016,875.8894640528937,1.6036270236608463,40.14458971085198,False,0.421921921921922
110,0.3146853146853147,0.2127872127872128,0.1308691308691308,0.3166833166833167,0.0029970029970029,0.0219780219780219,8.054945054945055,743.022086605232,1.8683992834780168,73.8582959566601,False,0.4943056943056944
111,0.369,0.293,0.026,0.297,0.006,0.009,7.982000000000001,788.7433904254204,1.825125690536027,66.85373730830815,False,0.4020000000000001
112,0.5245245245245245,0.1561561561561561,0.1711711711711711,0.018018018018018,0.026026026026026,0.104104104104104,7.933933933933933,845.1148055266207,1.6442143888564695,44.07723964795476,False,0.3326386386386387
113,0.4724724724724724,0.033033033033033,0.1781781781781781,0.1411411411411411,0.072072072072072,0.1031031031031031,7.475475475475474,757.3346903005627,1.741960522378151,55.20272574001626,False,0.682988988988989
114,0.6092184368737474,0.1222444889779559,0.0871743486973947,0.003006012024048,0.001002004008016,0.1773547094188376,7.579158316633267,879.9455190223248,1.6793001858898928,47.78594576883946,False,0.3627254509018036
115,0.445,0.213,0.168,0.077,0.034,0.063,8.05,874.7406713030285,1.3587234785593838,22.84143993480996,False,0.378
116,0.4285714285714285,0.2657342657342657,0.0269730269730269,0.2627372627372627,0.0009990009990009,0.0149850149850149,7.992007992007991,817.1352104806653,1.7904709951046698,61.726406576623056,False,0.4665334665334664
117,0.473,0.059,0.09,0.161,0.176,0.041,7.034,802.3385397972402,1.3393039457791895,21.842580541072408,False,0.582
118,0.4515484515484516,0.2067932067932068,0.0139860139860139,0.3206793206793207,0.0,0.0069930069930069,7.886113886113888,671.2054864223056,1.853093978849199,71.30073041484033,False,0.4555444555444554
119,0.4374374374374374,0.3443443443443443,0.01001001001001,0.1321321321321321,0.061061061061061,0.015015015015015,7.866866866866866,956.524696701608,1.5759834279479237,37.66894247836174,False,0.2249249249249249
120,0.429,0.213,0.173,0.074,0.082,0.029,7.959000000000001,849.9662207077907,1.6942154133291936,49.45559296211778,False,0.41
121,0.296,0.124,0.344,0.059,0.163,0.014,7.882,717.1824701020374,1.7791082095104356,60.13235455594188,False,0.4933333333333333
122,0.4245754245754246,0.1618381618381618,0.3026973026973027,0.0809190809190809,0.0299700299700299,0.0,8.536463536463536,888.3098299824617,1.8861472482677213,76.93912594570212,False,0.4042624042624043
123,0.507,0.273,0.119,0.081,0.008,0.012,8.342,964.3578226771276,1.6572804198945548,45.42348171645677,False,0.292
124,0.576,0.305,0.015,0.052,0.001,0.051,8.074,866.019862607194,1.4070906995396368,25.532344731733044,False,0.238
125,0.613,0.122,0.212,0.003,0.027,0.023,8.316,957.092277052828,1.6580962337638392,45.50888905009228,False,0.224
126,0.4694694694694694,0.095095095095095,0.061061061061061,0.1911911911911911,0.1771771771771771,0.006006006006006,7.116116116116115,718.9707372770308,1.6225767062864784,41.93500569050644,False,0.5098098098098097
127,0.5845845845845846,0.0920920920920921,0.1271271271271271,0.078078078078078,0.002002002002002,0.1161161161161161,7.793793793793794,869.463488645314,1.7170644441586511,52.12720559671519,False,0.3923923923923924
128,0.483,0.262,0.154,0.04,0.023,0.038,8.263,953.8341915902904,1.5475955185778854,35.285438475624176,False,0.272
129,0.589,0.09,0.27,0.014,0.001,0.036,8.467,948.4461950147944,1.618374357063571,41.53118826570679,False,0.336
130,0.736,0.101,0.037,0.007,0.09,0.029,7.602,743.1411982804234,1.651681292679462,44.84161986066755,False,0.3259999999999999
131,0.378,0.407,0.138,0.041,0.0,0.036,8.498,904.9427318914808,1.7526450334997976,56.57766677792473,False,0.3906666666666666
132,0.7182817182817184,0.1068931068931069,0.0309690309690309,0.0769230769230769,0.0629370629370629,0.0039960039960039,7.761238761238762,758.1181318380497,1.7253632797467902,53.13287055763178,False,0.3414985014985014
133,0.506,0.303,0.056,0.014,0.111,0.01,7.806000000000001,889.836782606404,1.5001090282129366,31.630716393178243,False,0.3239999999999999
134,0.5974025974025975,0.0279720279720279,0.2087912087912088,0.1058941058941059,0.0309690309690309,0.0289710289710289,8.06893106893107,874.1657379067144,1.8163800466151871,65.52092901487235,False,0.4051948051948052
135,0.384,0.231,0.075,0.2,0.094,0.016,7.647000000000002,766.6250641945092,1.654484208203037,45.131961417850825,False,0.3500000000000001
136,0.628,0.139,0.095,0.012,0.107,0.019,7.706,883.5730604142663,1.5213358063659013,33.215118513290975,False,0.294
137,0.4840319361277445,0.3493013972055888,0.1157684630738523,0.0039920159680638,0.0029940119760479,0.0439121756487025,8.386227544910179,1052.645956622532,1.4880684745468258,30.765818564583185,True,0.3333333333333333
138,0.458,0.283,0.011,0.166,0.008,0.074,7.803,812.559497732319,1.4522683984157976,28.33142365725577,False,0.4180000000000001
139,0.5594405594405596,0.2667332667332668,0.1098901098901099,0.0609390609390609,0.0019980019980019,0.0009990009990009,8.411588411588413,986.8806383840376,1.4846946347696113,30.52773863268168,False,0.2053386613386612
140,0.335,0.201,0.261,0.065,0.135,0.003,7.971000000000002,759.0025087396995,1.79695358236274,62.65468954107417,False,0.4093333333333333
141,0.7542457542457544,0.1248751248751249,0.1098901098901099,0.0019980019980019,0.0069930069930069,0.0019980019980019,8.2997002997003,963.8058185544852,1.7683310637209808,58.65851493841538,False,0.2400000000000001
142,0.4414414414414414,0.1691691691691691,0.1961961961961962,0.062062062062062,0.1201201201201201,0.011011011011011,7.854854854854855,816.5782866125012,1.644106006180109,44.06624108972459,False,0.4727787787787788
143,0.2182182182182181,0.2012012012012012,0.2612612612612612,0.2692692692692692,0.017017017017017,0.033033033033033,8.237237237237236,599.0947584672458,1.771707611528935,59.11634997356616,False,0.3339339339339338
144,0.3726273726273726,0.4575424575424576,0.0459540459540459,0.0739260739260739,0.0489510489510489,0.0009990009990009,8.226773226773227,1015.2484493847684,1.7140140684032417,51.762359942029406,True,0.3396603396603396
145,0.309,0.391,0.204,0.019,0.001,0.076,8.471,981.9674530649504,1.6524673846685711,44.9228586527096,False,0.3073333333333333
146,0.6106106106106105,0.2642642642642642,0.042042042042042,0.018018018018018,0.001001001001001,0.064064064064064,8.069069069069068,894.3618296123918,1.2339826608225437,17.13888879246273,False,0.1661661661661662
147,0.3183183183183183,0.1551551551551551,0.3223223223223223,0.1511511511511511,0.043043043043043,0.01001001001001,8.393393393393394,801.5051119151891,1.866923225875343,73.60769630762569,False,0.4084084084084083
148,0.7257257257257257,0.048048048048048,0.005005005005005,0.2142142142142142,0.004004004004004,0.003003003003003,7.811811811811811,658.4031082239525,2.015776972692501,103.69957409325006,False,0.4023408023408024
149,0.2162162162162162,0.2922922922922922,0.2162162162162162,0.1711711711711711,0.06006006006006,0.044044044044044,8.077077077077075,708.7978083124627,1.461222395968048,28.92160537103956,False,0.3695695695695694
150,0.385,0.276,0.073,0.087,0.142,0.037,7.477,825.3734262600362,1.365002669657982,23.174088953029177,False,0.29
151,0.3073073073073073,0.3293293293293293,0.2902902902902903,0.032032032032032,0.011011011011011,0.03003003003003,8.702702702702702,898.3531162405726,2.0601323498030477,114.85035708254884,False,0.146146146146146
152,0.469,0.332,0.112,0.03,0.057,0.0,8.241,991.6625224596006,1.802322856869245,63.43411086302029,False,0.382
153,0.3646353646353646,0.1018981018981019,0.0819180819180819,0.3626373626373627,0.0609390609390609,0.0279720279720279,7.486513486513488,693.4453253883914,1.8661335960629477,73.47398513540338,False,0.5938061938061937
154,0.238,0.061,0.516,0.146,0.038,0.001,8.753,675.5560471271784,1.7874264124218762,61.29519237585352,False,0.524
155,0.5905905905905905,0.3253253253253253,0.036036036036036,0.041041041041041,0.0,0.007007007007007,8.328328328328327,994.3789283309324,1.6572690452038503,45.422292036848525,False,0.1681681681681682
156,0.507,0.135,0.273,0.03,0.004,0.051,8.427,930.3573818961804,1.4944534433761247,31.221476922140344,False,0.41
157,0.472,0.234,0.077,0.17,0.014,0.033,8.016,891.4235570315373,1.672694666212997,47.06463188506071,False,0.446
158,0.529,0.187,0.074,0.186,0.003,0.021,8.05,843.562429116974,1.726592555061546,53.2834767787324,False,0.42
159,0.277,0.27,0.111,0.181,0.107,0.054,7.56,753.9392203778629,1.247505231226877,17.680935149024773,False,0.3919999999999999
160,0.4824824824824825,0.2812812812812813,0.078078078078078,0.021021021021021,0.1321321321321321,0.005005005005005,7.735735735735736,894.1305963019373,1.4840018237151775,30.479077885564877,False,0.371035035035035
161,0.604,0.153,0.164,0.021,0.041,0.017,8.187,935.2877187823068,1.5538421828738729,35.79663330235223,False,0.18
162,0.4194194194194194,0.2112112112112112,0.014014014014014,0.3463463463463463,0.006006006006006,0.003003003003003,7.85085085085085,653.8143702828631,1.896841132711376,78.85716010614901,False,0.4842380842380841
163,0.43,0.211,0.188,0.02,0.006,0.145,7.957000000000001,811.2348513352985,1.759745306883412,57.51025680402013,False,0.412
164,0.449,0.28,0.219,0.014,0.034,0.004,8.518,949.772701430975,1.8468213630806476,70.27831869294488,False,0.3353333333333333
165,0.333,0.098,0.421,0.067,0.0,0.081,8.549000000000001,794.3237965876715,1.6611971479074048,45.8349907359259,False,0.4713333333333333
166,0.3713713713713714,0.091091091091091,0.1421421421421421,0.2292292292292292,0.1601601601601601,0.006006006006006,7.321321321321321,657.2534816131391,1.747375569272981,55.89533575934802,False,0.5178178178178178
167,0.703,0.122,0.041,0.053,0.001,0.08,7.826,778.6114586822015,1.4174832800345505,26.15069768254479,False,0.3380000000000001
168,0.398,0.033,0.371,0.041,0.155,0.002,7.951,752.5357851671315,1.8343549319114736,68.28965708306774,False,0.4619999999999999
169,0.484,0.195,0.05,0.268,0.001,0.002,8.014,808.030642300278,1.7817638037895702,60.5011742441242,False,0.4959999999999999
170,0.328,0.258,0.135,0.061,0.049,0.169,7.546000000000001,759.1100358662171,1.7833801888885812,60.72677096038522,False,0.47
171,0.634,0.129,0.068,0.166,0.0,0.003,8.087,944.818887111255,1.7336379091255931,54.1549188170724,False,0.368
172,0.3846153846153846,0.3056943056943056,0.2477522477522477,0.0339660339660339,0.0189810189810189,0.0089910089910089,8.636363636363637,911.875666326938,1.9949695515816712,98.84837895556934,False,0.2264402264402264
173,0.539,0.127,0.095,0.168,0.056,0.015,7.809000000000001,862.5331567917774,1.6981998851061817,49.91141531235576,False,0.478
174,0.728,0.213,0.039,0.009,0.004,0.007,8.233999999999998,897.7535454406709,1.5095577599157184,32.32643107033633,False,0.1600000000000001
175,0.5074925074925075,0.2727272727272727,0.1728271728271728,0.0159840159840159,0.0,0.0309690309690309,8.478521478521479,971.5307484109056,1.7472148222392514,55.87465083892047,False,0.223014985014985
176,0.518,0.225,0.158,0.078,0.001,0.02,8.378,949.058655857007,1.677546356534256,47.59335893646172,False,0.208
177,0.515,0.249,0.136,0.005,0.085,0.01,8.051,927.6616505664532,1.6224364337690709,41.92146331500293,False,0.2419999999999999
178,0.5895895895895895,0.1361361361361361,0.042042042042042,0.033033033033033,0.1411411411411411,0.058058058058058,7.249249249249248,728.9276877247867,1.082398256427993,12.089219317169794,False,0.4644644644644644
179,0.6566566566566567,0.02002002002002,0.077077077077077,0.031031031031031,0.061061061061061,0.1541541541541541,7.221221221221221,819.3056412175101,1.5974597318649624,39.57853655956782,False,0.3783783783783783
180,0.478,0.3390000000000001,0.072,0.002,0.024,0.085,8.021,948.8613740394144,1.6184917583574658,41.542416762804805,False,0.3659999999999999
181,0.313,0.157,0.213,0.175,0.036,0.106,7.804,674.4081155417498,1.6154950833939337,41.25675664525362,False,0.324
182,0.1361361361361361,0.3993993993993994,0.2672672672672672,0.087087087087087,0.057057057057057,0.053053053053053,8.34934934934935,916.512344479034,1.431163982364779,26.987582462650817,False,0.5265265265265265
183,0.5644355644355644,0.0479520479520479,0.0819180819180819,0.0719280719280719,0.1868131868131868,0.0469530469530469,7.017982017982018,839.1775070609943,1.2558156015449842,18.022523544072925,False,0.4975024975024975
184,0.51,0.286,0.092,0.048,0.058,0.006,8.108,941.975413145693,1.588428921079313,38.76403000666341,False,0.3159999999999998
185,0.4045954045954046,0.3086913086913087,0.0569430569430569,0.0309690309690309,0.1978021978021978,0.0009990009990009,7.398601398601399,810.4473319984645,1.3964595075226094,24.914920602449552,False,0.3206793206793207
186,0.6073926073926074,0.1268731268731268,0.1668331668331668,0.0489510489510489,0.0239760239760239,0.0259740259740259,8.187812187812188,926.3362654181328,1.680332923338998,47.89971433150823,False,0.2254685314685315
187,0.509,0.353,0.104,0.009,0.011,0.014,8.441,1060.6113154291677,1.7373641207232826,54.62156266967016,True,0.2759999999999999
188,0.515,0.207,0.089,0.169,0.02,0.0,8.116,918.9580337005852,1.673479929830339,47.14980813631817,False,0.378
189,0.532,0.296,0.128,0.001,0.018,0.025,8.361,987.7500764345788,1.7159081593574517,51.98860441412871,False,0.2239999999999999
190,0.409,0.238,0.047,0.134,0.149,0.023,7.361000000000001,730.8030140573318,1.4378943098067465,27.409070617959472,False,0.258
191,0.347,0.073,0.219,0.297,0.022,0.042,7.935999999999999,678.293655818656,1.5687358458334253,37.04553284402849,False,0.57
192,0.455,0.266,0.224,0.044,0.002,0.009,8.624,942.8571775331146,1.8709275642561372,74.28952204672845,False,0.328
193,0.5425425425425425,0.1661661661661661,0.1151151151151151,0.1281281281281281,0.043043043043043,0.005005005005005,8.033033033033032,867.3744383258206,1.6027761202333044,40.0660123201598,False,0.3523523523523523
194,0.494,0.124,0.253,0.106,0.0,0.023,8.432,909.3695115455812,1.8839113443542783,76.544033613878,False,0.4580000000000001
195,0.286,0.203,0.174,0.15,0.173,0.014,7.48,702.6885173840182,1.622023828333507,41.881654359663,False,0.4219999999999999
196,0.643,0.043,0.04,0.1,0.037,0.137,7.29,711.338741061254,1.5474418773600804,35.272957684074896,False,0.4399999999999998
197,0.577,0.164,0.056,0.173,0.026,0.004,7.957000000000001,809.101400510786,1.5852614812457335,38.48234078714366,False,0.406
198,0.396,0.173,0.366,0.029,0.029,0.007,8.703,873.5424980251139,1.9013841009863983,79.68638052873128,False,0.3206666666666667
199,0.5630000000000001,0.111,0.236,0.085,0.001,0.004,8.477,927.9866834727966,1.8133254306583544,65.06170357518599,False,0.346
200,0.649,0.191,0.013,0.027,0.089,0.031,7.621,669.4791582682388,1.51142246263467,32.46552742153497,False,0.2939999999999999
201,0.4704704704704704,0.2202202202202202,0.05005005005005,0.1841841841841842,0.002002002002002,0.073073073073073,7.833833833833834,800.3627994547307,1.4733993574042792,29.74399897106616,False,0.5185185185185185
202,0.617,0.167,0.081,0.12,0.002,0.013,8.147,952.6286505219726,1.4865445528127343,30.658051739532542,False,0.27
203,0.4225774225774226,0.1318681318681319,0.0959040959040959,0.1898101898101898,0.1568431568431568,0.0029970029970029,7.337662337662339,724.3909714312715,1.6265507841355862,42.32049942119627,False,0.4362637362637363
204,0.5265265265265265,0.2892892892892892,0.1641641641641641,0.007007007007007,0.013013013013013,0.0,8.545545545545545,956.2677152044726,1.692333623804693,49.241766429480855,False,0.1849469469469469
205,0.6173826173826175,0.1888111888111888,0.1508491508491508,0.0099900099900099,0.0319680319680319,0.0009990009990009,8.316683316683317,970.2409831338056,1.473774686259418,29.769715637878345,False,0.0859140859140858
206,0.616,0.087,0.042,0.052,0.18,0.023,7.127,735.0775149879754,1.468194833131598,29.38967835609739,False,0.408
207,0.574,0.201,0.055,0.083,0.024,0.063,7.856,844.125976095849,1.2526525614743549,17.891739300806748,False,0.34
208,0.5024975024975026,0.2187812187812188,0.1668331668331668,0.0139860139860139,0.0749250749250749,0.0229770229770229,8.071928071928072,917.793526063627,1.6536527809719386,45.045642001713645,False,0.2514425574425574
209,0.679,0.09,0.077,0.154,0.0,0.0,8.09,946.318058715936,1.8153133873287464,65.36020223879027,False,0.3279999999999999
210,0.4665334665334665,0.0949050949050949,0.0859140859140858,0.1838161838161837,0.0099900099900099,0.1588411588411588,7.397602397602396,742.642013167089,1.898448597584742,79.14957688795154,False,0.5530469530469532
211,0.4335664335664336,0.2947052947052947,0.1138861138861139,0.1038961038961039,0.0029970029970029,0.0509490509490509,8.199800199800201,931.9310786842613,1.440443096545988,27.570401873650244,False,0.4490949050949051
212,0.6726726726726727,0.1151151151151151,0.09009009009009,0.0980980980980981,0.008008008008008,0.016016016016016,8.093093093093094,921.0728407501538,1.6678556365653008,46.54313541918369,False,0.3297697697697699
213,0.247,0.159,0.347,0.027,0.054,0.166,7.891999999999999,659.0622572169798,1.7856353951288078,61.04293337026168,False,0.496
214,0.4855144855144854,0.0429570429570429,0.2777222777222777,0.1628371628371628,0.0119880119880119,0.0189810189810189,8.2997002997003,876.4847020361092,1.901995477572003,79.79863775728836,False,0.4735264735264736
215,0.744,0.216,0.017,0.002,0.021,0.0,8.142999999999999,829.4892842652721,1.6790276246621505,47.75596493703842,False,0.1538461538461539
216,0.763,0.01,0.15,0.002,0.033,0.042,7.975,847.7293765379362,1.3504301459950638,22.4093957333696,False,0.174
217,0.7697697697697697,0.0940940940940941,0.0970970970970971,0.002002002002002,0.009009009009009,0.028028028028028,8.12912912912913,911.942009594926,1.6637028525382127,46.10020456567984,False,0.24
218,0.441,0.164,0.106,0.198,0.073,0.018,7.741,779.4030351226165,1.685266426163262,48.446948340596016,False,0.526
219,0.2907092907092907,0.1088911088911089,0.3056943056943057,0.0039960039960039,0.2267732267732268,0.0639360639360639,7.326673326673327,704.1043957411209,1.3219849321526718,20.988670621661928,False,0.5894105894105893
220,0.5994005994005994,0.0689310689310689,0.0839160839160839,0.1318681318681319,0.1128871128871129,0.0029970029970029,7.528471528471529,840.0371491732124,1.6899825154871595,48.9759101476479,False,0.4955044955044955
221,0.212,0.413,0.178,0.056,0.141,0.0,8.008,901.2922430979336,1.7185895473283972,52.31058144306962,False,0.482
222,0.5774225774225774,0.1108891108891109,0.0209790209790209,0.1578421578421578,0.0009990009990009,0.1318681318681319,7.462537462537464,642.2657531195229,1.713397284573216,51.68889935725835,False,0.5294705294705294
223,0.4225774225774226,0.0869130869130869,0.0899100899100899,0.0199800199800199,0.0,0.3806193806193806,6.724275724275724,745.5657765615496,2.546227811340833,351.744901690054,False,0.3936063936063935
224,0.458,0.307,0.018,0.109,0.001,0.107,7.801,805.0831887910524,1.654520651175566,45.13574873707381,False,0.466
225,0.5850000000000001,0.174,0.194,0.018,0.023,0.006,8.405000000000001,958.6310916420456,1.576864291644644,37.74542255854556,False,0.1759999999999999
226,0.3176823176823177,0.2587412587412587,0.0949050949050949,0.0489510489510489,0.2327672327672328,0.0469530469530469,7.047952047952048,808.4513305822824,1.2695222936478652,18.60040042246943,False,0.4492507492507492
227,0.496,0.25,0.225,0.003,0.025,0.001,8.568,950.206932085845,1.7613347093336738,57.72111467510565,False,0.246
228,0.5284715284715285,0.1178821178821178,0.0489510489510489,0.1148851148851148,0.1618381618381618,0.0279720279720279,7.17982017982018,749.7393897226261,1.6054991924155917,40.31801967163632,False,0.5344655344655345
229,0.7497497497497497,0.2072072072072072,0.014014014014014,0.025025025025025,0.003003003003003,0.001001001001001,8.19119119119119,803.92981486909,1.735359784515177,54.37005652570073,False,0.1538461538461539
230,0.264,0.187,0.334,0.098,0.005,0.112,8.283999999999999,712.4002988395587,1.7273348208502772,53.37462304309441,False,0.4060000000000001
231,0.2627372627372627,0.5454545454545454,0.1008991008991009,0.0299700299700299,0.0469530469530469,0.0139860139860139,8.426573426573425,1022.1215485981256,1.8569627278700345,71.93872359225007,True,0.3836163836163836
232,0.135,0.262,0.416,0.144,0.003,0.04,8.775,543.7254467981945,1.523016153834469,33.34388149821783,False,0.5393333333333333
233,0.4034034034034034,0.4054054054054054,0.08008008008008,0.039039039039039,0.0,0.072072072072072,8.238238238238239,988.5844661591474,1.5044338364698546,31.94727620057893,False,0.3823823823823822
234,0.392,0.04,0.081,0.239,0.005,0.243,6.966,681.6518816013282,1.871570039581144,74.3995038871851,False,0.456
235,0.5675675675675675,0.019019019019019,0.2902902902902903,0.1001001001001001,0.023023023023023,0.0,8.384384384384385,893.3559747621305,1.8979192643395573,79.05316539288178,False,0.4194194194194194
236,0.4395604395604395,0.2717282717282717,0.0309690309690309,0.0569430569430569,0.0209790209790209,0.1798201798201797,7.452547452547452,749.3393071130607,1.7857031426764869,61.05245647448336,False,0.5154845154845155
237,0.498,0.222,0.187,0.021,0.064,0.008,8.223,930.1079515852028,1.624587475128041,42.12961352237511,False,0.254
238,0.4735264735264735,0.1568431568431568,0.1508491508491508,0.1998001998001998,0.0169830169830169,0.0019980019980019,8.165834165834166,865.644329632322,1.8631336025434213,72.96819486823021,False,0.4375624375624375
239,0.2937062937062937,0.3856143856143856,0.0989010989010989,0.1088911088911089,0.0899100899100899,0.0229770229770229,7.933066933066933,955.7879402045688,1.697724878816891,49.85685492408886,False,0.3149850149850149
240,0.552,0.23,0.066,0.014,0.129,0.009,7.667000000000002,856.4701502382745,1.3527727223298307,22.53059818398045,False,0.3079999999999999
241,0.404,0.216,0.207,0.173,0.0,0.0,8.456999999999999,867.711913578729,1.8935424569658028,78.26047093711118,False,0.4539999999999999
242,0.759,0.049,0.017,0.098,0.063,0.014,7.614,661.530636894587,1.674101285328168,47.2173147741825,False,0.3587619047619045
243,0.419,0.162,0.375,0.024,0.019,0.001,8.789000000000001,903.4031883141304,1.9797376836139584,95.44159391269471,False,0.3426666666666667
244,0.644,0.182,0.094,0.017,0.014,0.049,8.087,931.338214554237,1.2654067582503843,18.424968678371496,False,0.21
245,0.345,0.04,0.015,0.139,0.4600000000000001,0.001,5.627000000000002,516.8718169398429,1.7797782302127438,60.225197130132855,False,0.6519999999999999
246,0.53,0.127,0.108,0.126,0.062,0.047,7.719,829.3348270899976,1.3570377850176791,22.7529538018182,False,0.47
247,0.6726726726726726,0.039039039039039,0.102102102102102,0.1301301301301301,0.056056056056056,0.0,7.832832832832832,867.6603230121049,1.7988036853321436,62.92216907090011,False,0.4165765765765766
248,0.512,0.244,0.106,0.02,0.049,0.069,7.915000000000001,895.0163018101287,1.4145961578314858,25.97742848104748,False,0.308
249,0.3662674650698603,0.2145708582834331,0.218562874251497,0.187624750499002,0.0109780439121756,0.0019960079840319,8.401197604790422,820.205211606627,1.978823510558544,95.24090435186464,False,0.4207584830339322
250,0.6833166833166833,0.1288711288711288,0.0869130869130869,0.0099900099900099,0.0319680319680319,0.0589410589410589,7.897102897102897,919.5854452086386,1.2498196950674887,17.775412795457154,False,0.3022577422577422
251,0.551,0.228,0.021,0.133,0.067,0.0,7.802,786.0559627464388,1.4342715032296505,27.18138007017448,False,0.3999999999999998
252,0.2912912912912913,0.1971971971971972,0.3433433433433434,0.1281281281281281,0.028028028028028,0.012012012012012,8.567567567567568,791.585178729426,1.9143055918338725,82.09289888153319,False,0.3563563563563564
253,0.607,0.06,0.167,0.158,0.008,0.0,8.196,915.7238894050992,1.8739191948964236,74.80303085743078,False,0.36
254,0.5654345654345655,0.1838161838161838,0.0629370629370629,0.1608391608391608,0.0189810189810189,0.0079920079920079,8.021978021978022,848.7006325216402,1.542929898686235,34.90839638079871,False,0.3756243756243755
255,0.7532467532467534,0.0829170829170829,0.0719280719280719,0.0469530469530469,0.0079920079920079,0.0369630369630369,7.992007992007993,881.8641831870748,1.4677303381020872,29.35826174282489,False,0.2561438561438564
256,0.4145854145854146,0.1808191808191808,0.1428571428571428,0.2337662337662338,0.0079920079920079,0.0199800199800199,8.112887112887114,810.8583027609229,1.805644689258745,63.921166120649154,False,0.5126873126873128
257,0.601,0.012,0.137,0.16,0.058,0.032,7.708,818.3820072052264,1.6501214622441116,44.680853681742256,False,0.5000000000000001
258,0.642,0.237,0.041,0.017,0.0,0.063,8.05,875.9821125539278,1.2074076532441218,16.12158187595817,False,0.1599999999999999
259,0.5115115115115114,0.2852852852852852,0.1611611611611611,0.035035035035035,0.0,0.007007007007007,8.544544544544543,958.1798793191888,1.7220360144322804,52.72735844546614,False,0.214976976976977
260,0.174,0.28,0.432,0.065,0.047,0.002,8.836,601.6262042630162,1.956180985544286,90.40261342173036,False,0.4253333333333333
261,0.6853146853146853,0.1308691308691308,0.1388611388611388,0.0389610389610389,0.0019980019980019,0.0039960039960039,8.343656343656342,969.321950891402,1.7334523174652303,54.13178116626551,False,0.2225394605394605
262,0.4365634365634365,0.2537462537462537,0.0289710289710289,0.2327672327672327,0.0009990009990009,0.0469530469530469,7.886113886113884,766.7081657042727,1.426302995444953,26.68719908453409,False,0.4405594405594404
263,0.2277722277722277,0.2557442557442557,0.2637362637362637,0.1578421578421578,0.0199800199800199,0.0749250749250749,8.225774225774227,732.8569385608254,1.5334993571448583,34.158544506111355,False,0.3344655344655344
264,0.463,0.078,0.103,0.217,0.004,0.135,7.507,756.1929971678105,1.843131250409662,69.68370770737133,False,0.5680000000000001
265,0.6256256256256255,0.1851851851851851,0.104104104104104,0.061061061061061,0.011011011011011,0.013013013013013,8.225225225225223,954.905556606629,1.4491441706540027,28.128344385711173,False,0.1834214214214213
266,0.4155844155844156,0.1228771228771229,0.2487512487512487,0.0009990009990009,0.1158841158841159,0.0959040959040959,7.656343656343657,785.6095331818592,1.6351740703816988,43.16920694606108,False,0.5900765900765901
267,0.2912912912912913,0.3163163163163163,0.2202202202202202,0.1241241241241241,0.045045045045045,0.003003003003003,8.395395395395395,900.4413369701401,1.9817454624293045,95.88384969112673,False,0.3443443443443443
268,0.4,0.176,0.31,0.065,0.032,0.017,8.503,852.2518912823195,1.858139545569508,72.1339219456725,False,0.3613333333333333
269,0.663,0.088,0.034,0.05,0.162,0.003,7.284,700.4617353174607,1.5407058695455165,34.73008686497702,False,0.35
270,0.273,0.413,0.054,0.028,0.222,0.01,7.343,978.8002050865804,1.4428025478496758,27.720595002070365,False,0.3979999999999999
271,0.547,0.054,0.17,0.088,0.08,0.061,7.662000000000001,816.4405434870466,1.3871435072811606,24.386164961386477,False,0.4919999999999999
272,0.492,0.1,0.149,0.103,0.01,0.146,7.661,808.8793594474552,1.848345386741469,70.52537218448008,False,0.518
273,0.2797202797202797,0.1558441558441558,0.2767232767232767,0.0139860139860139,0.0979020979020978,0.1758241758241757,7.502497502497502,677.3125941279395,1.812218205679528,64.89604134664586,False,0.5086913086913087
274,0.336,0.165,0.188,0.128,0.092,0.091,7.588999999999999,694.0566913297743,1.5329727576612495,34.11715100113926,False,0.456
275,0.449,0.183,0.264,0.047,0.018,0.039,8.418000000000001,911.0632274197472,1.544008880234169,34.99523226035038,False,0.43
276,0.197,0.286,0.102,0.3430000000000001,0.059,0.013,7.800000000000001,605.4676646061228,1.7236325517759694,52.92154953467317,False,0.5760000000000001
277,0.2132132132132132,0.3703703703703703,0.1481481481481481,0.1741741741741741,0.083083083083083,0.011011011011011,8.033033033033032,906.6302343734174,1.7086230994314264,51.12379673274089,False,0.4074074074074073
278,0.431,0.27,0.268,0.01,0.0,0.021,8.712,945.7755034088864,1.9652914197092983,92.31906975623431,False,0.2573333333333333
279,0.255,0.049,0.606,0.06,0.005,0.025,9.076,735.777352249371,1.7565852965661686,57.09331979264992,False,0.388
280,0.3543543543543543,0.1401401401401401,0.1321321321321321,0.2032032032032032,0.045045045045045,0.1251251251251251,7.475475475475476,652.0722671993252,1.7038378016402127,50.56357841445595,False,0.4052052052052052
281,0.4355644355644356,0.1028971028971029,0.2047952047952048,0.2547452547452548,0.0009990009990009,0.0009990009990009,8.248751248751251,836.372461984195,1.9964283121507675,99.18096103194182,False,0.5922077922077923
282,0.665,0.195,0.073,0.036,0.03,0.001,8.151,969.1752371316596,1.439842475229313,27.53229886661813,False,0.1759999999999999
283,0.491,0.298,0.099,0.078,0.033,0.001,8.249000000000002,958.093057833226,1.701636151256202,50.30789563099979,False,0.354
284,0.587,0.217,0.078,0.016,0.043,0.059,7.906000000000001,919.0760688505884,1.2465307082317088,17.641304987642545,False,0.236
285,0.705,0.086,0.028,0.012,0.029,0.14,7.425,712.90799457672,1.5481482564238038,35.330375758280404,False,0.3099999999999999
286,0.421,0.325,0.055,0.096,0.084,0.019,7.843,896.4896457843593,1.618996513576286,41.59072716655187,False,0.29
287,0.4475524475524476,0.1938061938061938,0.0339660339660339,0.0789210789210789,0.2267732267732268,0.0189810189810189,6.973026973026975,717.0704446386025,1.5627863953054884,36.54150205925617,False,0.4545454545454546
288,0.4214214214214213,0.2462462462462462,0.1691691691691691,0.077077077077077,0.051051051051051,0.035035035035035,8.112112112112111,897.3653133049556,1.632186033076128,42.87321314735405,False,0.3951571571571571
289,0.479,0.384,0.066,0.048,0.007,0.016,8.369,1050.251015703398,1.7810510182543726,60.40195817277972,True,0.2739999999999999
290,0.49,0.235,0.069,0.083,0.12,0.003,7.678000000000001,869.1673869734285,1.4178538130002276,26.17301855165933,False,0.42
291,0.612,0.178,0.068,0.0,0.109,0.033,7.637,876.6835491253861,1.387431753658365,24.402355719507028,False,0.284
292,0.462,0.059,0.245,0.036,0.005,0.193,7.716,794.3815036802853,1.9588431567665563,90.95847214332116,False,0.5860000000000001
293,0.546,0.118,0.206,0.108,0.019,0.003,8.315000000000001,902.7552784954128,1.8706694098819796,74.24537581178186,False,0.3659999999999999
294,0.6316316316316316,0.1091091091091091,0.2152152152152152,0.009009009009009,0.0,0.035035035035035,8.39039039039039,953.5579084621588,1.574325750207549,37.52543628413599,False,0.2377817817817817
295,0.646,0.152,0.072,0.122,0.001,0.007,8.141,950.5241585009225,1.604125641504889,40.19070658489547,False,0.2999999999999999
296,0.655,0.093,0.13,0.095,0.027,0.0,8.123000000000001,925.4456951674958,1.7690037188266157,58.74943831725449,False,0.316
297,0.353,0.084,0.204,0.305,0.047,0.007,7.923999999999999,711.5793458041335,1.9843004065924303,96.44959461089402,False,0.6179999999999999
298,0.2822822822822822,0.3983983983983984,0.1711711711711711,0.036036036036036,0.067067067067067,0.045045045045045,8.18918918918919,953.570948798012,1.44230323095759,27.68874240406211,False,0.4264264264264264
299,0.628,0.106,0.099,0.045,0.118,0.004,7.653,882.6266821897127,1.590055932752795,38.90952533151226,False,0.352
300,0.3796203796203796,0.2957042957042957,0.0199800199800199,0.1538461538461538,0.1018981018981019,0.0489510489510489,7.476523476523477,741.8611349233973,1.1505168877981398,14.14219716772213,False,0.2047952047952048
301,0.328,0.05,0.298,0.158,0.128,0.038,7.696000000000001,665.175036934947,1.572067684128245,37.33083327928973,False,0.648
302,0.524,0.159,0.205,0.097,0.013,0.002,8.399000000000001,908.603340830021,1.771374346560196,59.07100320510505,False,0.328
303,0.538,0.222,0.027,0.098,0.019,0.096,7.699,741.7974098473753,1.50955738594076,32.32640323376227,False,0.4259999999999999
304,0.608,0.255,0.039,0.026,0.0,0.072,8.018999999999998,852.5223125478229,1.332973088291778,21.526483385120198,False,0.1959999999999999
305,0.486,0.078,0.137,0.038,0.261,0.0,7.009,837.6266439694416,1.67747420992506,47.58545320793665,False,0.506
306,0.371,0.245,0.016,0.305,0.04,0.023,7.68,691.1178132333282,1.750284558638303,56.27099034794337,False,0.43
307,0.533,0.027,0.221,0.036,0.015,0.168,7.686,806.765345953521,1.9387145797111296,86.83895321983918,False,0.534
308,0.4594594594594595,0.2012012012012012,0.0850850850850851,0.1311311311311311,0.075075075075075,0.048048048048048,7.6726726726726735,821.871097419116,1.306960451720616,20.274980804920016,False,0.4851851851851851
309,0.3696303696303696,0.2077922077922078,0.3066933066933067,0.0999000999000999,0.0149850149850149,0.0009990009990009,8.642357642357643,830.0862016261424,2.01206332481351,102.81662049048713,False,0.3043623043623043
310,0.3603603603603603,0.3313313313313313,0.2882882882882882,0.018018018018018,0.002002002002002,0.0,8.879879879879878,872.6004048177213,2.250286018322146,177.9450937735383,False,0.094094094094094
311,0.2837162837162837,0.2857142857142857,0.1928071928071928,0.0699300699300699,0.0979020979020979,0.0699300699300699,7.832167832167832,788.9268681065371,1.447684456639768,28.03396047144445,False,0.4755244755244755
312,0.483,0.1,0.114,0.142,0.014,0.147,7.527999999999999,795.0355073941381,1.83941881578222,69.09057638519005,False,0.594
313,0.4835164835164834,0.4025974025974025,0.0109890109890109,0.0339660339660339,0.0,0.0689310689310689,8.114885114885114,981.4657007537704,1.4459482509906536,27.922111113179657,False,0.2277722277722278
314,0.531,0.333,0.059,0.002,0.031,0.044,8.118,958.1190003978533,1.4012680029275306,25.19231064526701,False,0.2719999999999999
315,0.368,0.387,0.047,0.083,0.114,0.001,7.824,975.0808125788787,1.4589455906398472,28.77037950565258,False,0.206
316,0.3990000000000001,0.058,0.154,0.176,0.005,0.208,7.333000000000001,672.7959937850362,1.8468076686199288,70.27610266547717,False,0.4240000000000001
317,0.222,0.544,0.145,0.069,0.01,0.01,8.675,903.34864816597,1.9387886816549815,86.8537714699409,False,0.4679999999999997
318,0.483,0.103,0.131,0.172,0.005,0.106,7.743999999999999,791.2289801536009,1.7262622651470458,53.242969000670826,False,0.566
319,0.5740000000000001,0.098,0.105,0.098,0.003,0.122,7.707000000000001,846.5039603541408,1.71615484772724,52.01814341986034,False,0.4459999999999999
320,0.4254254254254254,0.1441441441441441,0.4084084084084084,0.003003003003003,0.015015015015015,0.004004004004004,8.866866866866868,907.9517438595354,1.977216280461644,94.88908972748531,False,0.3323323323323323
321,0.4065934065934066,0.0909090909090909,0.0709290709290709,0.1498501498501498,0.1418581418581418,0.1398601398601399,6.814185814185814,732.9668902962495,1.8019620206301128,63.38142813110845,False,0.5347652347652347
322,0.406,0.065,0.057,0.012,0.398,0.062,5.929,524.24462735348,1.4503508159297027,28.206604943430225,False,0.6279999999999999
323,0.4935064935064935,0.1388611388611388,0.2467532467532467,0.0619380619380619,0.0209790209790209,0.0379620379620379,8.313686313686315,901.4783246011788,1.6204346532987026,41.72868061228026,False,0.4292647352647352
324,0.4745254745254744,0.1678321678321678,0.1388611388611388,0.1368631368631368,0.0009990009990009,0.0809190809190809,7.980019980019979,865.5948942226815,1.531875596181967,34.03106936113188,False,0.4375624375624376
325,0.261,0.389,0.295,0.045,0.006,0.004,8.888,906.6901294523246,2.143005302096774,138.9969600593936,False,0.2213333333333333
326,0.4725274725274725,0.0369630369630369,0.2117882117882118,0.1018981018981019,0.0089910089910089,0.1678321678321678,7.642357642357644,766.7520193319945,1.9611467148634272,91.44221025333016,False,0.5866133866133866
327,0.4674674674674674,0.055055055055055,0.4054054054054054,0.03003003003003,0.042042042042042,0.0,8.625625625625624,899.5179174814207,1.8981441718843424,79.09411515999923,False,0.2542542542542543
328,0.4664664664664665,0.2902902902902903,0.071071071071071,0.1271271271271271,0.031031031031031,0.014014014014014,8.094094094094094,938.8496739728616,1.7024325176680843,50.40022992197437,False,0.4030670670670669
329,0.3533533533533532,0.2962962962962962,0.3063063063063063,0.039039039039039,0.0,0.005005005005005,8.849849849849848,866.4027320586092,2.1500519533678064,141.27065324301284,False,0.1281281281281281
330,0.451,0.292,0.169,0.024,0.001,0.063,8.349,988.6332010426702,1.4369388276677146,27.348834785293214,False,0.3359999999999999
331,0.5374625374625376,0.3066933066933067,0.0999000999000999,0.0279720279720279,0.0,0.0279720279720279,8.36663336663337,993.3077490315068,1.7045009825314168,50.640849520198906,False,0.2610749250749249
332,0.52,0.144,0.215,0.088,0.016,0.017,8.338000000000001,908.7349119279044,1.856259133264363,71.82227099799577,False,0.366
333,0.7849999999999998,0.0569999999999999,0.0509999999999999,0.0339999999999999,0.0159999999999999,0.0569999999999999,7.816999999999998,796.8380226352353,1.305633182564919,20.21311200716299,False,0.2666666666666666
334,0.6227544910179641,0.0648702594810379,0.1007984031936127,0.0279441117764471,0.0688622754491018,0.1147704590818363,7.435129740518963,846.255595303471,1.502029117066907,31.770870698004494,False,0.4306626746506986
335,0.362,0.481,0.109,0.002,0.008,0.038,8.504999999999999,931.3412955293244,1.7172545643566843,52.15003021138529,False,0.314
336,0.323,0.11,0.532,0.007,0.0,0.028,9.055,811.6145284229902,1.9417286836886307,87.4437318292722,False,0.354
337,0.3303303303303303,0.3423423423423423,0.1701701701701701,0.1131131131131131,0.006006006006006,0.038038038038038,8.387387387387388,1020.1049051537004,1.704115091554362,50.59587273978344,True,0.3323323323323323
338,0.44,0.318,0.056,0.098,0.025,0.063,7.955,896.0741627206638,1.3556758823299395,22.68171464389276,False,0.418
339,0.5954045954045954,0.0379620379620379,0.2127872127872128,0.0289710289710289,0.1238761238761238,0.0009990009990009,7.811188811188812,835.9634375348099,1.7424484705149836,55.2647831822991,False,0.4091908091908092
340,0.305,0.146,0.018,0.415,0.014,0.102,7.2890000000000015,512.7117129908114,1.6864717280550066,48.58159039927355,False,0.5040000000000001
341,0.319,0.061,0.325,0.114,0.166,0.015,7.707,669.3960001095503,1.833496901750802,68.1548712552829,False,0.59
342,0.247,0.622,0.046,0.033,0.0,0.052,8.472999999999999,1010.9437007864084,1.5940484468486864,39.268873855991686,True,0.2619999999999999
343,0.362,0.326,0.06,0.077,0.167,0.008,7.502000000000001,849.3025782128642,1.501153015388312,31.706843965191364,False,0.194
344,0.4325674325674326,0.0599400599400599,0.3096903096903097,0.0669330669330669,0.0439560439560439,0.0869130869130869,8.044955044955046,787.3693451749014,1.6452170374203623,44.17911760661937,False,0.5154845154845153
345,0.463,0.197,0.081,0.258,0.0,0.001,8.097000000000001,867.6277111918434,1.8643713449901955,73.17645138210533,False,0.5179999999999999
346,0.817,0.112,0.027,0.004,0.029,0.011,7.972999999999999,762.1910457357261,1.6449064358236924,44.14753258936361,False,0.2499999999999999
347,0.4415584415584415,0.1998001998001997,0.0139860139860139,0.1028971028971028,0.1338661338661338,0.1078921078921078,7.023976023976024,668.6768585385994,1.5642919992922857,36.66840329744306,False,0.4268731268731269
348,0.597,0.141,0.155,0.08,0.027,0.0,8.236,952.674322444277,1.6695220069888272,46.722062602619424,False,0.218
349,0.4545454545454546,0.4265734265734266,0.0959040959040959,0.0189810189810189,0.0039960039960039,0.0,8.579420579420582,898.1379246479661,2.00616302121943,101.42920493268603,False,0.2377622377622376
350,0.487,0.197,0.084,0.132,0.051,0.049,7.782,836.7731289209477,1.3173925314847894,20.767897491417106,False,0.4639999999999999
351,0.43,0.174,0.022,0.267,0.106,0.001,7.417,600.2205735467336,1.4851515598044045,30.55987403634504,False,0.44
352,0.312,0.292,0.248,0.077,0.0,0.071,8.427000000000001,898.1087166194775,1.5947929987211285,39.336253920871535,False,0.2959999999999998
353,0.4495504495504495,0.1128871128871128,0.0999000999000998,0.0089910089910089,0.2697302697302697,0.0589410589410589,6.71928071928072,802.2418222006332,1.2981575350707295,19.868154799475715,False,0.5614385614385614
354,0.33,0.152,0.289,0.094,0.012,0.123,8.084000000000001,727.4529928013419,1.767644734074671,58.56588819579006,False,0.4579999999999998
355,0.591,0.14,0.099,0.043,0.074,0.053,7.712999999999999,868.6840502290805,1.273282926491229,18.76216394304935,False,0.3399999999999999
356,0.6313686313686313,0.1678321678321678,0.1098901098901098,0.0439560439560439,0.0249750249750249,0.0219780219780219,8.13086913086913,935.5114323642044,1.5305093540901338,33.92417962522065,False,0.2065554445554445
357,0.2974051896207584,0.0538922155688622,0.3003992015968064,0.2265469061876247,0.1117764471057884,0.0099800399201596,7.829341317365269,636.122398651934,1.8602221257945564,72.4806577428588,False,0.6722554890219561
358,0.2710000000000001,0.298,0.083,0.222,0.091,0.035,7.647000000000001,744.2570009301808,1.5694843653124289,37.109436978146384,False,0.3799999999999999
359,0.5055055055055054,0.2952952952952952,0.033033033033033,0.1271271271271271,0.037037037037037,0.002002002002002,8.041041041041039,863.5924155258673,1.6059073286672103,40.35592708375042,False,0.3629229229229229
360,0.7477477477477478,0.03003003003003,0.089089089089089,0.1011011011011011,0.0,0.032032032032032,7.978978978978979,842.5611497623967,1.73140986461732,53.87780134153035,False,0.3263263263263263
361,0.37,0.285,0.108,0.174,0.03,0.033,8.045,831.3031773218931,1.751479717780872,56.426058889388166,False,0.37
362,0.778,0.101,0.057,0.025,0.008,0.031,8.026,834.3463110916864,1.6207411783880452,41.75814311538133,False,0.286
363,0.444,0.247,0.036,0.072,0.137,0.064,7.306,757.3789119948992,1.1505238736827033,14.142424655188822,False,0.3879999999999999
364,0.408,0.305,0.162,0.117,0.008,0.0,8.472000000000001,947.9164188524178,1.9327280504162216,85.65013472153544,False,0.3993333333333333
365,0.6070000000000001,0.097,0.065,0.082,0.061,0.088,7.488000000000001,842.301824304374,1.4261081737620218,26.675230065226778,False,0.4619999999999999
366,0.3286713286713286,0.2627372627372627,0.1448551448551448,0.1528471528471528,0.0579420579420579,0.0529470529470529,7.898101898101897,809.7551270375315,1.381002127278515,24.043745771813292,False,0.4012987012987012
367,0.239,0.226,0.486,0.028,0.017,0.004,9.069,759.5880263876729,1.9488137728037491,88.88199066303265,False,0.4033333333333333
368,0.3309999999999999,0.4639999999999999,0.0649999999999999,0.0229999999999999,0.0069999999999999,0.1099999999999999,8.095999999999998,982.7487974282516,1.6952707022398916,49.57591085783722,False,0.352
369,0.588,0.105,0.154,0.103,0.01,0.04,8.1,901.7698991654044,1.434613674950888,27.202804161130405,False,0.308
370,0.285,0.303,0.057,0.279,0.01,0.066,7.824,787.6585252147412,1.4849465574699825,30.545452100546797,False,0.368
371,0.4014014014014014,0.1971971971971972,0.2452452452452452,0.027027027027027,0.1291291291291291,0.0,8.015015015015015,822.2015413868855,1.7133596206100543,51.68441685870768,False,0.4484484484484484
372,0.5740000000000001,0.106,0.228,0.067,0.003,0.022,8.392000000000001,927.4339400065408,1.7850341034099926,60.95847636160294,False,0.3339999999999999
373,0.518,0.096,0.197,0.137,0.041,0.011,8.104000000000001,865.3279419804651,1.8105649425589816,64.6494660847533,False,0.4660000000000001
374,0.522,0.125,0.098,0.02,0.177,0.058,7.184,837.2311395336371,1.2494520204820525,17.760370463419896,False,0.51
375,0.5014985014985015,0.1528471528471528,0.1328671328671329,0.1878121878121878,0.0229770229770229,0.0019980019980019,8.10789210789211,869.1518792854464,1.8464764550956456,70.22252721604877,False,0.4255744255744255
376,0.2187812187812188,0.3036963036963037,0.1018981018981019,0.0849150849150849,0.1318681318681319,0.1588411588411588,7.127872127872129,681.3679242857145,1.6659871452926067,46.34332023472195,False,0.5086913086913087
377,0.381,0.028,0.201,0.086,0.304,0.0,6.824,711.6907531509585,1.8370057864776037,68.70775944769109,False,0.6779999999999999
378,0.298,0.159,0.235,0.017,0.001,0.29,7.447,684.0147842602537,1.8553991081470125,71.68018345136647,False,0.4479999999999999
379,0.693,0.015,0.151,0.14,0.001,0.0,8.172,897.7303752056957,1.867835493699456,73.76247724974944,False,0.3120000000000001
380,0.3386613386613387,0.0869130869130869,0.3556443556443556,0.1508491508491508,0.0629370629370629,0.0049950049950049,8.312687312687315,773.4486131436918,1.958921453726056,90.97487210721822,False,0.4928404928404929
381,0.3956043956043956,0.0799200799200799,0.3666333666333666,0.0309690309690309,0.1158841158841159,0.0109890109890109,8.15884115884116,836.0319146682405,1.8273925967015163,67.20360905164102,False,0.4755244755244755
382,0.576,0.053,0.274,0.075,0.012,0.01,8.426,907.0633685963056,1.8014033430867555,63.299946518553405,False,0.436
383,0.56,0.324,0.092,0.018,0.001,0.005,8.465,1037.2364936339204,1.6279619406284842,42.45823540661329,True,0.2159999999999998
384,0.3706293706293707,0.2097902097902098,0.1138861138861139,0.0019980019980019,0.0309690309690309,0.2727272727272727,7.189810189810191,753.7738762059832,1.7336700931292648,54.1589321922386,False,0.534965034965035
385,0.5945945945945945,0.1681681681681681,0.1621621621621621,0.054054054054054,0.018018018018018,0.003003003003003,8.336336336336336,957.1360800543686,1.6342873174993793,43.08115295061008,False,0.1684744744744745
386,0.485,0.1,0.299,0.105,0.001,0.01,8.548000000000002,904.6602185186518,1.8517135970861565,71.07446463724798,False,0.4319999999999999
387,0.6060000000000001,0.092,0.078,0.222,0.001,0.001,8.017000000000001,859.588128455504,1.8538847127010996,71.43066818993297,False,0.386769230769231
388,0.5424575424575424,0.0689310689310689,0.0539460539460539,0.1668331668331668,0.1038961038961038,0.0639360639360639,7.234765234765234,741.0334671799111,1.2374819095808371,17.277540098830077,False,0.5814185814185814
389,0.42,0.357,0.022,0.095,0.104,0.002,7.778,969.9515008920066,1.387291177783534,24.394458250118525,False,0.2020000000000001
390,0.674,0.141,0.083,0.048,0.047,0.007,7.996,907.1684011707518,1.5590337322019334,36.22711353814437,False,0.2780000000000002
391,0.6406406406406406,0.3013013013013013,0.025025025025025,0.029029029029029,0.0,0.004004004004004,8.306306306306306,976.1418237068164,1.6390387745450985,43.55507586572944,False,0.1086686686686685
392,0.4519038076152304,0.1693386773547094,0.0440881763527054,0.3266533066132264,0.003006012024048,0.0050100200400801,7.895791583166332,727.9273932197503,1.845451098963032,70.05692951630851,False,0.442885771543086
393,0.4044044044044044,0.1641641641641641,0.2312312312312312,0.016016016016016,0.1721721721721721,0.012012012012012,7.7017017017017,780.4566452811936,1.6356134595983258,43.212904675021214,False,0.5425425425425425
394,0.4844844844844845,0.1311311311311311,0.0810810810810811,0.1191191191191191,0.1741741741741742,0.01001001001001,7.263263263263264,803.5933488071364,1.545592066395587,35.12303742011073,False,0.4994994994994995
395,0.235,0.18,0.257,0.07,0.148,0.11,7.444,578.5348096960909,1.598837783939838,39.704321966217485,False,0.48
396,0.533,0.256,0.174,0.005,0.014,0.018,8.457,971.38453644469,1.701858664682675,50.33367779240333,False,0.1719999999999999
397,0.588,0.031,0.015,0.099,0.017,0.25,6.877000000000001,666.6051564722052,1.6671577439474932,46.46840265773833,False,0.324
398,0.7947947947947948,0.118118118118118,0.058058058058058,0.02002002002002,0.0,0.009009009009009,8.178178178178177,921.2319999597144,1.676366247062231,47.464208933547866,False,0.2838838838838838
399,0.6076076076076076,0.05005005005005,0.1231231231231231,0.1181181181181181,0.071071071071071,0.03003003003003,7.702702702702702,844.0545464999595,1.6902097283621509,49.00153992022627,False,0.4384384384384384
400,0.396,0.216,0.294,0.056,0.025,0.013,8.571000000000002,876.1279182758889,1.828546097574525,67.3823413709673,False,0.3133333333333333
401,0.3999999999999999,0.2759999999999999,0.1899999999999999,0.0199999999999999,0.0659999999999999,0.0479999999999999,8.113999999999997,890.3513730964428,1.4597276568973174,28.82223513621679,False,0.4013333333333332
402,0.5475475475475475,0.02002002002002,0.1711711711711711,0.2362362362362361,0.025025025025025,0.0,8.001001001001,778.5387657548252,1.930664363776001,85.2441066531292,False,0.4324324324324323
403,0.422,0.198,0.008,0.017,0.014,0.341,6.763,608.3107399706262,2.24970529295887,177.7073100240006,False,0.422
404,0.4235764235764235,0.1608391608391608,0.2487512487512487,0.0589410589410589,0.0249750249750249,0.0829170829170829,8.142857142857142,855.1519915387506,1.5729581036932991,37.4074499634972,False,0.5141525141525141
405,0.49,0.313,0.029,0.046,0.007,0.115,7.83,828.3826869588446,1.722314447960339,52.76117368419058,False,0.3939999999999999
406,0.6466466466466466,0.066066066066066,0.1621621621621621,0.067067067067067,0.057057057057057,0.001001001001001,8.034034034034033,877.7884717654351,1.7808433181525791,60.37307801441098,False,0.3238678678678678
407,0.6223776223776224,0.0669330669330669,0.2877122877122877,0.0119880119880119,0.0019980019980019,0.0089910089910089,8.584415584415584,936.256292533479,1.7255879063035613,53.16035914274892,False,0.3221338661338662
408,0.6173826173826175,0.1168831168831169,0.2037962037962038,0.0379620379620379,0.0,0.0239760239760239,8.390609390609391,952.178772224785,1.664761083091917,46.21267232956755,False,0.2254685314685313
409,0.3456543456543456,0.0769230769230769,0.0699300699300699,0.1188811188811188,0.2797202797202797,0.1088911088911088,6.263736263736263,578.9618491657473,1.863545342854431,73.03740641671209,False,0.6170829170829171
410,0.248,0.301,0.359,0.035,0.021,0.036,8.735,849.326869196351,1.803915598888788,63.66717776194005,False,0.2353333333333333
411,0.513,0.369,0.09,0.012,0.0,0.016,8.472999999999999,1012.5710983359024,1.7721032098942828,59.17022352461596,True,0.2359999999999999
412,0.4574574574574574,0.093093093093093,0.1251251251251251,0.046046046046046,0.1291291291291291,0.1491491491491491,7.055055055055055,814.3828485781783,1.8168080164050324,65.5855275769914,False,0.6486486486486487
413,0.4634634634634634,0.1131131131131131,0.1001001001001,0.1861861861861861,0.015015015015015,0.1221221221221221,7.563563563563562,762.1955032681713,1.783152142495882,60.694891932748575,False,0.556956956956957
414,0.76,0.06,0.134,0.018,0.005,0.023,8.193,914.9000839391,1.7292637375143876,53.61221338902725,False,0.212
415,0.5645645645645645,0.0970970970970971,0.1641641641641641,0.1231231231231231,0.001001001001001,0.05005005005005,8.097097097097096,896.1196938202866,1.4649915267319922,29.17370094328308,False,0.3706766766766768
416,0.4675324675324676,0.2407592407592407,0.0959040959040959,0.1168831168831169,0.0749250749250749,0.0039960039960039,7.925074925074925,899.4957126137946,1.6129767932075036,41.01821840639412,False,0.417126873126873
417,0.358,0.144,0.271,0.039,0.076,0.112,7.818999999999999,730.1889315031959,1.730983491279639,53.82493217994303,False,0.5033333333333333
418,0.7352647352647353,0.1008991008991009,0.0359640359640359,0.1008991008991009,0.0209790209790209,0.0059940059940059,7.943056943056945,760.6554081603585,1.7297714106641937,53.674920599587146,False,0.3276723276723274
419,0.542,0.029,0.081,0.281,0.003,0.064,7.639000000000001,769.0124447993916,1.5065958547457925,32.10671365197856,False,0.3539999999999998
420,0.3370000000000001,0.142,0.068,0.297,0.014,0.142,7.343000000000001,615.2307787854241,1.7895198501764136,61.59136798662921,False,0.4320000000000001
421,0.3886113886113886,0.1758241758241758,0.1218781218781218,0.0389610389610389,0.2737262737262738,0.0009990009990009,7.007992007992009,775.609085075183,1.6657462915561576,46.31762599327994,False,0.5704295704295704
422,0.469,0.238,0.134,0.12,0.0,0.039,8.23,936.3832744609076,1.4692145642420096,29.458766918554605,False,0.338
423,0.537,0.116,0.224,0.035,0.083,0.005,8.094000000000001,888.434535041088,1.774364808225123,59.47915749320668,False,0.3879999999999999
424,0.664,0.168,0.028,0.071,0.069,0.0,7.808,761.336023196854,1.5244850894468471,33.456853097582574,False,0.2799999999999999
425,0.5770000000000001,0.101,0.082,0.189,0.002,0.049,7.870000000000001,844.4366901932831,1.452063381802509,28.31805244946447,False,0.4679999999999998
426,0.3099999999999999,0.2289999999999999,0.1739999999999999,0.0289999999999999,0.0289999999999999,0.2289999999999999,7.486999999999998,763.3586148693439,1.7116781280736026,51.484693078107966,False,0.3939999999999998
427,0.568,0.275,0.047,0.071,0.003,0.036,8.139,927.2518391461568,1.4615602160652912,28.94411106911281,False,0.22
428,0.424,0.163,0.121,0.289,0.0,0.003,8.104000000000001,849.977377241997,1.8931881044901075,78.19664217045138,False,0.5739999999999998
429,0.4504504504504504,0.4294294294294293,0.057057057057057,0.027027027027027,0.023023023023023,0.013013013013013,8.34934934934935,1074.177940352179,1.7437118531207394,55.425785043622525,True,0.2402402402402403
430,0.754,0.098,0.081,0.057,0.008,0.002,8.155000000000001,939.5833908330836,1.8093746505589257,64.47252074219445,False,0.24
431,0.624,0.262,0.051,0.053,0.007,0.003,8.264,986.2270358687916,1.382682071979122,24.13693228144326,False,0.1259999999999999
432,0.209,0.193,0.218,0.225,0.002,0.153,7.782,491.3995471988659,1.69725124452442,49.8025115110384,False,0.1079999999999999
433,0.227,0.314,0.192,0.25,0.009,0.008,8.371,807.5081535681478,1.9246451890497769,84.07080173414259,False,0.3999999999999999
434,0.476,0.373,0.051,0.057,0.015,0.028,8.231,994.1447696065088,1.77289001030491,59.27751789511825,False,0.302
435,0.569,0.115,0.029,0.186,0.1,0.001,7.483,660.2980948156974,1.5211997067667014,33.204711160100715,False,0.49
436,0.6606606606606606,0.1261261261261261,0.1351351351351351,0.019019019019019,0.005005005005005,0.054054054054054,8.136136136136136,932.6542943946577,1.2922642710940269,19.600370063125133,False,0.2394774774774774
437,0.749,0.066,0.048,0.117,0.005,0.015,7.959999999999999,813.4612322506198,1.758828878861776,57.38902928357879,False,0.332
438,0.3996003996003996,0.1158841158841159,0.1958041958041958,0.1778221778221778,0.0259740259740259,0.0849150849150849,7.86013986013986,723.5833443379868,1.58740318370335,38.67258330985644,False,0.4511488511488511
439,0.4105894105894106,0.0849150849150849,0.2037962037962038,0.0989010989010989,0.0409590409590409,0.1608391608391608,7.545454545454547,725.2911675152002,1.8803135519759315,75.91254507008227,False,0.5106893106893107
440,0.4065934065934066,0.3306693306693307,0.1708291708291708,0.0609390609390609,0.0309690309690309,0.0,8.456543456543457,1000.1331322284608,1.943237613268568,87.74807813033553,True,0.3303363303363302
441,0.284,0.117,0.107,0.048,0.348,0.096,6.158999999999999,563.5175723951176,1.7625233877089022,57.87931567888479,False,0.7653333333333333
442,0.49,0.2,0.211,0.082,0.017,0.0,8.455000000000002,915.5881790779932,1.7574592257311394,57.208324139574685,False,0.3139999999999999
443,0.6523476523476525,0.0319680319680319,0.0769230769230769,0.1348651348651348,0.1028971028971029,0.0009990009990009,7.532467532467534,833.8255222642416,1.7506808063712749,56.32235509772102,False,0.4775224775224774
444,0.4144144144144144,0.2942942942942943,0.2072072072072072,0.0840840840840841,0.0,0.0,8.624624624624627,924.6351141149908,1.982902048980284,96.13954202700404,False,0.3303303303303303
445,0.5664335664335665,0.0959040959040959,0.0209790209790209,0.1858141858141858,0.0619380619380619,0.0689310689310689,7.366633366633367,604.6830896194544,1.3958074564042526,24.877541329004888,False,0.4955044955044954
446,0.5440000000000002,0.147,0.069,0.09,0.078,0.072,7.517000000000002,824.3545410863386,1.356905175260019,22.74600735601073,False,0.4799999999999998
447,0.3813813813813813,0.2732732732732733,0.1311311311311311,0.057057057057057,0.1341341341341341,0.023023023023023,7.7157157157157155,829.0913708044408,1.6771309580468752,47.54785811123492,False,0.371071071071071
448,0.4914914914914914,0.032032032032032,0.1961961961961962,0.2622622622622622,0.009009009009009,0.009009009009009,8.08108108108108,798.6049420949339,1.9265913161717905,84.44837871533906,False,0.4924924924924925
449,0.5215215215215216,0.2112112112112112,0.1041041041041041,0.06006006006006,0.0900900900900901,0.013013013013013,7.856856856856858,878.9502912307862,1.5312693526774166,33.983597605117296,False,0.3263263263263262
450,0.26,0.281,0.156,0.155,0.122,0.026,7.724,760.1868517724079,1.7196363072484806,52.43681528683043,False,0.3739999999999999
451,0.6193806193806194,0.2817182817182817,0.0079920079920079,0.0099900099900099,0.0769230769230769,0.0039960039960039,7.887112887112887,823.4715821393557,1.5315492252795415,34.00550472933931,False,0.1852547452547451
452,0.5225225225225225,0.2982982982982982,0.1001001001001,0.008008008008008,0.054054054054054,0.017017017017017,8.152152152152151,949.2062399442574,1.674075142439877,47.21447255563102,False,0.2909549549549547
453,0.231,0.301,0.335,0.126,0.005,0.002,8.812000000000001,776.950544860992,2.084018628872081,121.34408993659508,False,0.2693333333333333
454,0.704,0.041,0.124,0.061,0.029,0.041,7.919,860.1684419630205,1.3768869843918834,23.81699603654643,False,0.3440000000000001
455,0.4134134134134133,0.3153153153153153,0.032032032032032,0.021021021021021,0.006006006006006,0.2122122122122122,7.479479479479479,796.8270904311431,1.7869502971102305,61.22803152127463,False,0.4449449449449449
456,0.4234234234234234,0.1331331331331331,0.3143143143143143,0.083083083083083,0.004004004004004,0.042042042042042,8.49049049049049,880.7446668141682,1.5252682463110006,33.517239780501605,False,0.4384384384384384
457,0.288,0.32,0.037,0.027,0.177,0.151,6.878,698.0084816565566,1.6297623387968263,42.634614335880585,False,0.4299999999999999
458,0.379,0.263,0.292,0.059,0.006,0.001,8.754000000000001,886.9971039013117,2.088175403663059,122.51108994266552,False,0.2233333333333332
459,0.5514485514485515,0.0959040959040959,0.2037962037962038,0.0129870129870129,0.0039960039960039,0.1318681318681319,7.943056943056945,845.4301398233087,1.8125398833298656,64.94412701214237,False,0.3992947052947053
460,0.2432432432432432,0.4664664664664664,0.1361361361361361,0.025025025025025,0.0,0.1291291291291291,8.197197197197196,962.415433064671,1.731918984471449,53.94099888126748,False,0.3223223223223224
461,0.4645354645354645,0.0609390609390609,0.1728271728271728,0.1208791208791208,0.1468531468531468,0.0339660339660339,7.415584415584416,768.8219659161919,1.679135346752522,47.767811761350224,False,0.6426573426573426
462,0.3766233766233766,0.3816183816183816,0.0569430569430569,0.0209790209790209,0.1568431568431568,0.0069930069930069,7.662337662337661,965.195303992316,1.449223091052525,28.13345635916372,False,0.258041958041958
463,0.4955044955044954,0.1228771228771228,0.2107892107892107,0.0419580419580419,0.0369630369630369,0.0919080919080918,7.950049950049948,838.8186621874984,1.6211449170691037,41.79698131700506,False,0.4572367632367632
464,0.278,0.462,0.014,0.232,0.007,0.007,8.195,989.0762393367664,1.8331571769336183,68.10157827439664,False,0.43
465,0.653,0.129,0.048,0.129,0.009,0.032,7.923000000000001,832.2852955030886,1.6154607841461175,41.253498441657854,False,0.3399999999999999
466,0.385,0.12,0.094,0.083,0.207,0.111,6.746,740.8925065933126,1.6916451857826296,49.16377085034985,False,0.5940000000000002
467,0.529,0.231,0.045,0.056,0.073,0.066,7.636000000000001,787.8663415542792,1.2989625786007044,19.90501818105233,False,0.3899999999999999
468,0.428,0.424,0.016,0.013,0.001,0.118,7.965999999999999,969.3643429428664,1.7335631471438773,54.145597076287714,False,0.296
469,0.582,0.074,0.324,0.001,0.0,0.019,8.645,933.9491633534004,1.816628770887283,65.55846417491387,False,0.352
470,0.3503503503503504,0.4654654654654655,0.061061061061061,0.025025025025025,0.0940940940940941,0.004004004004004,8.076076076076077,997.5869570937108,1.625387248932996,42.20726867679576,False,0.3617617617617619
471,0.6103896103896103,0.1868131868131868,0.1338661338661338,0.0549450549450549,0.0029970029970029,0.0109890109890109,8.34065934065934,964.2631309258284,1.4757101823356458,29.90268475269156,False,0.137862137862138
472,0.526,0.079,0.334,0.053,0.003,0.005,8.659,911.4111015092724,1.8863746296643336,76.97941912740504,False,0.332
473,0.433,0.193,0.221,0.015,0.046,0.092,8.021999999999998,829.3725313214957,1.5724886661238826,37.36703734990928,False,0.442
474,0.346,0.05,0.162,0.36,0.043,0.039,7.643,646.5625924752402,1.5731062349877194,37.42021125643248,False,0.631076923076923
475,0.133,0.37,0.381,0.011,0.015,0.09,8.686,832.7064346134463,1.5990331627924508,39.72218802343641,False,0.4006666666666667
476,0.4995004995004994,0.1308691308691308,0.0389610389610389,0.1698301698301698,0.1568431568431568,0.0039960039960039,7.238761238761239,705.4098500356836,1.415974539135066,26.06000766619688,False,0.4382617382617382
477,0.2432432432432432,0.1821821821821821,0.072072072072072,0.1451451451451451,0.0960960960960961,0.2612612612612612,6.655655655655655,605.0216658155025,1.925996668136004,84.33282878088544,False,0.3588588588588589
478,0.3256743256743257,0.3346653346653347,0.1298701298701298,0.1188811188811189,0.0889110889110889,0.0019980019980019,8.022977022977024,918.6050614685158,1.82168424357182,66.32606673788158,False,0.2637362637362635
479,0.548,0.256,0.119,0.001,0.027,0.049,8.162,922.6840543367856,1.3391072405914712,21.832689611731634,False,0.2099999999999999
480,0.3233233233233233,0.3373373373373373,0.0950950950950951,0.012012012012012,0.2322322322322322,0.0,7.354354354354355,950.274880740186,1.6102983159909663,40.766020261223794,False,0.3546546546546547
481,0.43,0.237,0.174,0.059,0.071,0.029,8.055000000000001,902.821212545576,1.7042794012110407,50.61501865034762,False,0.378
482,0.511,0.096,0.227,0.15,0.001,0.015,8.335,899.1142070233847,1.8785640786853908,75.60736082191809,False,0.48
483,0.491,0.064,0.257,0.017,0.169,0.002,7.708,818.0452685334874,1.7702890605483963,58.92357122083245,False,0.504
484,0.429,0.059,0.246,0.053,0.202,0.011,7.443999999999999,743.9886409728075,1.7217529016848685,52.69299714605827,False,0.65
485,0.7142857142857143,0.0929070929070929,0.0189810189810189,0.1288711288711289,0.0089910089910089,0.0359640359640359,7.813186813186814,702.5247003535819,1.542848284630388,34.901836895820246,False,0.3734665334665334
486,0.5994005994005993,0.1608391608391608,0.1448551448551448,0.0079920079920079,0.0219780219780219,0.0649350649350649,8.072927072927072,933.7498091720988,1.3455179821120882,22.15735837716433,False,0.1898101898101899
487,0.6593406593406593,0.1798201798201797,0.1018981018981018,0.0259740259740259,0.0199800199800199,0.0129870129870129,8.205794205794206,970.834508478831,1.471275155704498,29.598871666180848,False,0.1985634365634366
488,0.3156843156843157,0.1978021978021978,0.2647352647352647,0.2027972027972028,0.0159840159840159,0.0029970029970029,8.432567432567433,770.7931013508625,2.008857555023389,102.06046789611167,False,0.3984015984015985
489,0.429,0.23,0.154,0.11,0.01,0.067,8.11,897.7261277175638,1.4395711896820038,27.51510596469985,False,0.38
490,0.316,0.074,0.081,0.457,0.056,0.016,7.435,645.399972328026,1.9479268545714643,88.70066066343291,False,0.6910769230769229
491,0.6426426426426427,0.1491491491491491,0.0850850850850851,0.019019019019019,0.029029029029029,0.075075075075075,7.854854854854857,884.494242232448,1.3400586742191385,21.880572157240483,False,0.2935315315315315
492,0.6536536536536536,0.1111111111111111,0.1191191191191191,0.025025025025025,0.035035035035035,0.056056056056056,7.924924924924924,908.9324528204712,1.2640886437746428,18.36913237143341,False,0.3015395395395395
493,0.4084084084084084,0.3653653653653654,0.1261261261261261,0.0960960960960961,0.001001001001001,0.003003003003003,8.504504504504505,912.5654592086688,1.954211411786188,89.99355578139321,False,0.4058058058058059
494,0.7002997002997003,0.1298701298701298,0.0679320679320679,0.0709290709290709,0.0279720279720279,0.0029970029970029,8.042957042957044,878.7630610296021,1.6895055044464151,48.92214657111922,False,0.3002597402597404
495,0.609,0.057,0.207,0.003,0.113,0.011,7.859000000000001,863.702348859365,1.673907226167765,47.19622100953261,False,0.362
496,0.61,0.089,0.146,0.03,0.124,0.001,7.726999999999999,882.4777817008701,1.6144035039297666,41.1531898701166,False,0.31
497,0.559,0.199,0.201,0.03,0.011,0.0,8.516000000000002,934.9771097287462,1.6204169574338856,41.72698036031285,False,0.1779999999999999
498,0.6196196196196196,0.1051051051051051,0.1141141141141141,0.07007007007007,0.003003003003003,0.088088088088088,7.895895895895897,883.3541220105402,1.4491994870909752,28.131927343704717,False,0.3235615615615616
499,0.477,0.176,0.042,0.131,0.013,0.161,7.42,681.285452675626,1.796029626135163,62.5215341446619,False,0.564
500,0.38,0.059,0.241,0.251,0.001,0.068,8.013000000000002,707.9948467578098,1.5633831809475824,36.5917500704346,False,0.546
501,0.6000000000000001,0.252,0.077,0.068,0.003,0.0,8.323000000000002,995.30328261229,1.4005306035282366,25.149572288158097,False,0.1899999999999999
502,0.5694305694305695,0.1608391608391608,0.0419580419580419,0.0089910089910089,0.2057942057942058,0.0129870129870129,7.154845154845155,742.4232342374124,1.3111334521784157,20.470735750847204,False,0.4495504495504495
503,0.4864864864864864,0.3893893893893894,0.025025025025025,0.008008008008008,0.036036036036036,0.055055055055055,8.03103103103103,972.0788150543576,1.3492565747987917,22.34892174347348,False,0.2482482482482482
504,0.561,0.093,0.288,0.018,0.026,0.014,8.465,942.8893664553912,1.7202860935597126,52.51532935625024,False,0.3859999999999999
505,0.5144855144855146,0.1208791208791209,0.0349650349650349,0.1898101898101898,0.1388611388611388,0.0009990009990009,7.302697302697304,639.6960739880602,1.4956617960305632,31.30846648510134,False,0.4805194805194806
506,0.6970000000000001,0.089,0.064,0.045,0.013,0.092,7.739000000000001,846.5040606752456,1.4588996377139265,28.76733545782204,False,0.3179999999999999
507,0.639,0.043,0.19,0.101,0.027,0.0,8.187000000000001,890.5682675674542,1.878276584873108,75.55732690187054,False,0.3420000000000001
508,0.787,0.14,0.024,0.002,0.033,0.014,7.965000000000001,699.9258434058797,1.5306769081596694,33.937270353334014,False,0.2430769230769231
509,0.239,0.242,0.153,0.058,0.093,0.215,7.165,658.8567967162928,1.6612074900737528,45.836082250469126,False,0.378
510,0.3433433433433434,0.102102102102102,0.053053053053053,0.2022022022022022,0.2822822822822822,0.017017017017017,6.526526526526527,600.2516920544734,1.824810364277772,66.80521473073303,False,0.509109109109109
511,0.6026026026026027,0.2032032032032032,0.069069069069069,0.078078078078078,0.044044044044044,0.003003003003003,8.031031031031032,897.2601877502075,1.4478975925656143,28.047721895492494,False,0.2502502502502501
512,0.5254745254745254,0.2977022977022976,0.1298701298701298,0.0029970029970029,0.0059940059940059,0.0379620379620379,8.372627372627372,987.2573158295942,1.5386176899720432,34.56349809176086,False,0.2333106893106893
513,0.603,0.21,0.011,0.121,0.048,0.007,7.843,718.7705493086088,1.5483565194263236,35.34732226569983,False,0.352
514,0.5384615384615384,0.0349650349650349,0.1508491508491508,0.0099900099900099,0.2497502497502497,0.0159840159840159,7.013986013986014,826.4636207250252,1.615617847908533,41.268420577998256,False,0.4235764235764236
515,0.5365365365365365,0.1511511511511511,0.077077077077077,0.022022022022022,0.018018018018018,0.1951951951951951,7.412412412412412,814.944449346412,1.7794806363688649,60.183942844280544,False,0.4704704704704704
516,0.452,0.141,0.064,0.248,0.065,0.03,7.576,722.4138571257989,1.7242501955743388,52.99686691118892,False,0.5880000000000001
517,0.263,0.23,0.359,0.108,0.002,0.038,8.678,809.83440289293,1.6519075305538728,44.86498537885478,False,0.3473333333333332
518,0.5680000000000001,0.138,0.063,0.215,0.012,0.004,7.973000000000001,795.5317929972757,1.761648830391192,57.76287890896216,False,0.4339999999999999
519,0.4604604604604604,0.1521521521521521,0.083083083083083,0.2972972972972972,0.007007007007007,0.0,7.985985985985986,821.5140228102089,1.9403759616618128,87.17178954027652,False,0.4844844844844844
520,0.518,0.303,0.098,0.061,0.001,0.019,8.357000000000001,987.50640728714,1.721549513153548,52.66832577072738,False,0.2999999999999999
521,0.683,0.166,0.022,0.057,0.063,0.009,7.802,712.5895454445133,1.5148702573072963,32.72429185502028,False,0.2880000000000001
522,0.5780000000000001,0.105,0.086,0.093,0.0,0.138,7.6320000000000014,849.8806436416864,1.7479092678675257,55.96406700164418,False,0.4619999999999999
523,0.45,0.169,0.172,0.138,0.067,0.004,8.024000000000001,850.5333397961099,1.7115053723561384,51.46421732561107,False,0.4559999999999999
524,0.465,0.129,0.094,0.1,0.212,0.0,7.157,811.9403999976126,1.6215173696032932,41.83284193577085,False,0.542
525,0.5670000000000001,0.218,0.12,0.016,0.073,0.006,8.053,934.5752694967016,1.4740532065943277,29.788813579052924,False,0.1899999999999999
526,0.6753246753246753,0.1098901098901098,0.0109890109890109,0.1208791208791208,0.0,0.0829170829170829,7.6793206793206785,682.7460552226981,1.4872893227935944,30.71067222410597,False,0.4222417582417582
527,0.6503496503496503,0.1668331668331668,0.0629370629370629,0.0329670329670329,0.0249750249750249,0.0619380619380619,7.887112887112886,862.187221399224,1.2141815267889786,16.37500822437426,False,0.2616343656343656
528,0.6316316316316316,0.013013013013013,0.1231231231231231,0.033033033033033,0.023023023023023,0.1761761761761761,7.406406406406406,812.1350606383675,1.621813267239665,41.86135359630295,False,0.3843843843843844
529,0.458,0.065,0.373,0.019,0.077,0.008,8.375,869.8158246924288,1.8914762434305272,77.8890206907975,False,0.3379999999999999
530,0.479,0.22,0.125,0.064,0.031,0.081,7.927000000000001,866.1436424412572,1.471977528476427,29.646779854227265,False,0.3519999999999999
531,0.467,0.195,0.037,0.219,0.082,0.0,7.640000000000001,676.6566172000104,1.5223511843122688,33.29286611647605,False,0.446
532,0.4184184184184184,0.3593593593593593,0.088088088088088,0.0900900900900901,0.04004004004004,0.004004004004004,8.22922922922923,991.487738449466,1.7673826705976723,58.53055882551467,False,0.3397397397397398
533,0.3883883883883884,0.3763763763763764,0.1291291291291291,0.078078078078078,0.02002002002002,0.008008008008008,8.424424424424425,1039.8723613521577,1.897608559330792,78.99662903021392,True,0.4038038038038038
534,0.379,0.228,0.137,0.037,0.02,0.199,7.569,773.7068328286994,1.8013066266020326,63.28585132066071,False,0.454
535,0.8211788211788212,0.0679320679320679,0.0649350649350649,0.0279720279720279,0.0099900099900099,0.0079920079920079,8.08791208791209,887.0577188825068,1.818859627744172,65.89608721034833,False,0.2500000000000001
536,0.3823823823823823,0.2132132132132132,0.1271271271271271,0.04004004004004,0.004004004004004,0.2332332332332332,7.474474474474475,737.2524653113223,1.7107868615456012,51.37914365684242,False,0.4656656656656657
537,0.6673326673326675,0.0409590409590409,0.1858141858141858,0.0929070929070929,0.0049950049950049,0.0079920079920079,8.262737262737264,916.1162833460168,1.8424027244196064,69.56691175917187,False,0.2937062937062936
538,0.6117764471057886,0.0169660678642714,0.2065868263473054,0.0828343313373253,0.0688622754491018,0.0129740518962075,7.95109780439122,860.5103670321643,1.717651723824556,52.19774288662743,False,0.3764471057884231
539,0.2457542457542458,0.4215784215784216,0.1578421578421578,0.0559440559440559,0.0919080919080919,0.0269730269730269,8.113886113886114,944.6321845990628,1.788139259405067,61.3958843578179,False,0.5127872127872127
540,0.8091908091908093,0.0859140859140859,0.0599400599400599,0.0329670329670329,0.0109890109890109,0.0009990009990009,8.113886113886116,912.192468623969,1.8552795700789877,71.66045644150557,False,0.2566183816183815
541,0.4,0.077,0.128,0.302,0.088,0.005,7.571000000000001,719.7143563549199,1.891327096328316,77.8622763325839,False,0.5959999999999999
542,0.46,0.186,0.221,0.105,0.001,0.027,8.41,900.8239287200176,1.857757604469631,72.07051151948714,False,0.402
543,0.406,0.15,0.129,0.256,0.047,0.012,7.869,770.6662675552785,1.730223004334966,53.7307625736125,False,0.6060000000000001
544,0.4724724724724723,0.1521521521521521,0.1981981981981981,0.014014014014014,0.1601601601601601,0.003003003003003,7.721721721721721,834.9731007871067,1.6566239947451675,45.3548771302767,False,0.4447507507507508
545,0.3976023976023976,0.1258741258741258,0.4005994005994006,0.0429570429570429,0.0229770229770229,0.0099900099900099,8.729270729270729,871.1769883866732,1.8653955910893776,73.34923540286825,False,0.4035964035964036
546,0.618,0.239,0.053,0.07,0.009,0.011,8.186,955.6969876537352,1.3818543113807948,24.090971363270164,False,0.182
547,0.38,0.274,0.035,0.257,0.035,0.019,7.836,754.1559141481227,1.7219270137639744,52.71412641888513,False,0.382
548,0.306,0.298,0.07,0.256,0.067,0.003,7.835000000000001,797.6935767384949,1.7291561051025,53.59892817108285,False,0.3579999999999999
549,0.5359999999999999,0.1629999999999999,0.0639999999999999,0.0249999999999999,0.0219999999999999,0.1899999999999999,7.395999999999999,753.3697276461843,1.7762554804497146,59.73866051544909,False,0.474
550,0.3436563436563437,0.0429570429570429,0.2427572427572427,0.2097902097902098,0.1598401598401598,0.0009990009990009,7.515484515484515,624.4393710080038,1.8775992102046335,75.43957102745534,False,0.6267732267732267
551,0.4975024975024974,0.1288711288711288,0.1828171828171828,0.1618381618381618,0.0019980019980019,0.0269730269730269,8.214785214785213,899.8326737481385,1.8614878554963088,72.69220714605267,False,0.4412527472527473
552,0.344,0.195,0.353,0.057,0.032,0.019,8.608,815.257545237346,1.9335589211939384,85.81415317988827,False,0.2766666666666666
553,0.327,0.325,0.11,0.069,0.169,0.0,7.631,836.4260466546074,1.6114706444007751,40.87621214064534,False,0.2579999999999999
554,0.433,0.235,0.049,0.052,0.185,0.046,7.171999999999999,788.7656775481912,1.1511460517582617,14.16269986662394,False,0.426
555,0.6153846153846153,0.0939060939060938,0.0569430569430569,0.0449550449550449,0.1728271728271728,0.0159840159840159,7.234765234765233,790.9957842848821,1.4272263987054092,26.74400216275672,False,0.4235764235764236
556,0.5885885885885885,0.2032032032032032,0.1851851851851851,0.022022022022022,0.0,0.001001001001001,8.547547547547548,964.7465083119498,1.5122037133765789,32.52398210027712,False,0.1104164164164164
557,0.505,0.246,0.037,0.117,0.095,0.0,7.728,814.6990173341586,1.389887657479969,24.54074018092533,False,0.3839999999999999
558,0.441,0.27,0.001,0.209,0.016,0.063,7.731,772.3163107711434,1.3331930803714256,21.537390397923023,False,0.428
559,0.355,0.419,0.082,0.067,0.071,0.006,8.137,978.0655315219216,1.6725732346110291,47.05147414310484,False,0.324
560,0.3509999999999999,0.3399999999999999,0.1639999999999999,0.0189999999999999,0.0259999999999999,0.0999999999999999,8.118999999999998,940.3178977978343,1.6914645290522023,49.1433240811275,False,0.3386666666666665
561,0.6263736263736265,0.0659340659340659,0.0009990009990009,0.2997002997002997,0.0059940059940059,0.0009990009990009,7.734265734265735,673.4784659289791,2.0605921216062604,114.97200936962194,False,0.2313686313686315
562,0.599,0.187,0.047,0.11,0.048,0.009,7.895,810.9210976724006,1.412601309999161,25.85837980290999,False,0.3339999999999999
563,0.6067864271457085,0.1087824351297405,0.0728542914171656,0.0409181636726546,0.0049900199600798,0.1656686626746507,7.525948103792414,861.7250440944747,1.7327106788982318,54.03941997075308,False,0.4231536926147705
564,0.5965965965965966,0.1371371371371371,0.2462462462462462,0.006006006006006,0.003003003003003,0.011011011011011,8.564564564564565,961.0002299941618,1.610403392004406,40.77588464888176,False,0.2265325325325325
565,0.567,0.266,0.068,0.054,0.034,0.011,8.134,967.904065965628,1.4393161071565097,27.49894973379365,False,0.23
566,0.5680000000000001,0.059,0.18,0.176,0.016,0.001,8.159000000000002,850.1952265732633,1.894953277995015,78.51511624112004,False,0.44
567,0.5255255255255256,0.1951951951951952,0.2382382382382382,0.016016016016016,0.004004004004004,0.021021021021021,8.551551551551553,931.2641018593785,1.752296688824972,56.53230440784908,False,0.2525585585585585
568,0.506,0.09,0.252,0.044,0.083,0.025,8.035,871.250537261981,1.811772400938014,64.82945952173897,False,0.496
569,0.5234765234765235,0.1838161838161838,0.1848151848151848,0.0049950049950049,0.1018981018981019,0.0009990009990009,8.034965034965037,886.5006052604457,1.6072658525142411,40.48236278529144,False,0.2794145854145853
570,0.748,0.207,0.019,0.003,0.006,0.017,8.144,805.033707593958,1.6220203556136832,41.88131946553955,False,0.1538461538461539
571,0.658,0.053,0.084,0.17,0.0,0.035,7.911,891.459863655952,1.620253087626773,41.711238731906334,False,0.418
572,0.731,0.097,0.077,0.059,0.032,0.004,8.016,883.8964674310714,1.7329395375337946,54.067904438340186,False,0.246
573,0.375,0.174,0.206,0.238,0.001,0.006,8.319,789.5313535097929,1.9310468638785816,85.31921753698849,False,0.44
574,0.367,0.155,0.171,0.171,0.082,0.054,7.699999999999999,719.9076685260802,1.3183476758050092,20.813622613886874,False,0.498
575,0.571,0.27,0.011,0.094,0.054,0.0,7.928,804.5093142486355,1.515365825165071,32.76165443726499,False,0.296
576,0.363,0.252,0.171,0.02,0.043,0.151,7.755000000000001,784.4415049451475,1.775003086670348,59.56663771061945,False,0.4873333333333333
577,0.6446446446446445,0.1051051051051051,0.019019019019019,0.024024024024024,0.1931931931931931,0.014014014014014,7.097097097097096,649.9379511006325,1.4044630506825422,25.378330606126426,False,0.3243243243243244
578,0.405,0.317,0.091,0.007,0.041,0.139,7.731000000000001,866.3039995566671,1.7273495306669322,53.37643090446103,False,0.5173333333333334
579,0.5344655344655346,0.0969030969030969,0.1748251748251748,0.0419580419580419,0.0239760239760239,0.1278721278721279,7.773226773226774,835.5110591269424,1.7815583729395266,60.472562624393774,False,0.4312627372627371
580,0.2967032967032967,0.0709290709290709,0.2437562437562437,0.2287712287712288,0.1548451548451548,0.0049950049950049,7.535464535464537,632.7458984373338,1.8707148040207808,74.25313663118021,False,0.6481518481518482
581,0.72,0.106,0.135,0.003,0.021,0.015,8.207999999999998,959.156540618532,1.6628287606048686,46.00751332806747,False,0.24
582,0.4584584584584584,0.2512512512512512,0.008008008008008,0.092092092092092,0.1091091091091091,0.081081081081081,7.305305305305305,734.4712014765432,1.3694303475301663,23.411559687343637,False,0.395095095095095
583,0.602,0.265,0.104,0.006,0.0,0.023,8.375,1031.5410991005544,1.4870468742145897,30.693532515431635,True,0.132
584,0.536,0.059,0.076,0.035,0.294,0.0,6.706,808.6428622061724,1.4950906323544078,31.267318126654587,False,0.3679999999999999
585,0.2677322677322677,0.2367632367632367,0.2047952047952047,0.1948051948051948,0.0009990009990009,0.0949050949050949,8.066933066933066,766.6735345467844,1.6012288630625793,39.92352345941454,False,0.2205794205794204
586,0.7642357642357643,0.1048951048951049,0.0909090909090909,0.0059940059940059,0.0119880119880119,0.0219780219780219,8.132867132867133,918.5646685285848,1.6743275437671012,47.24192042715144,False,0.2400000000000001
587,0.553,0.214,0.072,0.153,0.008,0.0,8.165,921.0491401301744,1.5505776015837829,35.52855967512623,False,0.3219999999999999
588,0.3069999999999999,0.3779999999999999,0.1009999999999999,0.0529999999999999,0.0529999999999999,0.1079999999999999,7.829999999999998,927.4486131387512,1.641036259701134,43.75586358620042,False,0.4739999999999999
589,0.673,0.178,0.031,0.016,0.085,0.017,7.731,733.4374795613222,1.43458755344066,27.201168043271245,False,0.2460000000000001
590,0.556,0.041,0.32,0.059,0.006,0.018,8.52,897.0531404034333,1.875535606951389,75.08196098212929,False,0.36
591,0.391,0.17,0.135,0.024,0.097,0.183,7.199,743.9022769012121,1.7478855319267337,55.96100842379727,False,0.576
592,0.7657657657657658,0.011011011011011,0.078078078078078,0.016016016016016,0.1291291291291291,0.0,7.505505505505505,818.6604246759096,1.6769711900629636,47.53036945181913,False,0.2417417417417418
593,0.1478521478521478,0.0989010989010989,0.1658341658341658,0.5264735264735264,0.0389610389610389,0.0219780219780219,7.621378621378621,407.77959227753695,1.8168032177340403,65.58480290365783,False,0.4983316683316682
594,0.291,0.335,0.249,0.011,0.088,0.026,8.278,942.2167150769272,1.9345902788846645,86.0181858448947,False,0.2533333333333333
595,0.604,0.21,0.028,0.028,0.101,0.029,7.617,723.4415284157511,1.449933549149364,28.17951727038531,False,0.316
596,0.444,0.388,0.065,0.016,0.014,0.073,8.14,977.9368186031484,1.4992607669775997,31.568995773752665,False,0.3359999999999999
597,0.3606393606393606,0.3356643356643357,0.2047952047952048,0.0769230769230769,0.0169830169830169,0.0049950049950049,8.563436563436564,903.5350683910552,2.0809946513307205,120.50210995223416,False,0.2570762570762572
598,0.238,0.393,0.231,0.079,0.02,0.039,8.52,886.844932636787,1.621203021472584,41.80257372316264,False,0.3953333333333333
599,0.24,0.547,0.093,0.052,0.016,0.052,8.393,1002.0677646866536,1.5760787520860056,37.67721141504885,True,0.416
600,0.6376376376376377,0.0940940940940941,0.1351351351351351,0.001001001001001,0.1221221221221221,0.01001001001001,7.7127127127127135,898.2760358675367,1.5665160082657277,36.856662711320006,False,0.3035415415415415
601,0.5125125125125125,0.2872872872872872,0.1281281281281281,0.014014014014014,0.019019019019019,0.039039039039039,8.278278278278277,969.3643426887426,1.4683866593022226,29.40266252916505,False,0.2627187187187186
602,0.3696303696303696,0.2277722277722277,0.1298701298701298,0.0509490509490509,0.0099900099900099,0.2117882117882117,7.539460539460538,769.150277504625,1.7485972904227591,56.05279724835794,False,0.4383616383616383
603,0.276,0.374,0.168,0.156,0.0,0.026,8.450000000000001,1010.3266626133186,1.9113268714974927,81.53177015571222,True,0.4453333333333333
604,0.2432432432432432,0.3183183183183183,0.4104104104104104,0.007007007007007,0.001001001001001,0.02002002002002,9.047047047047048,825.7479164771755,2.027115041439401,106.4424939283029,False,0.2102102102102101
605,0.6056056056056056,0.0950950950950951,0.2792792792792793,0.02002002002002,0.0,0.0,8.633633633633634,957.9268211812208,1.7443860476786526,55.51189431715539,False,0.2925985985985986
606,0.485,0.082,0.322,0.076,0.015,0.02,8.495,903.2495059224516,1.9082065636856465,80.94808213688849,False,0.386
607,0.2537462537462537,0.2687312687312687,0.2707292707292707,0.0619380619380619,0.1448551448551448,0.0,8.023976023976024,796.7541121882771,1.7474513379178518,55.90508832006423,False,0.4135864135864135
608,0.4328657314629258,0.1192384769539078,0.1472945891783567,0.2424849699398797,0.0571142284569138,0.001002004008016,7.881763527054108,787.6511903332561,1.836238773402902,68.58652088133822,False,0.6012024048096193
609,0.233,0.431,0.06,0.02,0.105,0.151,7.402,967.8114175925932,1.6675329225186426,46.50856315305528,False,0.37
610,0.77,0.059,0.097,0.023,0.046,0.005,7.979999999999999,857.7782906351819,1.8059348572665124,63.96388845730773,False,0.266
611,0.553,0.125,0.208,0.035,0.062,0.017,8.128,884.2095582340726,1.7382733365428684,54.73603525204149,False,0.3379999999999999
612,0.251,0.194,0.22,0.227,0.071,0.037,7.904,647.9668781688223,1.5676596683972983,36.95384802353773,False,0.3379999999999999
613,0.66,0.159,0.16,0.007,0.0,0.014,8.416,977.8784704865124,1.445958590760104,27.922775896271197,False,0.138
614,0.54,0.18,0.102,0.012,0.004,0.162,7.703999999999999,842.2212513115,1.8013354060504534,63.29004523128656,False,0.356
615,0.2857142857142856,0.3306693306693306,0.3116883116883116,0.0039960039960039,0.0419580419580419,0.0259740259740259,8.636363636363633,886.7409637106057,2.0270788019627557,106.43361226045349,False,0.1438561438561439
616,0.5224775224775224,0.0359640359640359,0.2287712287712287,0.1648351648351648,0.0219780219780219,0.0259740259740259,8.114885114885114,838.5657517632749,1.91890373101179,82.96668369250425,False,0.5424575424575424
617,0.407,0.212,0.261,0.012,0.096,0.012,8.193999999999999,856.3721920637548,1.7495176999534323,56.17171710369487,False,0.3873333333333333
618,0.4885114885114884,0.3026973026973026,0.0589410589410589,0.0519480519480519,0.0089910089910089,0.0889110889110889,7.968031968031967,899.96421448889,1.5623743250099962,36.50684694187138,False,0.3589770229770229
619,0.5324675324675324,0.2557442557442557,0.0869130869130869,0.0019980019980019,0.0079920079920079,0.1148851148851148,7.928071928071928,880.2664754360902,1.7043032321462517,50.61779611212728,False,0.3052387612387612
620,0.523,0.231,0.182,0.011,0.02,0.033,8.352,953.3215931289534,1.6460845767402317,44.267457269100255,False,0.1919999999999999
621,0.587,0.224,0.062,0.123,0.001,0.003,8.208,940.394734498552,1.4701135693030103,29.51981077602224,False,0.254
622,0.7142857142857143,0.0409590409590409,0.0829170829170829,0.0309690309690309,0.0979020979020979,0.0329670329670329,7.5544455544455555,839.5318592647004,1.583272733021185,38.30652293095868,False,0.3295104895104895
623,0.601,0.203,0.068,0.078,0.001,0.049,8.06,917.4324137422708,1.2637440803874982,18.3545643292556,False,0.256
624,0.324,0.44,0.178,0.042,0.016,0.0,8.674,897.2660012705189,2.120511965201656,131.9811673199003,False,0.3293333333333333
625,0.597,0.105,0.154,0.129,0.0,0.015,8.224,944.589906786438,1.7079507119533264,51.04470660905348,False,0.29
626,0.396,0.313,0.155,0.134,0.001,0.001,8.48,944.8998828020848,1.950406963172544,89.20864916985445,False,0.3973333333333333
627,0.579,0.237,0.147,0.021,0.0,0.016,8.446,999.3082560740378,1.518030906202014,32.96331694104127,False,0.092
628,0.305,0.291,0.012,0.085,0.104,0.203,6.898,674.216147919965,1.633335602110998,42.98684803583571,False,0.4239999999999999
629,0.634,0.071,0.122,0.021,0.133,0.019,7.553,862.5849310441193,1.56535201981706,36.758012390227,False,0.3760000000000001
630,0.29,0.447,0.054,0.17,0.039,0.0,8.19,993.8093233207786,1.751337568110392,56.407593001654725,False,0.342
631,0.5204795204795205,0.1098901098901099,0.2967032967032967,0.0619380619380619,0.0059940059940059,0.0049950049950049,8.591408591408591,909.812710361531,1.8690996522109176,73.9775002652023,False,0.4065934065934066
632,0.2332332332332332,0.3653653653653654,0.029029029029029,0.1981981981981982,0.0,0.1741741741741742,7.52852852852853,919.64538234127,1.652530597676813,44.92939780028612,False,0.2887887887887888
633,0.268,0.067,0.451,0.007,0.025,0.182,8.109,682.232916841152,1.851570934875192,71.05112108701124,False,0.5619999999999999
634,0.384,0.263,0.036,0.17,0.02,0.127,7.557,710.7977796776103,1.623727088415467,42.04623259209978,False,0.406
635,0.426,0.257,0.09,0.033,0.099,0.095,7.529,848.7789210719225,1.5387661211263812,34.5753130627966,False,0.512
636,0.6043956043956044,0.1358641358641358,0.1858141858141858,0.0099900099900099,0.0139860139860139,0.0499500499500499,8.227772227772228,922.4975201339236,1.316897403343781,20.74423402902097,False,0.2134805194805195
637,0.408,0.155,0.277,0.14,0.018,0.002,8.471,858.0590413420582,1.9574072428450475,90.65823149276387,False,0.4693333333333332
638,0.204,0.408,0.255,0.056,0.002,0.075,8.552,849.8142369468775,1.5639030074700122,36.63557459799684,False,0.4153333333333333
639,0.538,0.103,0.135,0.113,0.111,0.0,7.705,834.168035505656,1.6609769537487018,45.81175756229835,False,0.4479999999999999
640,0.271,0.103,0.092,0.345,0.037,0.152,7.149,599.3977388413275,1.8670139567261577,73.62307570308052,False,0.49
641,0.516,0.25,0.19,0.031,0.006,0.007,8.541,949.1662836460606,1.699651886287376,50.07856622274692,False,0.206
642,0.561,0.24,0.154,0.029,0.009,0.007,8.446000000000002,994.9489938608508,1.5290141201117349,33.80758278051399,False,0.1159999999999999
643,0.5,0.227,0.2,0.059,0.009,0.005,8.503,925.0024928644724,1.7378153009225477,54.678337448460304,False,0.24
644,0.672,0.053,0.063,0.038,0.102,0.072,7.343,775.6991748786345,1.2168562664255007,16.476170079559903,False,0.4239999999999999
645,0.72,0.09,0.017,0.06,0.077,0.036,7.534999999999999,674.4588280423279,1.4327971321192303,27.08925941301239,False,0.366
646,0.4315684315684316,0.1178821178821178,0.0669330669330669,0.3326673326673327,0.0499500499500499,0.0009990009990009,7.665334665334667,730.6029196956699,1.9184127724694493,82.87294502312413,False,0.4715284715284713
647,0.618,0.132,0.088,0.143,0.014,0.005,8.075,926.6877039000212,1.719894392816772,52.46798585835672,False,0.324
648,0.674,0.185,0.072,0.037,0.021,0.011,8.143,960.689586653434,1.4522925490721168,28.33299918153501,False,0.1900000000000001
649,0.5054945054945056,0.1388611388611388,0.2637362637362638,0.0589410589410589,0.0299700299700299,0.0029970029970029,8.445554445554446,916.6857290305276,1.831988611090608,67.91858214601757,False,0.4052887112887112
650,0.592,0.103,0.024,0.259,0.001,0.021,7.803000000000001,663.5083972914128,1.786941288226671,61.22676143724527,False,0.3127692307692308
651,0.3056943056943056,0.1268731268731268,0.0959040959040958,0.1238761238761238,0.0209790209790209,0.3266733266733266,6.783216783216783,669.2904498777164,2.236435213064452,172.35949503791164,False,0.4985014985014985
652,0.328,0.483,0.063,0.112,0.012,0.002,8.429,1056.4810661294891,1.8460067792111272,70.14662480195567,True,0.3779999999999999
653,0.495,0.304,0.136,0.008,0.02,0.037,8.32,972.399208935198,1.622780256770196,41.95466491187461,False,0.282
654,0.441,0.267,0.274,0.002,0.008,0.008,8.741,945.2241893757443,1.9750749140227268,94.42237369737472,False,0.2513333333333333
655,0.7077077077077076,0.1621621621621621,0.058058058058058,0.043043043043043,0.014014014014014,0.015015015015015,8.105105105105103,920.528975426426,1.539996845508175,34.67343319434705,False,0.2356756756756757
656,0.621,0.118,0.107,0.023,0.106,0.025,7.679,880.9213957317263,1.5796470126182107,37.98805102044686,False,0.312
657,0.22,0.302,0.05,0.266,0.026,0.136,7.462,636.9112666329964,1.6492422689879818,44.590492484466566,False,0.288
658,0.4775224775224774,0.1378621378621378,0.0349650349650349,0.0439560439560439,0.0049950049950049,0.3006993006993007,6.936063936063936,653.9342482968922,2.0043746946537127,101.0124011213935,False,0.4435564435564436
659,0.335,0.393,0.062,0.191,0.0,0.019,8.25,984.7300971893856,1.8273980803003849,67.2044576002099,False,0.33
660,0.7392607392607393,0.1178821178821178,0.0739260739260739,0.0429570429570429,0.0019980019980019,0.0239760239760239,8.116883116883118,933.2828680855094,1.7083151750137673,51.08756167449278,False,0.2521478521478522
661,0.4494494494494495,0.1901901901901902,0.1401401401401401,0.1331331331331331,0.001001001001001,0.086086086086086,7.987987987987988,859.0502446652943,1.5337818316420198,34.18076918705443,False,0.4404404404404403
662,0.387,0.406,0.088,0.092,0.019,0.008,8.363,1047.5074129729508,1.8321645231754424,67.94609831288592,True,0.3780000000000001
663,0.533,0.098,0.227,0.015,0.054,0.073,7.975,855.6062700740563,1.529694897160144,33.86061931606884,False,0.432
664,0.5625625625625625,0.3853853853853853,0.015015015015015,0.011011011011011,0.0,0.026026026026026,8.3003003003003,1061.7735941438098,1.797548276669553,62.74054352110223,True,0.104104104104104
665,0.0989010989010989,0.2287712287712287,0.0869130869130869,0.2007992007992008,0.0009990009990009,0.3836163836163835,6.662337662337662,403.9441423100048,2.058073707596247,114.3072318289902,False,0.4283716283716283
666,0.5694305694305695,0.2167832167832168,0.0509490509490509,0.0889110889110889,0.0,0.0739260739260739,7.934065934065935,877.0131282498984,1.384786602085487,24.254180322013145,False,0.3256743256743256
667,0.399,0.377,0.095,0.098,0.031,0.0,8.314,1009.514320856548,1.831803451335289,67.8896314958537,True,0.3420000000000001
668,0.391,0.395,0.11,0.096,0.002,0.006,8.485,997.36474658162,1.8734629842499853,74.72449423602208,False,0.404
669,0.365,0.292,0.072,0.051,0.202,0.018,7.302999999999999,797.7996147340623,1.5177550658492411,32.94238707341518,False,0.314
670,0.6453546453546455,0.0389610389610389,0.1118881118881119,0.1098901098901099,0.0769230769230769,0.0169830169830169,7.700299700299702,833.0540931780503,1.6991631816372998,50.02224530578076,False,0.4603016983016984
671,0.4425574425574426,0.3216783216783217,0.1288711288711289,0.0149850149850149,0.0869130869130869,0.0049950049950049,8.10989010989011,955.140432116864,1.7519466877799337,56.4867629708758,False,0.4011428571428571
672,0.2482482482482482,0.1821821821821821,0.5275275275275275,0.017017017017017,0.003003003003003,0.022022022022022,9.117117117117116,781.2490376210304,1.8605992967663385,72.54363223508035,False,0.4724724724724725
673,0.2597402597402597,0.6113886113886114,0.0169830169830169,0.0279720279720279,0.0739260739260739,0.0099900099900099,8.20779220779221,976.8755237783448,1.7497368575660426,56.20007013731612,False,0.2577422577422576
674,0.5625625625625627,0.1921921921921922,0.007007007007007,0.006006006006006,0.1811811811811811,0.051051051051051,7.09009009009009,704.6365514360451,1.158454354570008,14.403046226935151,False,0.4156156156156157
675,0.339,0.391,0.159,0.083,0.008,0.02,8.506,901.1933984201168,1.9411588065286287,87.32906423099107,False,0.3486666666666668
676,0.306,0.17,0.42,0.097,0.007,0.0,8.878,806.6612915222348,2.046402842560453,111.2763425007389,False,0.3813333333333333
677,0.6443556443556444,0.0989010989010989,0.0909090909090909,0.0079920079920079,0.1508491508491508,0.0069930069930069,7.490509490509491,884.6058245279303,1.5438895632650418,34.98561907923228,False,0.3823796203796204
678,0.464,0.149,0.19,0.019,0.053,0.125,7.745,808.5257979889789,1.7603257810961366,57.58717590439514,False,0.4679999999999999
679,0.322,0.108,0.193,0.357,0.002,0.018,8.055,721.4111211114185,1.9897194514394132,97.66061423363918,False,0.562
680,0.652,0.196,0.098,0.044,0.0,0.01,8.308,978.6681372639345,1.4403493396385587,27.564450527906672,False,0.174
681,0.207,0.229,0.217,0.109,0.006,0.232,7.595999999999999,533.8695539301441,1.661299353204751,45.84577864671327,False,0.1819999999999999
682,0.322,0.149,0.138,0.05,0.333,0.008,6.678,722.398352929198,1.7579781953437494,57.27672732936426,False,0.658
683,0.383,0.245,0.058,0.257,0.009,0.048,7.867,782.5746955939318,1.4391450463273805,27.488120522164568,False,0.414
684,0.3233233233233233,0.4484484484484484,0.1321321321321321,0.074074074074074,0.022022022022022,0.0,8.528528528528527,925.3512612396725,2.031535355145659,107.53141362515912,False,0.4224224224224224
685,0.431,0.226,0.227,0.053,0.056,0.007,8.319,917.2554703065108,1.7244026347507335,53.01547229783807,False,0.38
686,0.395,0.291,0.235,0.044,0.023,0.012,8.553999999999998,919.525476359861,1.920862530569838,83.34173370560174,False,0.2813333333333334
687,0.4825174825174824,0.0519480519480519,0.3456543456543456,0.0059940059940059,0.0289710289710289,0.0849150849150849,8.252747252747252,882.38670333647,1.6892022922249508,48.88800242171256,False,0.3436563436563438
688,0.4725274725274725,0.2497502497502498,0.2047952047952048,0.0529470529470529,0.0069930069930069,0.0129870129870129,8.51948051948052,933.2912590275994,1.780135267384472,60.274729132306256,False,0.2929450549450549
689,0.5680000000000001,0.084,0.213,0.037,0.092,0.006,7.989000000000001,889.8073028993067,1.744028364153611,55.46619372326928,False,0.39
690,0.527,0.111,0.175,0.037,0.129,0.021,7.695,844.5692739315822,1.7096820891998388,51.248609828367066,False,0.4179999999999999
691,0.3656343656343657,0.3986013986013986,0.0959040959040959,0.1268731268731268,0.0019980019980019,0.0109890109890109,8.409590409590411,1058.4209223481116,1.8447397072095613,69.94226739641383,True,0.3422577422577424
692,0.5820000000000001,0.044,0.083,0.288,0.001,0.002,7.909000000000001,819.612266537792,1.931161578429168,85.34175673293502,False,0.2599999999999998
693,0.3553553553553553,0.3403403403403403,0.1071071071071071,0.029029029029029,0.1191191191191191,0.049049049049049,7.733733733733732,922.972953033604,1.3802464667758894,24.00194668793565,False,0.3230230230230229
694,0.186,0.087,0.537,0.166,0.017,0.007,8.882000000000001,523.4202651792649,1.76637972101967,58.39554567207776,False,0.554
695,0.5375375375375375,0.1411411411411411,0.1871871871871871,0.04004004004004,0.031031031031031,0.063063063063063,8.068068068068067,888.950404239598,1.4074105755002215,25.55115729351144,False,0.3366426426426426
696,0.847,0.01,0.089,0.003,0.022,0.029,7.959,836.6722009986607,1.6397329746733298,43.62475236125279,False,0.206
697,0.625,0.247,0.055,0.06,0.004,0.009,8.241,968.0275440639916,1.3634679779088097,23.09234184515714,False,0.1519999999999999
698,0.439,0.438,0.059,0.034,0.029,0.001,8.373000000000001,1071.6341077303157,1.7365287914449763,54.51660361381055,True,0.2459999999999999
699,0.437,0.415,0.036,0.056,0.029,0.027,8.177999999999999,990.4055690369988,1.7598083357404757,57.51860383340302,False,0.296
700,0.593,0.169,0.047,0.125,0.058,0.008,7.816,814.7254837326367,1.4384014180051417,27.441093779717352,False,0.382
701,0.2662662662662662,0.4944944944944945,0.1291291291291291,0.033033033033033,0.064064064064064,0.013013013013013,8.347347347347348,1042.0817357591636,1.843915400699745,69.80964036850283,True,0.4784784784784784
702,0.377,0.513,0.054,0.032,0.023,0.001,8.469999999999999,982.5606608106782,1.9739837834216123,94.1854426973275,False,0.2339999999999999
703,0.3913913913913914,0.043043043043043,0.4834834834834834,0.08008008008008,0.001001001001001,0.001001001001001,8.92092092092092,820.1684929316599,1.9279385014861437,84.71074505210711,False,0.2502502502502503
704,0.4594594594594594,0.1151151151151151,0.103103103103103,0.031031031031031,0.067067067067067,0.2242242242242242,7.058058058058057,816.1015953871839,1.7509278797010033,56.354406416652736,False,0.6326326326326326
705,0.645,0.134,0.163,0.032,0.008,0.018,8.316,965.3440912333584,1.6623252514013898,45.95420437760252,False,0.188
706,0.656,0.091,0.078,0.085,0.023,0.067,7.779000000000001,891.7462439363197,1.33413536924571,21.58417081204613,False,0.3719999999999999
707,0.6683316683316683,0.2307692307692307,0.0559440559440559,0.0149850149850149,0.0229770229770229,0.0069930069930069,8.184815184815184,972.533795593296,1.3839045732948545,24.204971370424246,False,0.0984615384615385
708,0.363,0.324,0.082,0.167,0.011,0.053,8.054,885.4841318458537,1.4685492574184644,29.413672829341927,False,0.3299999999999999
709,0.58,0.035,0.351,0.02,0.001,0.013,8.659999999999998,915.7493995960928,1.786708255836738,61.193917383421095,False,0.298
710,0.273,0.033,0.379,0.281,0.0,0.034,8.374,692.141045263601,1.8014600449683416,63.308211556535625,False,0.614
711,0.356,0.373,0.15,0.002,0.069,0.05,8.126,964.5182508598974,1.4763023175201777,29.94348312527845,False,0.3666666666666666
712,0.4365634365634366,0.1918081918081918,0.1038961038961039,0.1008991008991009,0.0479520479520479,0.1188811188811189,7.583416583416584,781.2336422832136,1.6550709629280465,45.19297828463513,False,0.5354645354645354
713,0.3506493506493506,0.4155844155844156,0.0069930069930069,0.2247752247752248,0.0019980019980019,0.0,8.194805194805195,983.952782996058,1.73313113401485,54.09176268676459,False,0.2960039960039961
714,0.4045954045954045,0.0599400599400599,0.1088911088911088,0.2557442557442557,0.0839160839160839,0.0869130869130869,7.254745254745254,675.335283302232,1.5721227730408944,37.33556888044552,False,0.6793206793206792
715,0.426,0.27,0.064,0.001,0.002,0.237,7.439,822.0893952698545,1.7366010561045933,54.52567568760809,False,0.486
716,0.406,0.15,0.302,0.069,0.069,0.004,8.324,847.5921805508127,1.8571475025870767,71.96933711821549,False,0.4293333333333333
717,0.54,0.26,0.081,0.049,0.0,0.07,8.093,922.6102576461752,1.3969476482457373,24.94294035719472,False,0.2959999999999999
718,0.5254745254745254,0.2767232767232767,0.0639360639360639,0.0109890109890109,0.0289710289710289,0.0939060939060938,7.873126873126872,868.0904145995795,1.4806000447518364,30.241271329041243,False,0.2916043956043955
719,0.472,0.076,0.199,0.241,0.005,0.007,8.180000000000001,846.112870282841,1.9494632568559127,89.01501243710732,False,0.574
720,0.4444444444444444,0.025025025025025,0.2562562562562562,0.2212212212212212,0.045045045045045,0.008008008008008,8.05905905905906,786.8088366147659,1.934716793466736,86.04324750361226,False,0.5985985985985987
721,0.4264264264264264,0.1691691691691692,0.3883883883883884,0.007007007007007,0.001001001001001,0.008008008008008,8.901901901901901,907.089920591736,1.9299988526092624,85.11357895286031,False,0.3283283283283283
722,0.6196196196196196,0.021021021021021,0.1991991991991992,0.041041041041041,0.075075075075075,0.044044044044044,7.826826826826827,837.8324662385133,1.353954318498935,22.59198122740519,False,0.3623623623623624
723,0.685,0.169,0.059,0.074,0.01,0.003,8.151,918.1803982399956,1.5802896490952028,38.04430450536671,False,0.2220000000000001
724,0.3173173173173173,0.4824824824824825,0.1301301301301301,0.039039039039039,0.008008008008008,0.023023023023023,8.571571571571571,939.923644445964,1.95462612186157,90.07953214225472,False,0.4004004004004003
725,0.491,0.07,0.154,0.273,0.0,0.012,8.057,819.0274968097044,1.9229898134374448,83.75096377502565,False,0.4719999999999998
726,0.651,0.282,0.011,0.018,0.018,0.02,8.116,907.4845224502023,1.6288528076774635,42.54541925488038,False,0.1159999999999998
727,0.6536536536536536,0.084084084084084,0.032032032032032,0.026026026026026,0.011011011011011,0.1931931931931931,7.294294294294293,695.9750241402123,1.5136224049129894,32.630400547756,False,0.3063063063063064
728,0.488,0.081,0.095,0.233,0.099,0.004,7.527000000000001,780.8547502966262,1.7870308300784574,61.23938633356634,False,0.5579999999999999
729,0.3356643356643357,0.3796203796203796,0.1118881118881119,0.0129870129870129,0.1428571428571428,0.0169830169830169,7.808191808191809,943.9279804484686,1.669007072510157,46.66669799505232,False,0.3169830169830169
730,0.255,0.401,0.283,0.031,0.015,0.015,8.800999999999998,893.2081167180636,2.0455757419540626,111.06462176923894,False,0.2573333333333333
731,0.456,0.179,0.279,0.011,0.036,0.039,8.39,919.8915128898328,1.504363591996264,31.942109342107678,False,0.4173333333333333
732,0.314,0.5,0.011,0.17,0.002,0.003,8.33,1015.7334560217824,1.86376359698782,73.07412049591652,True,0.368
733,0.6053946053946053,0.0689310689310689,0.0049950049950049,0.0609390609390609,0.0359640359640359,0.2237762237762237,6.943056943056943,720.7169785461922,1.4417333744383076,27.65243463673969,False,0.3416583416583417
734,0.501,0.279,0.035,0.15,0.008,0.027,8.051,874.6323025156947,1.731705676905534,53.914511789043445,False,0.37
735,0.6833166833166833,0.0819180819180819,0.1538461538461538,0.0399600399600399,0.0239760239760239,0.0169830169830169,8.161838161838162,926.2204472788104,1.701486077465287,50.290514354900886,False,0.2921638361638361
736,0.542,0.317,0.079,0.033,0.01,0.019,8.316,986.9190618736428,1.7036753212628966,50.5446648592419,False,0.2519999999999999
737,0.4775224775224774,0.0619380619380619,0.1388611388611388,0.0529470529470529,0.1878121878121877,0.0809190809190809,7.023976023976023,813.3090615948869,1.4555886318385278,28.54885085995989,False,0.6433566433566436
738,0.6073926073926075,0.2057942057942058,0.1468531468531468,0.0329670329670329,0.0069930069930069,0.0,8.431568431568433,985.0467760769736,1.4323949202585098,27.06418293131561,False,0.0799200799200798
739,0.4944944944944945,0.1561561561561561,0.1691691691691692,0.0850850850850851,0.002002002002002,0.093093093093093,8.027027027027028,872.625192291171,1.5962577941832237,39.46915186934898,False,0.3926986986986988
740,0.3136863136863137,0.1528471528471528,0.1108891108891109,0.2147852147852148,0.0349650349650349,0.1728271728271728,7.293706293706295,626.0262779075985,1.7648230095513109,58.186603833775365,False,0.326873126873127
741,0.1911911911911911,0.3953953953953953,0.2662662662662662,0.048048048048048,0.099099099099099,0.0,8.384384384384385,962.1602255257432,1.8690071946374,73.96175276565806,False,0.4184184184184183
742,0.305,0.149,0.155,0.149,0.139,0.103,7.202999999999999,693.770301283508,1.5498425653561232,35.46847903258511,False,0.4880000000000001
743,0.7692307692307694,0.0409590409590409,0.0699300699300699,0.0839160839160839,0.0009990009990009,0.0349650349650349,7.952047952047954,851.32819622635,1.6075424956000288,40.50815803226617,False,0.3096903096903092
744,0.5815815815815816,0.2712712712712712,0.089089089089089,0.017017017017017,0.034034034034034,0.007007007007007,8.234234234234233,994.29886783046,1.4426294528459165,27.7095487175695,False,0.1902942942942942
745,0.6986986986986987,0.0980980980980981,0.071071071071071,0.062062062062062,0.026026026026026,0.044044044044044,7.871871871871871,891.8539156673467,1.311195660928001,20.473668208286348,False,0.3004604604604604
746,0.583,0.197,0.049,0.139,0.018,0.014,8.010000000000002,827.4813850900956,1.4688461508830069,29.433787551540345,False,0.342
747,0.2677322677322677,0.2657342657342657,0.1058941058941058,0.1898101898101898,0.0669330669330669,0.1038961038961038,7.537462537462536,708.6420793693343,1.553250557887174,35.74790193466753,False,0.4007992007992008
748,0.473,0.036,0.194,0.205,0.091,0.001,7.76,729.2992777125029,1.8794369960496533,75.75948191304303,False,0.644
749,0.4565434565434566,0.1588411588411588,0.2837162837162837,0.0269730269730269,0.0619380619380619,0.0119880119880119,8.341658341658343,915.5572207008944,1.7488835636972628,56.08975767104727,False,0.4482184482184482
750,0.568,0.05,0.247,0.016,0.106,0.013,7.945999999999999,856.9974331186244,1.724624521619545,53.04256553341364,False,0.4580000000000001
751,0.307,0.109,0.258,0.15,0.098,0.078,7.673000000000003,686.3646234914257,1.5357966768462392,34.339714241106115,False,0.526
752,0.3903903903903903,0.035035035035035,0.3183183183183183,0.1211211211211211,0.049049049049049,0.086086086086086,7.960960960960961,713.9243646820611,1.6351903006781126,43.17082028020701,False,0.5825825825825826
753,0.5770000000000001,0.198,0.077,0.012,0.132,0.004,7.6640000000000015,874.1516113380083,1.3616115239013291,22.993840998248267,False,0.2959999999999999
754,0.3796203796203796,0.4225774225774225,0.0459540459540459,0.0559440559440559,0.0699300699300699,0.0259740259740259,8.004995004995003,975.878375661485,1.7003717011979531,50.16163701851002,False,0.3482517482517482
755,0.3836163836163836,0.1948051948051948,0.1248751248751249,0.2667332667332668,0.0119880119880119,0.0179820179820179,8.045954045954048,757.5912649406004,1.875762468004117,75.12119155718051,False,0.5246753246753247
756,0.4124124124124123,0.086086086086086,0.3533533533533532,0.062062062062062,0.054054054054054,0.032032032032032,8.332332332332332,841.8988785330793,1.776782419850208,59.81118678479189,False,0.4684684684684686
757,0.5005005005005005,0.071071071071071,0.1521521521521521,0.1391391391391391,0.091091091091091,0.046046046046046,7.596596596596596,795.8408324769457,1.3899877258547908,24.5463954103448,False,0.5525525525525525
758,0.23,0.305,0.125,0.053,0.279,0.008,7.075,730.9959275961296,1.644558781400051,44.11220645888118,False,0.524
759,0.7457457457457457,0.1281281281281281,0.033033033033033,0.033033033033033,0.06006006006006,0.0,7.8608608608608606,766.7652845466348,1.6697786255940328,46.74967818150398,False,0.2668206668206668
760,0.547,0.103,0.061,0.003,0.278,0.008,6.800000000000001,794.8297290313436,1.5584359639722714,36.17728439715365,False,0.3499999999999999
761,0.696,0.05,0.049,0.131,0.031,0.043,7.689999999999999,783.9404718314096,1.354064080344464,22.597691755728427,False,0.41
762,0.4124124124124124,0.1141141141141141,0.1621621621621621,0.078078078078078,0.1011011011011011,0.1321321321321321,7.326326326326326,731.7435025595746,1.704614077421721,50.654038651858215,False,0.6270270270270271
763,0.4,0.145,0.344,0.11,0.0,0.001,8.719,856.4843095038038,2.002002114007279,100.46206804401412,False,0.3766666666666666
764,0.624,0.164,0.088,0.068,0.027,0.029,8.021,902.6642970277816,1.5598920981655318,36.29878580869708,False,0.258
765,0.638,0.177,0.138,0.017,0.029,0.001,8.286999999999999,972.657451652324,1.512255670447061,32.527873358370286,False,0.132
766,0.402,0.189,0.029,0.063,0.013,0.304,6.9030000000000005,603.635849304013,1.9580844868251317,90.79971530423728,False,0.496
767,0.5004995004995005,0.0929070929070929,0.2937062937062937,0.0649350649350649,0.0479520479520479,0.0,8.375624375624376,910.3243594772302,1.8491279674437195,70.652570558259,False,0.4125874125874126
768,0.7777777777777777,0.1001001001001,0.05005005005005,0.023023023023023,0.004004004004004,0.045045045045045,7.976976976976976,834.0220148157402,1.270454620329222,18.64037393777165,False,0.273015873015873
769,0.4590000000000001,0.284,0.082,0.061,0.076,0.038,7.855,900.4611054659101,1.4463286109678437,27.94657632308452,False,0.4179999999999999
770,0.3333333333333333,0.4264264264264264,0.02002002002002,0.2032032032032032,0.0,0.017017017017017,8.195195195195195,983.625069364292,1.811878668801952,64.84532463495638,False,0.3333333333333333
771,0.49,0.212,0.111,0.01,0.175,0.002,7.540999999999999,855.8383285973823,1.458650122838724,28.75081252957841,False,0.374
772,0.231,0.217,0.449,0.063,0.009,0.031,8.883000000000001,731.3896426101273,1.8171995508968508,65.64468231208595,False,0.4373333333333333
773,0.4314314314314315,0.051051051051051,0.3613613613613614,0.082082082082082,0.005005005005005,0.069069069069069,8.39039039039039,847.6777072173113,1.5690924605824423,37.07596475011701,False,0.4144144144144143
774,0.553,0.201,0.201,0.019,0.013,0.013,8.467,927.3344292626974,1.579256100508597,37.953873041016216,False,0.1859999999999999
775,0.5795795795795795,0.1631631631631631,0.1431431431431431,0.088088088088088,0.007007007007007,0.019019019019019,8.250250250250248,947.9420365188464,1.6642135284791608,46.15444451836464,False,0.2282282282282282
776,0.514,0.216,0.069,0.127,0.06,0.014,7.871,884.6488299496004,1.5390278103450232,34.596153100074375,False,0.402
777,0.434,0.123,0.389,0.041,0.013,0.0,8.795,902.1589203430964,1.9652585449378208,92.31208174790892,False,0.354
778,0.5104895104895104,0.1218781218781218,0.3156843156843156,0.0149850149850149,0.0139860139860139,0.0229770229770229,8.576423576423576,922.409783491642,1.889628701186526,77.55837500094876,False,0.3686313686313686
779,0.609,0.271,0.014,0.057,0.024,0.025,8.022,819.3517212429372,1.6017139825353468,39.96814410419824,False,0.2119999999999999
780,0.681,0.024,0.097,0.106,0.053,0.039,7.691,841.3614476152792,1.3861100075854045,24.32820168825072,False,0.4299999999999999
781,0.333,0.134,0.261,0.236,0.008,0.028,8.268,760.4689266638662,1.9633094193253229,91.89871088286156,False,0.476
782,0.354,0.199,0.158,0.144,0.141,0.004,7.65,728.0835614351519,1.6255840528297578,42.22639956071794,False,0.3319999999999999
783,0.3616383616383616,0.2437562437562437,0.1648351648351648,0.1508491508491508,0.0689310689310689,0.0099900099900099,8.037962037962037,833.7562278494075,1.736059509719975,54.45772690806917,False,0.3746253746253746
784,0.492,0.083,0.339,0.052,0.0,0.034,8.573,912.934387199508,1.827368127547375,67.19982275176143,False,0.3379999999999999
785,0.298,0.07,0.143,0.014,0.336,0.139,6.106,532.3978200392744,2.060201375354029,114.86861252796164,False,0.7373333333333334
786,0.3273453093812376,0.3473053892215569,0.0828343313373253,0.0768463073852295,0.124750499001996,0.0409181636726547,7.648702594810381,940.208727420046,1.3164395967994198,20.722378254300207,False,0.2475049900199598
787,0.7192807192807193,0.0329670329670329,0.1268731268731268,0.1148851148851149,0.0009990009990009,0.0049950049950049,8.146853146853148,902.2430291561516,1.8854695375806736,76.81915710561503,False,0.3076923076923077
788,0.5425425425425425,0.1941941941941941,0.039039039039039,0.1651651651651651,0.004004004004004,0.055055055055055,7.866866866866866,782.1536719299781,1.281547234539499,19.12261293790475,False,0.4484484484484484
789,0.5414585414585414,0.1558441558441558,0.1898101898101898,0.0069930069930069,0.0599400599400599,0.0459540459540459,8.044955044955044,879.867931473013,1.4086417187176192,25.62369278499085,False,0.2993946053946054
790,0.397,0.287,0.193,0.068,0.002,0.053,8.383,935.0634822379748,1.513243759526843,32.60196369993223,False,0.3733333333333333
791,0.276,0.335,0.36,0.022,0.0,0.007,9.004999999999999,869.1794506983374,2.1708032335708785,148.1846550670694,False,0.1146666666666666
792,0.5235235235235234,0.2002002002002001,0.058058058058058,0.1811811811811811,0.013013013013013,0.024024024024024,7.973973973973973,781.6668634980563,1.7008787606817095,50.2202373205168,False,0.4364364364364366
793,0.658,0.218,0.073,0.01,0.038,0.003,8.152,993.6522191884916,1.392313939024593,24.678226108016293,False,0.1439999999999999
794,0.703,0.186,0.072,0.033,0.005,0.001,8.267999999999999,964.082327566878,1.5391651891058198,34.60709850378696,False,0.188
795,0.2689999999999999,0.1989999999999999,0.3659999999999999,0.0399999999999999,0.0439999999999999,0.0819999999999999,8.342999999999998,739.5214024577,1.568912968371634,37.06064456499738,False,0.3973333333333333
796,0.592,0.056,0.208,0.102,0.042,0.0,8.16,873.2402081482784,1.854338686528605,71.50537466129852,False,0.398
797,0.63,0.174,0.028,0.168,0.0,0.0,8.062000000000001,837.9014715573098,1.6008483621127638,39.88856034910723,False,0.3359999999999999
798,0.264,0.599,0.012,0.087,0.037,0.001,8.347,1036.9721845091728,1.81148150000823,64.78604972456726,True,0.2739999999999999
799,0.444,0.116,0.103,0.251,0.086,0.0,7.641,772.9268777763684,1.7829486008286872,60.66645260070948,False,0.596
800,0.2952952952952953,0.3953953953953955,0.1531531531531531,0.0870870870870871,0.061061061061061,0.008008008008008,8.277277277277278,990.628357391872,1.847585510467311,70.40208325621882,False,0.4131131131131131
801,0.209,0.352,0.263,0.103,0.038,0.035,8.445,955.5521414266068,1.73916646329774,54.84871575183152,False,0.3893333333333333
802,0.6233766233766235,0.1608391608391608,0.0709290709290709,0.0439560439560439,0.0719280719280719,0.0289710289710289,7.783216783216783,874.6974603585975,1.505675377402668,32.03873626144406,False,0.2984635364635365
803,0.403,0.307,0.109,0.047,0.121,0.013,7.821,869.0563181816533,1.660286994164602,45.739034633670464,False,0.35
804,0.5245245245245245,0.2312312312312312,0.1261261261261261,0.057057057057057,0.014014014014014,0.047047047047047,8.168168168168167,915.1096488213548,1.3667876186396826,23.269530384825785,False,0.2426986986986987
805,0.5174825174825174,0.1528471528471528,0.0769230769230769,0.1868131868131868,0.0559440559440559,0.0099900099900099,7.800199800199799,834.8986434044095,1.677374440324907,47.57452275278922,False,0.5054945054945056
806,0.29,0.102,0.113,0.0,0.374,0.121,5.974,526.6879823532946,1.9769314612142384,94.82687991362764,False,0.7533333333333333
807,0.5154845154845156,0.1018981018981019,0.1538461538461538,0.2017982017982018,0.0019980019980019,0.0249750249750249,8.097902097902098,833.5591904961104,1.86328029482763,72.99284560536955,False,0.4592347652347651
808,0.2557442557442557,0.2797202797202797,0.2687312687312687,0.0819180819180819,0.0249750249750249,0.0889110889110889,8.254745254745254,813.3459154787829,1.6043054461689832,40.20734960694995,False,0.3916083916083915
809,0.443,0.041,0.17,0.113,0.072,0.161,7.264,760.8005651225411,1.853430686971453,71.35603124174438,False,0.63
810,0.5459999999999999,0.3399999999999999,0.0429999999999999,0.0049999999999999,0.0289999999999999,0.0369999999999999,8.127999999999998,996.266833596787,1.5072039209432786,32.15169852237458,False,0.228
811,0.4135864135864135,0.1038961038961038,0.2627372627372627,0.0569430569430569,0.1448551448551448,0.0179820179820179,7.776223776223775,776.7456384140959,1.7526700409992486,56.58092472101626,False,0.6000666000665998
812,0.3326673326673326,0.3356643356643356,0.1568431568431568,0.1388611388611388,0.0059940059940059,0.0299700299700299,8.360639360639361,986.5916200637876,1.96629965740002,92.533642351141,False,0.3543123543123542
813,0.405,0.134,0.394,0.009,0.005,0.053,8.676,877.661623644587,1.5142959576071342,32.6810467040743,False,0.3986666666666667
814,0.415,0.364,0.176,0.004,0.0,0.041,8.548,917.0785095402816,1.5758205870214002,37.65482096427897,False,0.3146666666666667
815,0.349,0.24,0.104,0.145,0.122,0.04,7.532999999999999,775.335649781607,1.2900957407894105,19.502744929466274,False,0.288
816,0.561,0.111,0.016,0.189,0.09,0.033,7.372000000000002,598.9888849978295,1.564834106357133,36.714203124369824,False,0.4999999999999999
817,0.7197197197197197,0.048048048048048,0.078078078078078,0.1391391391391391,0.004004004004004,0.011011011011011,8.001001001001,861.5446033335944,1.7690010679125832,58.7490797144133,False,0.3083083083083083
818,0.754,0.045,0.002,0.076,0.018,0.105,7.463,691.8220978174598,1.590255746099997,38.92743122624447,False,0.2819999999999999
819,0.361,0.043,0.262,0.027,0.228,0.079,7.084000000000001,718.677313756459,1.4710204959702229,29.581520694445064,False,0.7233333333333334
820,0.6393606393606392,0.0449550449550449,0.0559440559440559,0.2007992007992008,0.0039960039960039,0.0549450549450549,7.716283716283716,758.1391443741448,1.3681635089776654,23.343367590892534,False,0.429170829170829
821,0.523,0.27,0.055,0.137,0.014,0.001,8.169,919.60067005675,1.5705480190131569,37.20043506145157,False,0.3099999999999999
822,0.618,0.141,0.08,0.125,0.014,0.022,8.018,889.4372904259412,1.6267636784270478,42.3412503213521,False,0.322
823,0.274,0.159,0.329,0.096,0.015,0.127,8.138,672.309345081245,1.722644397940713,52.80127357859238,False,0.436
824,0.426,0.101,0.189,0.078,0.036,0.17,7.541,754.6171363144827,1.8721101336706487,74.492085603564,False,0.524
825,0.7767767767767768,0.015015015015015,0.0960960960960961,0.08008008008008,0.031031031031031,0.001001001001001,7.967967967967968,839.3084400757874,1.8593218253911568,72.3305596456285,False,0.2542542542542542
826,0.7002997002997003,0.0739260739260739,0.0049950049950049,0.1558441558441558,0.0639360639360639,0.0009990009990009,7.604395604395605,662.8611477411476,1.8102422563380924,64.60144856551912,False,0.4415584415584416
827,0.224,0.07,0.165,0.04,0.054,0.447,6.3020000000000005,403.2788848544971,2.4774967066769475,300.2594651629586,False,0.518
828,0.524,0.207,0.132,0.041,0.088,0.008,7.958,891.0218725138548,1.5355379338268356,34.31926149428833,False,0.274
829,0.391,0.159,0.347,0.095,0.003,0.005,8.723,839.2764399182969,1.9717828918705624,93.70934274905088,False,0.3486666666666667
830,0.51,0.054,0.227,0.013,0.077,0.119,7.633999999999999,821.9319027187466,1.8261671705749696,67.01425140311026,False,0.546
831,0.5630000000000001,0.283,0.071,0.014,0.052,0.017,8.083,947.9854407930276,1.5395136769721016,34.63487917884788,False,0.2099999999999999
832,0.514,0.314,0.063,0.062,0.001,0.046,8.189,941.5587436957836,1.4041954618379882,25.362698663366466,False,0.3079999999999999
833,0.4574574574574574,0.096096096096096,0.2412412412412412,0.038038038038038,0.1491491491491491,0.018018018018018,7.722722722722722,823.8358328783817,1.7593384585621588,57.45640625744981,False,0.5868928928928929
834,0.3053053053053052,0.2122122122122121,0.2692692692692692,0.038038038038038,0.1701701701701701,0.005005005005005,7.841841841841841,741.596109354825,1.7222866245173112,52.75779360328234,False,0.4264264264264264
835,0.5255255255255254,0.1531531531531531,0.2202202202202202,0.004004004004004,0.059059059059059,0.038038038038038,8.142142142142141,897.0033398667028,1.538689707933547,34.569230144960784,False,0.3366426426426426
836,0.3636363636363636,0.2477522477522477,0.1108891108891109,0.1438561438561438,0.0039960039960039,0.1298701298701298,7.7862137862137875,777.7867792567617,1.6591204678662443,45.6163432443484,False,0.4307692307692308
837,0.5184815184815185,0.1718281718281717,0.2277722277722277,0.0329670329670329,0.0319680319680319,0.0169830169830169,8.366633366633366,926.0470395920164,1.731106049984767,53.84012381869624,False,0.3133806193806194
838,0.406,0.344,0.1,0.112,0.024,0.014,8.256,997.9908435724392,1.7941008577565365,62.24448209663332,False,0.3400000000000001
839,0.5750000000000001,0.019,0.071,0.211,0.067,0.057,7.387000000000001,723.5549334442657,1.3165299325951685,20.72668907866373,False,0.4279999999999998
840,0.1761761761761761,0.1211211211211211,0.1921921921921922,0.3303303303303303,0.1681681681681681,0.012012012012012,7.286286286286286,404.7796974642948,1.730447762172737,53.75857673192353,False,0.596996996996997
841,0.6980000000000001,0.077,0.147,0.069,0.001,0.008,8.265,943.991635706075,1.757372726616156,57.19693100231545,False,0.2899999999999999
842,0.389,0.081,0.226,0.004,0.101,0.199,7.228,744.0536662928116,1.823388744600259,66.5868920460201,False,0.632
843,0.685,0.113,0.084,0.08,0.038,0.0,8.011000000000001,904.7012179095686,1.7037315240716748,50.55120635602233,False,0.3099999999999999
844,0.5424575424575424,0.0729270729270729,0.3366633366633366,0.0099900099900099,0.0229770229770229,0.0149850149850149,8.56143856143856,906.8814845965552,1.864424909542877,73.18547729833973,False,0.3266733266733266
845,0.3316683316683316,0.1978021978021978,0.3706293706293705,0.0519480519480519,0.0349650349650349,0.0129870129870129,8.660339660339659,811.7340592825601,1.9305263301276316,85.2170174640542,False,0.2743922743922743
846,0.469,0.358,0.107,0.033,0.001,0.032,8.406,1043.8382966923157,1.7845984686940617,60.89736042460185,True,0.346
847,0.4485514485514486,0.1838161838161838,0.2987012987012987,0.0449550449550449,0.0029970029970029,0.0209790209790209,8.637362637362639,914.5146156121106,1.8745546941803648,74.91256959654775,False,0.3682983682983683
848,0.683,0.188,0.059,0.01,0.045,0.015,8.011,866.4513306020779,1.393803353069803,24.76300544044448,False,0.1840000000000001
849,0.38,0.194,0.094,0.135,0.098,0.099,7.361,723.8702952073522,1.51038421606021,32.38800637298317,False,0.4459999999999999
850,0.3073073073073073,0.2922922922922922,0.2652652652652653,0.006006006006006,0.1271271271271271,0.002002002002002,8.173173173173172,856.6113672119105,1.8936196384157185,78.27438037789209,False,0.2702702702702702
851,0.7699999999999998,0.0229999999999999,0.0409999999999999,0.0489999999999999,0.0029999999999999,0.1139999999999999,7.584999999999999,770.002237427156,1.6626748231024784,45.99120866161644,False,0.2320000000000002
852,0.717,0.068,0.152,0.018,0.014,0.031,8.16,899.0945886857426,1.708374029019403,51.09448534381448,False,0.2620000000000001
853,0.5720000000000001,0.111,0.074,0.073,0.134,0.036,7.372000000000002,832.7785320972127,1.433233375674711,27.116483917576744,False,0.486
854,0.248,0.209,0.055,0.052,0.352,0.084,6.170999999999999,663.2710780423286,1.566604115760317,36.86414076543057,False,0.5860000000000001
855,0.517,0.256,0.11,0.02,0.0,0.097,8.068000000000001,924.6142646489028,1.590547872239738,38.95362438805722,False,0.2899999999999999
856,0.4384384384384384,0.1471471471471471,0.2242242242242242,0.06006006006006,0.015015015015015,0.1151151151151151,8.0,795.0213021616579,1.7550283180281254,56.88900239204561,False,0.5228288288288288
857,0.48,0.356,0.114,0.043,0.007,0.0,8.506,911.0495229260496,1.8920061273769095,77.98411130731878,False,0.3279999999999999
858,0.488,0.05,0.156,0.282,0.006,0.018,7.978,794.2921817991977,1.95592986121403,90.35035456437204,False,0.4599999999999999
859,0.399,0.196,0.11,0.027,0.187,0.081,7.13,786.9695568051656,1.3969320889679162,24.94204675342376,False,0.5539999999999999
860,0.604,0.064,0.115,0.108,0.05,0.059,7.700000000000001,845.7062289073667,1.302470063361416,20.06642764038511,False,0.434
861,0.3213213213213213,0.4124124124124124,0.079079079079079,0.049049049049049,0.092092092092092,0.046046046046046,7.876876876876878,949.9880256492164,1.415437100655593,26.02777840915881,False,0.375075075075075
862,0.5844155844155843,0.0559440559440559,0.0399600399600399,0.1708291708291708,0.0229770229770229,0.1258741258741258,7.346653346653345,692.2521197469201,1.646082150503028,44.267209964434414,False,0.4895104895104895
863,0.4255744255744256,0.1758241758241758,0.0999000999000999,0.2547452547452548,0.0089910089910089,0.0349650349650349,7.936063936063936,796.502883253578,1.7087092026721502,51.13393354348094,False,0.5784215784215785
864,0.387,0.165,0.307,0.103,0.035,0.003,8.489,836.2950793720076,1.9332134910728576,85.745925263101,False,0.3893333333333333
865,0.6343656343656344,0.0949050949050949,0.1108891108891109,0.0269730269730269,0.0949050949050949,0.0379620379620379,7.663336663336664,881.8402391082774,1.3349148172402263,21.622943685185284,False,0.3504115884115884
866,0.2982982982982983,0.077077077077077,0.5235235235235235,0.019019019019019,0.008008008008008,0.074074074074074,8.76876876876877,818.765460956636,1.5891748756198618,38.83066924156988,False,0.4034034034034034
867,0.494,0.269,0.08,0.001,0.065,0.091,7.739000000000001,886.2519256273341,1.5478015618682044,35.302182995894434,False,0.37
868,0.579,0.164,0.11,0.048,0.085,0.014,7.854999999999999,896.1027310127581,1.4863961341404175,30.64757624398581,False,0.294
869,0.286,0.039,0.299,0.17,0.056,0.15,7.587,634.5048804078631,1.8766475772520748,75.27444762024281,False,0.482
870,0.541,0.117,0.139,0.002,0.178,0.023,7.411,845.0674797222729,1.6011669989583808,39.91783686376131,False,0.4059999999999999
871,0.47,0.068,0.077,0.124,0.228,0.033,6.826,800.1892095276078,1.717641576165002,52.196523256265664,False,0.604
872,0.5565565565565566,0.1161161161161161,0.1101101101101101,0.2072072072072072,0.0,0.01001001001001,8.08908908908909,865.2705639607938,1.771076371854418,59.03048777477776,False,0.4344344344344344
873,0.587,0.183,0.009,0.133,0.03,0.058,7.686,675.179119514678,1.2826404456210707,19.17080923455352,False,0.4419999999999999
874,0.366,0.151,0.184,0.063,0.235,0.001,7.277,709.6993912356857,1.7375743940562862,54.64801531743315,False,0.572
875,0.323,0.439,0.103,0.134,0.0,0.001,8.507,920.0780497301672,1.9609549192109037,91.40183592895012,False,0.386
876,0.7497497497497497,0.032032032032032,0.073073073073073,0.068068068068068,0.033033033033033,0.044044044044044,7.768768768768769,837.5142721423321,1.3701357960752252,23.449619281273467,False,0.3497897897897898
877,0.5934065934065934,0.1268731268731268,0.2087912087912088,0.0119880119880119,0.0019980019980019,0.0569430569430569,8.294705294705295,925.2766690637524,1.3455213474326675,22.15753007380369,False,0.2534405594405594
878,0.492,0.034,0.281,0.028,0.126,0.039,7.782000000000001,813.2456427511678,1.4904786479437904,30.9370321002214,False,0.4539999999999999
879,0.491,0.401,0.03,0.027,0.0,0.051,8.23,999.7336557430572,1.4178042611741053,26.17003245136647,False,0.2159999999999999
880,0.5325325325325325,0.077077077077077,0.034034034034034,0.3463463463463463,0.006006006006006,0.004004004004004,7.752752752752752,716.1112956924565,1.9737165355172133,94.12750247418712,False,0.2580118580118579
881,0.6756756756756757,0.064064064064064,0.1081081081081081,0.032032032032032,0.118118118118118,0.002002002002002,7.64964964964965,865.140326007489,1.682905474084467,48.1842911191417,False,0.3605205205205205
882,0.2197802197802198,0.1618381618381618,0.0379620379620379,0.1538461538461538,0.0959040959040959,0.3306693306693307,6.281718281718282,425.3288360837438,2.1669058445268576,146.86078474935127,False,0.4290709290709291
883,0.7999999999999998,0.0299999999999999,0.0579999999999999,0.0169999999999999,0.0,0.0949999999999999,7.748999999999999,809.7852933221868,1.5497831326822396,35.46362554628905,False,0.2100000000000002
884,0.4690618762475049,0.2375249500998003,0.1097804391217564,0.030938123752495,0.1477045908183632,0.0049900199600798,7.667664670658683,882.585291127885,1.46968282645532,29.490546891169597,False,0.3863153692614771
885,0.2945891783567134,0.2014028056112224,0.2665330661322645,0.0490981963927855,0.0290581162324649,0.1593186372745491,7.902805611222444,712.990073091089,1.7843185624579754,60.85812423847094,False,0.3831663326653305
886,0.4924924924924925,0.1341341341341341,0.1871871871871872,0.004004004004004,0.1631631631631631,0.019019019019019,7.612612612612613,838.3133071464879,1.6589093183124966,45.5941704334064,False,0.4407467467467467
887,0.312,0.039,0.272,0.204,0.027,0.146,7.66,614.2127786596112,1.8663352411921408,73.50810740006597,False,0.4299999999999999
888,0.403,0.271,0.163,0.144,0.0,0.019,8.377,950.0742035203943,1.8520438304211535,71.1285295272059,False,0.432
889,0.489,0.164,0.131,0.083,0.048,0.085,7.763,837.0073948300186,1.4939716601919413,31.186860681571247,False,0.432
890,0.5235235235235235,0.1911911911911911,0.005005005005005,0.2542542542542542,0.009009009009009,0.017017017017017,7.833833833833833,697.1202348370924,1.7939421643723992,62.22174180532749,False,0.4444444444444444
891,0.408,0.109,0.286,0.04,0.141,0.016,7.872,785.8834000043574,1.7533255535187258,56.66639094522144,False,0.5433333333333332
892,0.361,0.21,0.01,0.295,0.111,0.013,7.328000000000001,565.5565106172072,1.514930085245905,32.7288002286376,False,0.3580000000000001
893,0.334,0.384,0.133,0.105,0.044,0.0,8.325,992.8639462059716,1.8955305038154229,78.61954097117183,False,0.3339999999999999
894,0.5685685685685686,0.3163163163163163,0.091091091091091,0.015015015015015,0.009009009009009,0.0,8.438438438438439,1036.9888172396252,1.5640767838047644,36.65023669944801,True,0.1988628628628627
895,0.4001996007984032,0.3652694610778443,0.0548902195608782,0.1147704590818363,0.0099800399201596,0.0548902195608782,8.090818363273453,975.2224398250992,1.3697580892605112,23.429233964445107,False,0.350499001996008
896,0.459,0.081,0.326,0.125,0.0,0.009,8.572000000000001,891.1833552810123,1.909838070781354,81.25275040811046,False,0.43
897,0.3173173173173172,0.2712712712712712,0.2712712712712712,0.034034034034034,0.097097097097097,0.009009009009009,8.258258258258257,866.1644306851042,1.8501105753189664,70.81260567582898,False,0.2802802802802803
898,0.4914914914914914,0.1001001001001001,0.012012012012012,0.08008008008008,0.1611611611611611,0.1551551551551551,6.617617617617618,611.9424835743334,2.0234577164112464,105.54987332086375,False,0.6168168168168169
899,0.5225225225225225,0.1701701701701701,0.1721721721721721,0.085085085085085,0.049049049049049,0.001001001001001,8.18018018018018,908.0200662073214,1.67194964948862,46.9839633961376,False,0.3086146146146146
900,0.3476523476523476,0.2537462537462537,0.2597402597402597,0.0639360639360639,0.0009990009990009,0.0739260739260739,8.408591408591409,868.709713684945,1.6083229386770472,40.58101812116468,False,0.3063603063603063
901,0.4314314314314313,0.1111111111111111,0.2352352352352352,0.1671671671671671,0.055055055055055,0.0,8.139139139139138,840.7791480829276,1.8818930423125075,76.1891348943622,False,0.608914914914915
902,0.4624624624624625,0.2482482482482482,0.2392392392392392,0.022022022022022,0.014014014014014,0.014014014014014,8.578578578578579,941.8461422722164,1.8196820336431827,66.02099019062527,False,0.313075075075075
903,0.469,0.102,0.016,0.308,0.008,0.097,7.398,611.2926464669246,1.7409638514641983,55.07618517908765,False,0.4459999999999999
904,0.2712712712712712,0.089089089089089,0.2732732732732733,0.3253253253253253,0.033033033033033,0.008008008008008,8.113113113113114,680.807976870012,1.9446314169473744,88.03014494662867,False,0.6058058058058058
905,0.4794794794794795,0.062062062062062,0.005005005005005,0.2232232232232232,0.036036036036036,0.1941941941941942,6.891891891891893,646.7574568883284,1.896394040927276,78.77602104393866,False,0.541041041041041
906,0.425,0.324,0.099,0.039,0.043,0.07,7.988,914.4332078105684,1.483730878640993,30.460068708903343,False,0.4859999999999999
907,0.381,0.363,0.055,0.05,0.011,0.14,7.808,962.3533664467976,1.711251669090982,51.43416208063321,False,0.478
908,0.753507014028056,0.1322645290581162,0.0110220440881763,0.0571142284569138,0.0460921843687374,0.0,7.866733466933866,687.624667673924,1.8255215640270916,66.9147044384105,False,0.2585478649606905
909,0.5219999999999999,0.2939999999999999,0.0449999999999999,0.0239999999999999,0.0,0.1149999999999999,7.899999999999999,825.7336458250529,1.7047707468446494,50.67231512308072,False,0.3059999999999999
910,0.333,0.24,0.147,0.036,0.216,0.028,7.306,776.3405217524607,1.6041625759251237,40.19412473463298,False,0.482
911,0.6276276276276276,0.1131131131131131,0.1201201201201201,0.1381381381381381,0.0,0.001001001001001,8.21121121121121,946.7192308082498,1.7362701891729242,54.48415116140559,False,0.2955335335335335
912,0.3553553553553553,0.2672672672672672,0.1651651651651651,0.056056056056056,0.003003003003003,0.1531531531531531,7.913913913913913,786.7558864784426,1.8010550587945815,63.24920320898759,False,0.4512512512512511
913,0.5305305305305305,0.2592592592592592,0.1201201201201201,0.041041041041041,0.047047047047047,0.002002002002002,8.215215215215213,952.282519239784,1.517148719185576,32.89642616448681,False,0.2426986986986987
914,0.3646353646353646,0.1448551448551448,0.2717282717282717,0.0209790209790209,0.0479520479520479,0.1498501498501498,7.828171828171827,727.564818540233,1.8435323348103747,69.74809249509022,False,0.5001665001665001
915,0.3776223776223776,0.1288711288711288,0.3326673326673326,0.1348651348651348,0.0219780219780219,0.0039960039960039,8.533466533466534,828.4763020129974,2.012083104724701,102.8213033727713,False,0.4102564102564102
916,0.379,0.267,0.039,0.288,0.002,0.025,7.947,770.1031957934222,1.8221563535136036,66.3982072389711,False,0.45
917,0.428,0.266,0.256,0.015,0.019,0.016,8.604000000000001,941.5903241223732,1.917737736235924,82.74423330973674,False,0.2893333333333333
918,0.4635364635364636,0.4215784215784216,0.0799200799200799,0.0149850149850149,0.0019980019980019,0.0179820179820179,8.484515484515486,1011.0165644884038,1.8478011789894109,70.43705326973483,True,0.2297702297702296
919,0.3063063063063063,0.1421421421421421,0.2892892892892893,0.2102102102102102,0.021021021021021,0.031031031031031,8.281281281281283,740.3077997095027,1.9014251272130076,79.69390856802848,False,0.4536536536536537
920,0.6943056943056942,0.1258741258741258,0.0479520479520479,0.0219780219780219,0.0169830169830169,0.0929070929070929,7.743256743256742,819.2696694703246,1.4510353772034743,28.25110096246502,False,0.3163476523476524
921,0.5034965034965034,0.1618381618381618,0.0229770229770229,0.3036963036963037,0.0009990009990009,0.0069930069930069,7.871128871128871,684.1958837197157,1.8233535671338428,66.581498785469,False,0.3856143856143855
922,0.344,0.212,0.272,0.013,0.047,0.112,8.059999999999999,760.8132929175586,1.7351555579607296,54.344495070505246,False,0.3653333333333333
923,0.373,0.111,0.28,0.056,0.158,0.022,7.737000000000001,735.6192381296579,1.7696349560866311,58.834891391299614,False,0.5513333333333332
924,0.214,0.173,0.295,0.238,0.007,0.073,8.198,579.6596173680668,1.516142655659526,32.82030825056617,False,0.308
925,0.382,0.16,0.222,0.044,0.032,0.16,7.76,728.3686758668116,1.8084221368969804,64.33127174182343,False,0.4720000000000001
926,0.5194805194805194,0.1708291708291708,0.1378621378621378,0.0629370629370629,0.0899100899100898,0.0189810189810189,7.858141858141857,859.7037810132799,1.626027686260546,42.26955602363197,False,0.3436563436563437
927,0.397,0.141,0.227,0.111,0.019,0.105,7.968999999999999,754.2134942612707,1.702728552518148,50.43459672016573,False,0.486
928,0.352,0.481,0.085,0.008,0.061,0.013,8.286000000000001,1025.4856562757016,1.8071165653382764,64.13817013662917,True,0.3339999999999999
929,0.4964964964964965,0.1331331331331331,0.1491491491491491,0.089089089089089,0.03003003003003,0.102102102102102,7.783783783783784,830.4129334306612,1.654390877456393,45.12226351179967,False,0.4424424424424424
930,0.354,0.151,0.322,0.064,0.109,0.0,8.186,786.3826077202119,1.863848453359294,73.08839977137679,False,0.3873333333333333
931,0.6143856143856143,0.1428571428571428,0.1078921078921078,0.0189810189810189,0.0539460539460539,0.0619380619380619,7.822177822177822,879.4754081054638,1.2353522289345646,17.19302239740422,False,0.2697302697302698
932,0.4085914085914086,0.2547452547452548,0.0979020979020979,0.1198801198801198,0.0939060939060939,0.0249750249750249,7.761238761238761,836.7474038704755,1.6705910842306624,46.83721723904772,False,0.3629370629370629
933,0.3303303303303303,0.092092092092092,0.045045045045045,0.1441441441441441,0.02002002002002,0.3683683683683683,6.464464464464464,511.6694703399972,2.543421756722954,349.47954106215474,False,0.5275275275275275
934,0.4344344344344343,0.091091091091091,0.2672672672672672,0.044044044044044,0.1591591591591591,0.004004004004004,7.769769769769768,816.4702867088305,1.7627663122315167,57.911699784132615,False,0.5965965965965967
935,0.6306306306306306,0.2322322322322322,0.018018018018018,0.007007007007007,0.002002002002002,0.1101101101101101,7.81081081081081,769.1592739616406,1.5475829086100332,35.28441395930224,False,0.2382382382382382
936,0.4624624624624625,0.2312312312312312,0.0850850850850851,0.1801801801801801,0.008008008008008,0.033033033033033,8.04904904904905,867.3164957271003,1.7037259762173298,50.5505605984771,False,0.4489049049049048
937,0.347,0.451,0.067,0.04,0.092,0.003,8.073,995.012733013023,1.6615717636743743,45.87454435349109,False,0.342
938,0.525,0.163,0.067,0.141,0.074,0.03,7.666,826.9554811822775,1.626212045977845,42.287503425672746,False,0.49
939,0.414,0.165,0.348,0.034,0.004,0.035,8.667,880.2565617373277,1.7817270909928615,60.49606003355187,False,0.3366666666666666
940,0.3443443443443443,0.1521521521521521,0.1831831831831831,0.1751751751751751,0.013013013013013,0.1321321321321321,7.74974974974975,658.3569232442327,1.7317348482149375,53.91813331727383,False,0.3147147147147148
941,0.3883883883883883,0.068068068068068,0.1451451451451451,0.053053053053053,0.003003003003003,0.3423423423423423,6.920920920920921,685.0277003326969,2.302528410030528,200.6912370932944,False,0.5385385385385385
942,0.325,0.42,0.185,0.064,0.005,0.001,8.697,896.1474372292234,2.111272562369516,129.20298946559166,False,0.3133333333333333
943,0.2632632632632632,0.052052052052052,0.6356356356356356,0.045045045045045,0.003003003003003,0.001001001001001,9.25925925925926,732.9850444345008,1.813268174842417,65.05312664056073,False,0.3287287287287287
944,0.5359999999999999,0.1229999999999999,0.0499999999999999,0.1589999999999999,0.0529999999999999,0.0789999999999999,7.482999999999999,766.393561460464,1.4821700190639482,30.350791346317664,False,0.5820000000000001
945,0.4355644355644356,0.1508491508491508,0.2117882117882118,0.0359640359640359,0.0019980019980019,0.1638361638361638,7.873126873126874,792.161166182822,1.868054387423702,73.79966448954313,False,0.4987012987012987
946,0.3613613613613613,0.045045045045045,0.4644644644644645,0.081081081081081,0.006006006006006,0.042042042042042,8.694694694694695,808.9736531152726,1.5029443100900752,31.837892358472764,False,0.3483483483483484
947,0.672,0.119,0.077,0.019,0.041,0.072,7.761000000000001,893.8212832317266,1.3645222906535832,23.14846995096266,False,0.3220000000000002
948,0.6900000000000001,0.174,0.01,0.124,0.0,0.002,8.062000000000001,775.4453333806467,1.8546520352114435,71.55698526420704,False,0.2719999999999998
949,0.5255255255255256,0.079079079079079,0.009009009009009,0.01001001001001,0.007007007007007,0.3693693693693693,6.574574574574575,546.6057213558694,2.8129993135915625,650.128662804932,False,0.2212612612612612
950,0.666,0.125,0.088,0.103,0.006,0.012,8.120000000000001,945.6081611667744,1.6461383909550658,44.27294286966279,False,0.3139999999999999
951,0.3476523476523476,0.4285714285714286,0.0879120879120879,0.0419580419580419,0.0,0.0939060939060939,8.186813186813186,971.8824146815492,1.6156326239692782,41.26982468301971,False,0.4475524475524476
952,0.4994994994994994,0.3093093093093093,0.1001001001001,0.001001001001001,0.038038038038038,0.052052052052052,8.11011011011011,926.4295331906618,1.4348136195166028,27.215330926549168,False,0.3370010010010009
953,0.5294705294705295,0.2757242757242757,0.0899100899100899,0.0889110889110889,0.0019980019980019,0.0139860139860139,8.300699300699302,963.0504750591684,1.5887294849636324,38.79086686632092,False,0.2856103896103895
954,0.399,0.143,0.091,0.324,0.012,0.031,7.817,765.4917609026719,1.86287135947733,72.92414727431127,False,0.5539999999999999
955,0.449,0.134,0.342,0.07,0.005,0.0,8.723,901.3435370775726,1.9633433730754069,91.9058959334908,False,0.3986666666666667
956,0.361,0.103,0.355,0.012,0.022,0.147,8.103,768.7168982751427,1.8657632701747096,73.41136006773375,False,0.4606666666666666
957,0.2967032967032967,0.0859140859140859,0.4375624375624376,0.1558441558441558,0.0239760239760239,0.0,8.685314685314687,803.8500133917008,1.991915564434796,98.15570900659144,False,0.5314685314685315
958,0.3726273726273726,0.3586413586413586,0.2437562437562437,0.0159840159840159,0.0,0.0089910089910089,8.794205794205794,890.7635137906509,2.0773373172601186,119.49158372877214,False,0.1791541791541792
959,0.669,0.067,0.093,0.012,0.002,0.157,7.603,866.6872481076113,1.679407332449433,47.79773668847842,False,0.348
960,0.239,0.217,0.157,0.074,0.188,0.125,7.017,644.2890021490576,1.5214482014269668,33.223715671549726,False,0.488
961,0.586,0.069,0.062,0.21,0.001,0.072,7.689999999999999,758.7294407976234,1.5160597397199969,32.81404276241254,False,0.4107692307692309
962,0.5800000000000001,0.072,0.204,0.129,0.015,0.0,8.276000000000002,901.73765689752,1.8987478494113752,79.2041339193126,False,0.39
963,0.559,0.319,0.009,0.111,0.002,0.0,8.216000000000001,905.9785621894424,1.7693436647333871,58.79544269998163,False,0.2439999999999998
964,0.4489999999999999,0.1189999999999999,0.0839999999999999,0.0609999999999999,0.1749999999999999,0.1119999999999999,6.902999999999999,807.4867059239684,1.6510531028014717,44.77680510941254,False,0.6399999999999999
965,0.492,0.179,0.171,0.027,0.13,0.001,7.84,855.2725025741264,1.5724610022268803,37.364657202352326,False,0.3520000000000001
966,0.6980000000000001,0.186,0.012,0.065,0.011,0.028,7.9780000000000015,705.3724273859468,1.6800425989487884,47.86770423522511,False,0.2347692307692306
967,0.7017017017017017,0.1651651651651651,0.049049049049049,0.063063063063063,0.008008008008008,0.013013013013013,8.108108108108107,911.049738603064,1.491995635318471,31.045283873041114,False,0.2355715715715716
968,0.542,0.104,0.091,0.135,0.095,0.033,7.544,825.155192579323,1.5963610302925562,39.478535193745714,False,0.526
969,0.459,0.273,0.053,0.124,0.065,0.026,7.826,874.9585578709181,1.663037140729026,46.02959362635063,False,0.376
970,0.629,0.032,0.173,0.034,0.125,0.007,7.691000000000001,850.0722539085235,1.717287526630964,52.15398846760748,False,0.392
971,0.3723723723723724,0.2152152152152152,0.3113113113113113,0.02002002002002,0.004004004004004,0.077077077077077,8.489489489489491,859.5800747748399,1.60803385015923,40.55401431800554,False,0.2802802802802803
972,0.3323323323323324,0.1021021021021021,0.034034034034034,0.3453453453453453,0.0800800800800801,0.1061061061061061,7.0,585.0426515103127,1.6803390339794797,47.90038829814801,False,0.5835835835835836
973,0.778,0.041,0.071,0.026,0.084,0.0,7.737,830.8844318837482,1.821684241398779,66.3260664060117,False,0.302
974,0.499,0.214,0.028,0.212,0.006,0.041,7.864000000000001,725.670070852467,1.3486332344098555,22.3168674729235,False,0.518
975,0.302,0.393,0.12,0.131,0.001,0.053,8.285,990.839567656422,1.479099048382661,30.13693270789794,False,0.432
976,0.611,0.299,0.048,0.003,0.003,0.036,8.233,998.7804450720886,1.409464668638368,25.67229346603515,False,0.1219999999999999
977,0.687,0.098,0.042,0.121,0.037,0.015,7.816000000000001,797.3362337060893,1.67340390060772,47.14155463634094,False,0.3819999999999999
978,0.316,0.17,0.307,0.168,0.0,0.039,8.46,803.8999737233971,1.5967994178543097,39.51840592075656,False,0.4139999999999999
979,0.54,0.127,0.209,0.059,0.001,0.064,8.225,882.3725926786094,1.4586471134582673,28.750613305694223,False,0.3599999999999999
980,0.336,0.484,0.018,0.075,0.008,0.079,8.089,973.5696495375032,1.5385580352171166,34.55875077055234,False,0.36
981,0.6446446446446445,0.05005005005005,0.1431431431431431,0.001001001001001,0.1501501501501501,0.011011011011011,7.540540540540539,862.4072367319501,1.611682600691261,40.89616653844133,False,0.3756136136136134
982,0.4754754754754755,0.2632632632632632,0.1531531531531531,0.076076076076076,0.031031031031031,0.001001001001001,8.334334334334335,953.3976022916444,1.696095835113537,49.67019158264853,False,0.287049049049049
983,0.7177177177177178,0.068068068068068,0.0990990990990991,0.05005005005005,0.063063063063063,0.002002002002002,7.8928928928928945,880.1771937334726,1.7558953509841009,57.00269001881578,False,0.2684284284284284
984,0.468,0.147,0.237,0.006,0.141,0.001,7.906000000000001,845.6805148804206,1.7190486923993331,52.36591451162855,False,0.4639999999999999
985,0.546,0.196,0.122,0.06,0.021,0.055,8.055,892.2795437347635,1.326883468452556,21.226748213968204,False,0.2719999999999999
986,0.6333666333666335,0.0939060939060939,0.0819180819180819,0.0099900099900099,0.1718281718281718,0.0089910089910089,7.352647352647353,854.5825984836242,1.5095474902447976,32.32566666300939,False,0.3896103896103895
987,0.457,0.328,0.112,0.04,0.006,0.057,8.254,980.1587423541694,1.4451797749984077,27.87274714511033,False,0.4059999999999999
988,0.5694305694305695,0.1988011988011988,0.1158841158841159,0.0779220779220779,0.0079920079920079,0.0299700299700299,8.192807192807194,945.2415346822572,1.6690903157490369,46.67564367493687,False,0.2317682317682317
989,0.4845154845154845,0.0969030969030969,0.3486513486513486,0.0369630369630369,0.0299700299700299,0.0029970029970029,8.595404595404595,915.7673707913796,1.9077854249255708,80.86962419452192,False,0.3336663336663336
990,0.33,0.093,0.512,0.038,0.027,0.0,8.944,808.9148831950699,1.951588334464691,89.45164559500928,False,0.3399999999999999
991,0.4924924924924924,0.1361361361361361,0.1661661661661661,0.01001001001001,0.1611611611611611,0.034034034034034,7.516516516516516,839.3462426868681,1.5897075960118223,38.878329486859485,False,0.4367427427427428
992,0.4010000000000001,0.176,0.184,0.08,0.103,0.056,7.725000000000001,768.915579774478,1.289789893228643,19.48901515080843,False,0.5399999999999999
993,0.7292707292707292,0.0479520479520479,0.1538461538461538,0.0199800199800199,0.0429570429570429,0.0059940059940059,8.096903096903096,886.8194518531305,1.7567424874095257,57.11398819118087,False,0.2337662337662338
994,0.4214214214214214,0.2932932932932933,0.077077077077077,0.071071071071071,0.0930930930930931,0.044044044044044,7.734734734734737,858.9676119561908,1.3149727851509694,20.652507338391363,False,0.3850850850850851
995,0.3603603603603604,0.3283283283283283,0.0990990990990991,0.032032032032032,0.1801801801801802,0.0,7.593593593593594,926.200483012925,1.5720053454064962,37.32547518814848,False,0.2792792792792793
996,0.421,0.154,0.235,0.079,0.024,0.087,8.077,844.7329656221971,1.6029347724124243,40.08065151459471,False,0.5439999999999999
997,0.596,0.202,0.079,0.018,0.031,0.074,7.891,891.1261513572485,1.3464280230715409,22.20383662103912,False,0.246
998,0.655,0.119,0.142,0.009,0.001,0.074,8.093,937.6493775707206,1.398919011702145,25.056419512184345,False,0.24
999,0.387,0.187,0.212,0.077,0.006,0.131,7.98,745.916427363463,1.7617869064805525,57.78124649307208,False,0.41
