protocol,target,source_row,composition_group,composition_seen,observed,predicted,tree_sd
notebook_fixed,Curie(TC) (K),1362,857,False,86.0,70.451416015625,
notebook_fixed,Curie(TC) (K),1474,831,True,100.0,139.19906616210938,
notebook_fixed,Curie(TC) (K),1457,195,True,753.15,746.2408447265625,
notebook_fixed,Curie(TC) (K),1674,666,True,290.5,330.3076477050781,
notebook_fixed,Curie(TC) (K),1581,991,False,440.0,411.162109375,
notebook_fixed,Curie(TC) (K),948,15,True,600.0,757.0955810546875,
notebook_fixed,Curie(TC) (K),1277,812,True,200.0,193.05650329589844,
notebook_fixed,Curie(TC) (K),706,479,False,680.0,660.1858520507812,
notebook_fixed,Curie(TC) (K),974,637,False,833.0,812.1995239257812,
notebook_fixed,Curie(TC) (K),532,364,False,530.0,578.8270263671875,
notebook_fixed,Curie(TC) (K),1345,145,True,17.4,526.6737670898438,
notebook_fixed,Curie(TC) (K),903,594,False,888.85,752.9181518554688,
notebook_fixed,Curie(TC) (K),479,330,False,581.15,594.4876098632812,
notebook_fixed,Curie(TC) (K),212,157,False,670.0,613.533203125,
notebook_fixed,Curie(TC) (K),1085,2,True,724.0,734.1575317382812,
notebook_fixed,Curie(TC) (K),65,7,True,1003.15,1017.6946411132812,
notebook_fixed,Curie(TC) (K),799,541,False,665.15,643.6887817382812,
notebook_fixed,Curie(TC) (K),522,358,True,363.0,424.5516052246094,
notebook_fixed,Curie(TC) (K),365,252,False,326.0,588.4010620117188,
notebook_fixed,Curie(TC) (K),1344,843,False,150.0,267.4754333496094,
notebook_fixed,Curie(TC) (K),1124,726,False,839.0,795.5955200195312,
notebook_fixed,Curie(TC) (K),415,290,False,573.15,588.11572265625,
notebook_fixed,Curie(TC) (K),1551,976,False,12.0,618.8667602539062,
notebook_fixed,Curie(TC) (K),576,394,False,634.15,546.18115234375,
notebook_fixed,Curie(TC) (K),1656,791,True,320.0,298.6795349121094,
notebook_fixed,Curie(TC) (K),534,366,False,505.0,594.1528930664062,
notebook_fixed,Curie(TC) (K),411,286,False,750.15,644.7720336914062,
notebook_fixed,Curie(TC) (K),303,211,False,570.0,565.3532104492188,
notebook_fixed,Curie(TC) (K),351,15,True,1005.15,757.0955810546875,
notebook_fixed,Curie(TC) (K),1379,793,True,767.0,747.9702758789062,
notebook_fixed,Curie(TC) (K),680,457,False,403.0,403.4166259765625,
notebook_fixed,Curie(TC) (K),1384,868,False,952.0,970.0057983398438,
notebook_fixed,Curie(TC) (K),23,16,True,578.45,520.6315307617188,
notebook_fixed,Curie(TC) (K),185,7,True,954.0,1017.6946411132812,
notebook_fixed,Curie(TC) (K),557,382,False,739.15,688.7972412109375,
notebook_fixed,Curie(TC) (K),1659,1022,False,42.0,260.68310546875,
notebook_fixed,Curie(TC) (K),607,414,False,150.0,820.7304077148438,
notebook_fixed,Curie(TC) (K),478,329,False,634.0,602.4078979492188,
notebook_fixed,Curie(TC) (K),1269,120,True,628.0,490.4400329589844,
notebook_fixed,Curie(TC) (K),554,6,True,700.0,789.9778442382812,
notebook_fixed,Curie(TC) (K),495,340,False,852.0,936.6618041992188,
notebook_fixed,Curie(TC) (K),1725,844,True,200.0,182.38851928710935,
notebook_fixed,Curie(TC) (K),842,471,True,1100.0,1105.6043701171875,
notebook_fixed,Curie(TC) (K),289,198,False,584.15,607.1644897460938,
notebook_fixed,Curie(TC) (K),1678,1034,False,450.0,600.350341796875,
notebook_fixed,Curie(TC) (K),398,278,False,585.15,548.2901000976562,
notebook_fixed,Curie(TC) (K),429,302,True,670.0,629.5861206054688,
notebook_fixed,Curie(TC) (K),589,403,False,614.0,658.9874267578125,
notebook_fixed,Curie(TC) (K),1523,322,True,860.0,791.640380859375,
notebook_fixed,Curie(TC) (K),462,8,True,628.0,585.3102416992188,
notebook_fixed,Curie(TC) (K),555,6,True,672.0,789.9778442382812,
notebook_fixed,Curie(TC) (K),1047,684,True,423.0,378.7834777832031,
notebook_fixed,Curie(TC) (K),240,6,True,793.15,744.00732421875,
notebook_fixed,Curie(TC) (K),135,101,True,1173.0,1105.90869140625,
notebook_fixed,Curie(TC) (K),1131,732,False,660.0,608.944091796875,
notebook_fixed,Curie(TC) (K),575,394,False,629.15,546.18115234375,
notebook_fixed,Curie(TC) (K),1599,415,True,330.0,329.50274658203125,
notebook_fixed,Curie(TC) (K),1096,658,True,730.0,761.4337768554688,
notebook_fixed,Curie(TC) (K),650,439,True,689.7,618.0223999023438,
notebook_fixed,Curie(TC) (K),620,322,True,860.0,757.6309204101562,
notebook_fixed,Curie(TC) (K),1399,875,False,464.5,399.4118347167969,
notebook_fixed,Curie(TC) (K),988,648,False,563.0,599.3663940429688,
notebook_fixed,Curie(TC) (K),383,15,True,747.15,742.487548828125,
notebook_fixed,Curie(TC) (K),1488,936,False,96.0,105.22994232177734,
notebook_fixed,Curie(TC) (K),707,480,False,990.0,997.308349609375,
notebook_fixed,Curie(TC) (K),298,207,False,723.15,812.5469970703125,
notebook_fixed,Curie(TC) (K),371,257,False,1190.2,1024.6903076171875,
notebook_fixed,Curie(TC) (K),420,295,False,430.0,494.8908386230469,
notebook_fixed,Curie(TC) (K),405,15,True,723.15,757.0955810546875,
notebook_fixed,Curie(TC) (K),324,228,False,705.0,702.308837890625,
notebook_fixed,Curie(TC) (K),567,1,True,740.0,672.2734375,
notebook_fixed,Curie(TC) (K),527,360,False,893.0,740.6713256835938,
notebook_fixed,Curie(TC) (K),968,632,False,325.0,542.3162231445312,
notebook_fixed,Curie(TC) (K),610,6,True,793.15,804.4009399414062,
notebook_fixed,Curie(TC) (K),1458,916,False,165.0,431.7232971191406,
notebook_fixed,Curie(TC) (K),886,580,False,755.0,787.163818359375,
notebook_fixed,Curie(TC) (K),115,41,True,579.15,624.0254516601562,
notebook_fixed,Curie(TC) (K),220,161,True,482.0,446.66058349609375,
notebook_fixed,Curie(TC) (K),898,590,False,373.0,417.8916931152344,
notebook_fixed,Curie(TC) (K),275,192,False,750.0,758.875244140625,
notebook_fixed,Curie(TC) (K),1492,938,False,905.0,765.3677368164062,
notebook_fixed,Curie(TC) (K),1679,717,True,430.0,421.5936584472656,
notebook_fixed,Curie(TC) (K),261,182,True,465.0,567.1121215820312,
notebook_fixed,Curie(TC) (K),414,289,False,717.0,282.2216491699219,
notebook_fixed,Curie(TC) (K),609,416,False,657.0,611.5836791992188,
notebook_fixed,Curie(TC) (K),984,645,False,773.15,960.9268798828124,
notebook_fixed,Curie(TC) (K),49,39,False,700.0,701.1091918945312,
notebook_fixed,Curie(TC) (K),1640,507,True,395.0,348.7848205566406,
notebook_fixed,Curie(TC) (K),976,639,False,580.0,598.2291259765625,
notebook_fixed,Curie(TC) (K),1583,993,False,131.0,280.5126647949219,
notebook_fixed,Curie(TC) (K),949,15,True,549.0,757.0955810546875,
notebook_fixed,Curie(TC) (K),1511,952,False,670.0,636.0360717773438,
notebook_fixed,Curie(TC) (K),350,15,True,1005.15,757.0955810546875,
notebook_fixed,Curie(TC) (K),1326,322,True,860.0,757.6309204101562,
notebook_fixed,Curie(TC) (K),621,6,True,790.0,744.00732421875,
notebook_fixed,Curie(TC) (K),425,300,False,1017.0,1010.0025634765624,
notebook_fixed,Curie(TC) (K),806,193,True,800.15,844.5110473632812,
notebook_fixed,Curie(TC) (K),1723,790,True,58.6,78.70927429199219,
notebook_fixed,Curie(TC) (K),382,266,False,672.0,591.8601684570312,
notebook_fixed,Curie(TC) (K),1561,919,True,69.0,89.26981353759766,
notebook_fixed,Curie(TC) (K),1460,918,True,85.0,161.3425750732422,
notebook_fixed,Curie(TC) (K),1701,938,False,900.0,765.3677368164062,
notebook_fixed,Curie(TC) (K),1005,662,False,805.15,760.513916015625,
notebook_fixed,Curie(TC) (K),1004,661,False,815.15,760.513916015625,
notebook_fixed,Curie(TC) (K),1249,799,True,658.15,639.9534912109375,
notebook_fixed,Curie(TC) (K),78,61,False,530.0,548.8129272460938,
notebook_fixed,Curie(TC) (K),1193,649,True,593.15,626.9987182617188,
notebook_fixed,Curie(TC) (K),173,127,True,810.0,772.9185180664062,
notebook_fixed,Curie(TC) (K),270,187,False,733.0,760.1669921875,
notebook_fixed,Curie(TC) (K),464,321,False,618.15,588.11572265625,
notebook_fixed,Curie(TC) (K),591,404,False,568.15,719.8233642578125,
notebook_fixed,Curie(TC) (K),439,307,True,723.0,704.5922241210938,
notebook_fixed,Curie(TC) (K),518,356,False,659.15,632.9692993164062,
notebook_fixed,Curie(TC) (K),70,53,False,775.0,536.9765625,
notebook_fixed,Curie(TC) (K),29,20,False,711.15,708.6162109375,
notebook_fixed,Curie(TC) (K),1033,93,True,864.15,820.431396484375,
notebook_fixed,Curie(TC) (K),69,52,False,761.0,536.9765625,
notebook_fixed,Curie(TC) (K),506,350,False,255.0,256.1094665527344,
notebook_fixed,Curie(TC) (K),1208,7,True,1000.0,1024.473876953125,
notebook_fixed,Curie(TC) (K),1185,696,True,683.0,677.8070678710938,
notebook_fixed,Curie(TC) (K),251,180,False,723.0,726.8978881835938,
notebook_fixed,Curie(TC) (K),736,493,False,760.0,640.728271484375,
notebook_fixed,Curie(TC) (K),551,322,True,853.15,774.3539428710938,
notebook_fixed,Curie(TC) (K),1666,15,True,750.0,742.487548828125,
notebook_fixed,Curie(TC) (K),1029,672,True,682.15,644.7656860351562,
notebook_fixed,Curie(TC) (K),1348,845,False,900.0,593.6990966796875,
notebook_fixed,Curie(TC) (K),344,239,False,613.15,475.22271728515625,
notebook_fixed,Curie(TC) (K),1223,788,True,200.0,254.3734436035156,
notebook_fixed,Curie(TC) (K),1074,702,False,662.15,604.04248046875,
notebook_fixed,Curie(TC) (K),946,1,True,688.15,726.07421875,
notebook_fixed,Curie(TC) (K),1501,944,False,110.0,178.44381713867188,
notebook_fixed,Curie(TC) (K),259,2,True,996.15,790.8888549804688,
notebook_fixed,Curie(TC) (K),339,172,True,1093.15,1073.2130126953125,
notebook_fixed,Curie(TC) (K),900,592,False,908.8,920.7938842773438,
notebook_fixed,Curie(TC) (K),816,93,True,816.5,775.3875732421875,
notebook_fixed,Curie(TC) (K),1322,112,True,1390.0,906.2644653320312,
notebook_fixed,Curie(TC) (K),1423,891,False,64.7,99.9059066772461,
notebook_fixed,Curie(TC) (K),483,41,True,633.15,624.0254516601562,
notebook_fixed,Curie(TC) (K),1313,826,True,250.0,265.0888061523437,
notebook_fixed,Curie(TC) (K),963,121,True,785.15,767.1474609375,
notebook_fixed,Curie(TC) (K),1079,704,True,496.15,494.1923522949219,
notebook_fixed,Curie(TC) (K),30,21,True,575.0,480.317626953125,
notebook_fixed,Curie(TC) (K),1103,713,False,436.0,567.5467529296875,
notebook_fixed,Curie(TC) (K),1533,387,True,150.0,154.41552734375,
notebook_fixed,Curie(TC) (K),584,399,False,793.0,735.310546875,
notebook_fixed,Curie(TC) (K),1312,41,True,588.15,624.0254516601562,
notebook_fixed,Curie(TC) (K),99,3,True,743.15,758.6058349609375,
notebook_fixed,Curie(TC) (K),203,149,True,860.0,852.076416015625,
notebook_fixed,Curie(TC) (K),188,127,True,653.0,772.9185180664062,
notebook_fixed,Curie(TC) (K),493,232,True,940.0,533.490478515625,
notebook_fixed,Curie(TC) (K),997,654,False,586.15,605.3487548828125,
notebook_fixed,Curie(TC) (K),1572,120,True,628.0,625.904052734375,
notebook_fixed,Curie(TC) (K),367,254,False,377.0,542.51318359375,
notebook_fixed,Curie(TC) (K),1226,93,True,687.0,820.431396484375,
notebook_fixed,Curie(TC) (K),1084,112,True,793.15,841.9025268554688,
notebook_fixed,Curie(TC) (K),1664,780,True,330.0,296.492919921875,
notebook_fixed,Curie(TC) (K),1421,889,False,307.0,354.8139343261719,
notebook_fixed,Curie(TC) (K),979,642,False,577.0,598.2291259765625,
notebook_fixed,Curie(TC) (K),1620,1011,False,450.0,752.9481201171875,
notebook_fixed,Curie(TC) (K),32,23,False,562.15,570.2117309570312,
notebook_fixed,Curie(TC) (K),1235,791,True,370.0,298.6795349121094,
notebook_fixed,Curie(TC) (K),771,521,False,680.0,664.052734375,
notebook_fixed,Curie(TC) (K),1698,442,True,723.15,798.8452758789062,
notebook_fixed,Curie(TC) (K),613,6,True,793.15,804.4009399414062,
notebook_fixed,Curie(TC) (K),1422,890,False,31.3,201.67796325683597,
notebook_fixed,Curie(TC) (K),1138,737,False,122.0,267.3053283691406,
notebook_fixed,Curie(TC) (K),1476,926,False,625.0,640.6262817382812,
notebook_fixed,Curie(TC) (K),239,176,True,39.2,171.6780242919922,
notebook_fixed,Curie(TC) (K),210,155,False,770.0,739.0786743164062,
notebook_fixed,Curie(TC) (K),44,34,False,518.0,573.0380859375,
notebook_fixed,Curie(TC) (K),861,566,True,795.0,787.2063598632812,
notebook_fixed,Curie(TC) (K),787,535,False,232.0,305.625732421875,
notebook_fixed,Curie(TC) (K),727,98,True,775.15,684.8527221679688,
notebook_fixed,Curie(TC) (K),982,112,True,793.0,841.9025268554688,
notebook_fixed,Curie(TC) (K),59,48,True,723.15,673.0084838867188,
notebook_fixed,Curie(TC) (K),1181,764,False,854.0,820.3931274414062,
notebook_fixed,Curie(TC) (K),1225,788,True,260.0,254.3734436035156,
notebook_fixed,Curie(TC) (K),755,506,False,831.15,430.1373291015625,
notebook_fixed,Curie(TC) (K),711,413,True,671.15,464.0977478027344,
notebook_fixed,Curie(TC) (K),1432,846,True,404.0,470.703125,
notebook_fixed,Curie(TC) (K),1670,145,True,60.0,526.6737670898438,
notebook_fixed,Curie(TC) (K),1537,963,False,243.0,291.9345703125,
notebook_fixed,Curie(TC) (K),123,93,True,864.15,820.431396484375,
notebook_fixed,Curie(TC) (K),1155,93,True,860.0,775.3875732421875,
notebook_fixed,Curie(TC) (K),1293,6,True,793.15,789.9778442382812,
notebook_fixed,Curie(TC) (K),1712,1048,False,80.0,360.7490539550781,
notebook_fixed,Curie(TC) (K),1477,131,True,762.0,774.84130859375,
notebook_fixed,Curie(TC) (K),1505,947,False,215.5,260.6825866699219,
notebook_fixed,Curie(TC) (K),1667,1028,False,680.0,858.6853637695312,
notebook_fixed,Curie(TC) (K),1268,808,True,545.15,583.0238647460938,
notebook_fixed,Curie(TC) (K),1663,1026,False,333.0,489.6671142578125,
notebook_fixed,Curie(TC) (K),422,297,False,525.0,566.0272827148438,
notebook_fixed,Curie(TC) (K),1591,387,True,147.0,154.41552734375,
notebook_fixed,Curie(TC) (K),482,15,True,722.15,742.487548828125,
notebook_fixed,Curie(TC) (K),1320,415,True,340.0,329.50274658203125,
notebook_fixed,Curie(TC) (K),254,2,True,996.15,790.8888549804688,
notebook_fixed,Curie(TC) (K),1402,878,False,6.0,-5.831942081451416,
notebook_fixed,Curie(TC) (K),1420,888,False,130.0,387.3440551757813,
notebook_fixed,Curie(TC) (K),767,517,False,610.0,610.2861938476562,
notebook_fixed,Curie(TC) (K),1023,1,True,719.15,726.07421875,
notebook_fixed,Curie(TC) (K),1672,1031,False,440.0,319.3612670898437,
notebook_fixed,Curie(TC) (K),67,50,False,47.5,423.22357177734375,
notebook_fixed,Curie(TC) (K),486,120,True,530.0,625.904052734375,
notebook_fixed,Curie(TC) (K),1089,2,True,625.0,734.1575317382812,
notebook_fixed,Curie(TC) (K),124,94,False,814.15,793.4417724609375,
notebook_fixed,Curie(TC) (K),1283,815,True,120.0,177.4398193359375,
notebook_fixed,Curie(TC) (K),1569,983,False,305.0,623.9201049804688,
notebook_fixed,Curie(TC) (K),1221,787,False,663.15,628.032470703125,
notebook_fixed,Curie(TC) (K),353,15,True,1005.15,757.0955810546875,
notebook_fixed,Curie(TC) (K),1385,869,False,917.0,971.2545776367188,
notebook_fixed,Curie(TC) (K),316,15,True,764.0,742.487548828125,
notebook_fixed,Curie(TC) (K),1622,112,True,790.0,699.9955444335938,
notebook_fixed,Curie(TC) (K),1702,1043,False,900.0,757.8656616210938,
notebook_fixed,Curie(TC) (K),162,120,True,618.15,625.904052734375,
notebook_fixed,Curie(TC) (K),1491,938,False,905.0,765.3677368164062,
notebook_fixed,Curie(TC) (K),1480,928,False,320.0,169.1651611328125,
notebook_fixed,Curie(TC) (K),408,8,True,585.15,585.3102416992188,
notebook_fixed,Curie(TC) (K),1652,1019,False,349.0,377.4614562988281,
notebook_fixed,Curie(TC) (K),1373,862,True,150.0,200.24148559570312,
notebook_fixed,Curie(TC) (K),1251,779,True,380.0,346.9386291503906,
notebook_fixed,Curie(TC) (K),944,1,True,743.15,726.07421875,
notebook_fixed,Curie(TC) (K),818,1,True,711.15,726.07421875,
notebook_fixed,Curie(TC) (K),1416,884,False,45.0,169.77096557617188,
notebook_fixed,Curie(TC) (K),237,175,False,1135.0,1042.1298828125,
notebook_fixed,Curie(TC) (K),832,556,True,402.0,374.4607238769531,
notebook_fixed,Curie(TC) (K),712,483,False,662.15,479.3470458984375,
notebook_fixed,Curie(TC) (K),785,533,False,630.0,623.3766479492188,
notebook_fixed,Curie(TC) (K),937,620,False,713.15,700.776611328125,
notebook_fixed,Curie(TC) (K),394,274,False,702.15,708.0027465820312,
notebook_fixed,Curie(TC) (K),168,44,True,849.15,907.5891723632812,
notebook_fixed,Curie(TC) (K),631,15,True,765.29,757.0955810546875,
notebook_fixed,Curie(TC) (K),342,41,True,589.15,624.0254516601562,
notebook_fixed,Curie(TC) (K),247,112,True,790.0,699.9955444335938,
notebook_fixed,Curie(TC) (K),893,586,False,470.0,518.587890625,
notebook_fixed,Curie(TC) (K),73,56,False,760.0,628.4461669921875,
notebook_fixed,Curie(TC) (K),109,84,False,629.95,622.832275390625,
notebook_fixed,Curie(TC) (K),810,193,True,800.15,844.5110473632812,
notebook_fixed,Curie(TC) (K),530,363,False,896.0,853.4859008789062,
notebook_fixed,Curie(TC) (K),1514,780,True,320.0,296.492919921875,
notebook_fixed,Curie(TC) (K),1359,854,False,127.12,128.97219848632812,
notebook_fixed,Curie(TC) (K),939,622,False,709.15,691.7809448242188,
notebook_fixed,Curie(TC) (K),1201,775,False,650.0,629.7606201171875,
notebook_fixed,Curie(TC) (K),1027,673,False,510.15,538.4979248046875,
notebook_fixed,Curie(TC) (K),297,206,False,583.15,697.9826049804688,
notebook_fixed,Curie(TC) (K),51,41,True,585.11,624.0254516601562,
notebook_fixed,Curie(TC) (K),1631,919,True,67.0,89.26981353759766,
notebook_fixed,Curie(TC) (K),1448,909,False,220.5,268.4659729003906,
notebook_fixed,Curie(TC) (K),973,636,False,793.0,812.1995239257812,
notebook_fixed,Curie(TC) (K),76,59,False,580.0,585.5577392578125,
notebook_fixed,Curie(TC) (K),1176,761,False,432.0,374.029052734375,
notebook_fixed,Curie(TC) (K),481,332,False,608.15,593.7149658203125,
notebook_fixed,Curie(TC) (K),994,652,False,846.15,868.4912719726562,
notebook_fixed,Curie(TC) (K),1335,819,True,303.0,274.93438720703125,
notebook_fixed,Curie(TC) (K),570,392,True,559.0,530.503662109375,
notebook_fixed,Curie(TC) (K),962,629,True,1060.0,984.292236328125,
notebook_fixed,Curie(TC) (K),1246,798,False,55.0,85.01949310302734,
notebook_fixed,Curie(TC) (K),331,234,False,664.15,674.3206176757812,
notebook_fixed,Curie(TC) (K),943,1,True,763.15,726.07421875,
notebook_fixed,Curie(TC) (K),1276,7,True,1073.15,1017.6946411132812,
notebook_fixed,Curie(TC) (K),792,6,True,798.15,804.4009399414062,
notebook_fixed,Curie(TC) (K),366,253,False,366.0,571.5874633789062,
notebook_fixed,Curie(TC) (K),1108,66,True,728.0,697.6467895507812,
notebook_fixed,Curie(TC) (K),1233,791,True,370.0,298.6795349121094,
notebook_fixed,Curie(TC) (K),1117,719,False,450.0,412.2164916992188,
notebook_fixed,Curie(TC) (K),471,325,True,773.15,753.2236328125,
notebook_fixed,Curie(TC) (K),141,105,True,733.15,743.0383911132812,
notebook_fixed,Curie(TC) (K),930,38,True,620.0,558.216064453125,
notebook_fixed,Curie(TC) (K),802,544,False,510.15,631.0214233398438,
notebook_fixed,Curie(TC) (K),1618,1010,False,220.0,240.49310302734372,
notebook_fixed,Curie(TC) (K),1403,879,False,20.3,76.25318145751953,
notebook_fixed,Curie(TC) (K),374,260,False,518.0,523.3256225585938,
notebook_fixed,Curie(TC) (K),535,367,False,475.0,615.9144897460938,
notebook_fixed,Curie(TC) (K),271,188,False,733.0,769.0830078125,
notebook_fixed,Curie(TC) (K),184,135,False,150.0,843.9965209960938,
notebook_fixed,Curie(TC) (K),1174,759,False,425.0,413.405517578125,
notebook_fixed,Curie(TC) (K),244,179,False,792.15,721.6941528320312,
notebook_fixed,Curie(TC) (K),1173,758,False,423.0,419.8527221679688,
notebook_fixed,Curie(TC) (K),1007,664,True,629.15,610.5105590820312,
notebook_fixed,Curie(TC) (K),322,226,False,296.0,409.9920043945313,
notebook_fixed,Curie(TC) (K),838,322,True,813.0,780.7351684570312,
notebook_fixed,Curie(TC) (K),857,565,False,560.0,603.5896606445312,
notebook_fixed,Curie(TC) (K),1548,974,False,213.0,770.6229858398438,
notebook_fixed,Curie(TC) (K),1287,322,True,858.0,791.640380859375,
notebook_fixed,Curie(TC) (K),1259,112,True,803.0,699.9955444335938,
notebook_fixed,Curie(TC) (K),250,1,True,723.0,672.2734375,
notebook_fixed,Curie(TC) (K),433,303,False,598.0,582.0136108398438,
notebook_fixed,Curie(TC) (K),1512,862,True,173.0,200.24148559570312,
notebook_fixed,Curie(TC) (K),1083,112,True,793.15,841.9025268554688,
notebook_fixed,Curie(TC) (K),438,1,True,723.0,726.07421875,
notebook_fixed,Curie(TC) (K),1504,946,False,14.2,65.15406036376953,
notebook_fixed,Curie(TC) (K),859,566,True,795.0,787.2063598632812,
notebook_fixed,Curie(TC) (K),1609,797,True,64.5,62.52134323120117,
notebook_fixed,Curie(TC) (K),450,312,False,80.0,136.28460693359375,
notebook_fixed,Curie(TC) (K),654,441,False,743.15,757.0357055664062,
notebook_fixed,Curie(TC) (K),1729,44,True,18.6,379.6405944824219,
notebook_fixed,Curie(TC) (K),942,1,True,773.15,726.07421875,
notebook_fixed,Curie(TC) (K),170,8,True,673.15,585.3102416992188,
notebook_fixed,Curie(TC) (K),1305,392,True,555.0,544.3167114257812,
notebook_fixed,Curie(TC) (K),1602,1001,True,1000.0,994.021728515625,
notebook_fixed,Curie(TC) (K),1210,21,True,525.0,480.317626953125,
notebook_fixed,Curie(TC) (K),300,209,False,633.0,621.7134399414062,
notebook_fixed,Curie(TC) (K),1389,392,True,551.0,544.3167114257812,
notebook_fixed,Curie(TC) (K),352,15,True,1005.15,757.0955810546875,
notebook_fixed,Curie(TC) (K),381,265,True,1073.15,1026.1727294921875,
notebook_fixed,Curie(TC) (K),1144,739,True,497.7,517.7047729492188,
notebook_fixed,Curie(TC) (K),1000,657,False,305.0,542.0948486328125,
notebook_fixed,Curie(TC) (K),846,471,True,1100.0,1105.6043701171875,
notebook_fixed,Curie(TC) (K),990,650,True,745.15,696.038818359375,
notebook_fixed,Curie(TC) (K),786,534,False,141.0,341.6606140136719,
notebook_fixed,Curie(TC) (K),583,398,False,793.0,690.1680297851562,
notebook_fixed,Curie(TC) (K),332,172,True,1108.15,1073.2130126953125,
notebook_fixed,Curie(TC) (K),175,112,True,793.15,755.3850708007812,
notebook_fixed,Curie(TC) (K),602,377,True,509.0,489.4203796386719,
notebook_fixed,Curie(TC) (K),513,354,True,680.0,708.7603759765625,
notebook_fixed,Curie(TC) (K),426,301,False,655.0,612.44384765625,
notebook_fixed,Curie(TC) (K),715,392,True,526.15,544.3167114257812,
notebook_fixed,Curie(TC) (K),808,193,True,800.15,844.5110473632812,
notebook_fixed,Curie(TC) (K),844,471,True,1100.0,1105.6043701171875,
notebook_fixed,Curie(TC) (K),1314,826,True,279.0,265.0888061523437,
notebook_fixed,Curie(TC) (K),198,145,True,686.0,526.6737670898438,
notebook_fixed,Curie(TC) (K),15,9,False,588.25,517.3956909179688,
notebook_fixed,Curie(TC) (K),265,66,True,773.15,611.5076904296875,
notebook_fixed,Curie(TC) (K),855,563,False,710.15,648.6737060546875,
notebook_fixed,Curie(TC) (K),744,500,True,773.0,720.7435913085938,
notebook_fixed,Curie(TC) (K),1443,906,False,390.0,309.377197265625,
notebook_fixed,Curie(TC) (K),1156,6,True,773.0,660.779052734375,
notebook_fixed,Curie(TC) (K),693,468,False,1199.0,1175.639404296875,
notebook_fixed,Curie(TC) (K),416,291,False,923.15,915.6286010742188,
notebook_fixed,Curie(TC) (K),704,477,False,662.0,676.41943359375,
notebook_fixed,Curie(TC) (K),1612,1006,True,245.0,243.4239959716797,
notebook_fixed,Curie(TC) (K),199,146,False,432.0,491.64404296875,
notebook_fixed,Curie(TC) (K),1350,847,False,175.0,389.1864318847656,
notebook_fixed,Curie(TC) (K),1298,820,False,300.0,564.3847045898438,
notebook_fixed,Curie(TC) (K),843,471,True,1100.0,1105.6043701171875,
notebook_fixed,Curie(TC) (K),1466,921,False,895.0,143.64788818359375,
notebook_fixed,Curie(TC) (K),526,125,True,867.0,738.846923828125,
notebook_fixed,Curie(TC) (K),1342,842,False,350.0,451.5497741699219,
notebook_fixed,Curie(TC) (K),1196,771,False,593.15,600.717041015625,
notebook_fixed,Curie(TC) (K),1516,954,False,205.0,684.5065307617188,
notebook_fixed,Curie(TC) (K),965,121,True,706.15,767.1474609375,
notebook_fixed,Curie(TC) (K),497,341,False,190.0,592.11572265625,
notebook_fixed,Curie(TC) (K),310,217,False,650.0,674.9620971679688,
notebook_fixed,Curie(TC) (K),56,45,True,615.0,632.9380493164062,
notebook_fixed,Curie(TC) (K),721,486,True,225.0,225.1277618408203,
notebook_fixed,Curie(TC) (K),538,370,False,488.0,579.461669921875,
notebook_fixed,Curie(TC) (K),1647,856,True,69.0,133.65859985351562,
notebook_fixed,Curie(TC) (K),43,33,False,380.0,730.1118774414062,
notebook_fixed,Curie(TC) (K),100,79,False,702.15,680.4889526367188,
notebook_fixed,Coercivity (Oe),1362,857,False,2.6989700043360187,2.101613885139872,0.593745433073076
notebook_fixed,Coercivity (Oe),1474,831,True,1.3982873053574012,1.895401729434792,0.5358024431282395
notebook_fixed,Coercivity (Oe),1457,195,True,4.079181246047625,3.817449017779488,0.352141310970694
notebook_fixed,Coercivity (Oe),1674,666,True,1.9661417327390325,1.581437499217177,0.3811391963821376
notebook_fixed,Coercivity (Oe),1581,991,False,1.1760912590556811,2.115347828948629,0.5697829203024607
notebook_fixed,Coercivity (Oe),948,15,True,2.8627275283179747,3.6057882735818017,0.0749393634799922
notebook_fixed,Coercivity (Oe),1277,812,True,3.9444826721501687,3.702328932593113,0.2515334709523456
notebook_fixed,Coercivity (Oe),706,479,False,0.3654879848908996,0.8997415559275704,0.8812796257739173
notebook_fixed,Coercivity (Oe),974,637,False,3.0,2.76153224839813,0.112561942782137
notebook_fixed,Coercivity (Oe),532,364,False,2.6148972160331345,2.7871832447717964,0.2024699868305974
notebook_fixed,Coercivity (Oe),1345,145,True,2.667452952889954,2.3479756872337623,0.6934113135859653
notebook_fixed,Coercivity (Oe),903,594,False,1.0,1.425285951572567,1.0849988881473536
notebook_fixed,Coercivity (Oe),479,330,False,3.601636347648236,3.670864871529958,0.19281431593577
notebook_fixed,Coercivity (Oe),212,157,False,1.9840770339028309,3.20371024347009,0.5559267418195512
notebook_fixed,Coercivity (Oe),1085,2,True,3.529045170765769,3.50178986513612,0.0682715251835618
notebook_fixed,Coercivity (Oe),65,7,True,3.949390006644913,4.122735469019935,0.0864550750200754
notebook_fixed,Coercivity (Oe),799,541,False,2.084897858461356,2.004075387497826,0.4271157872706094
notebook_fixed,Coercivity (Oe),522,358,True,2.4207641374717914,2.116049324885548,0.2509981226228417
notebook_fixed,Coercivity (Oe),365,252,False,2.4771212547196626,3.604442772166444,0.39842370519715
notebook_fixed,Coercivity (Oe),1344,843,False,3.8750612633917,2.957980557822278,0.8329312374579956
notebook_fixed,Coercivity (Oe),1124,726,False,2.8175653695597807,2.3585513073011213,0.521231968530407
notebook_fixed,Coercivity (Oe),415,290,False,3.690196080028514,3.6716501642147055,0.1715132611974055
notebook_fixed,Coercivity (Oe),1551,976,False,1.5440680443502757,2.1223482589776,0.7011276901857602
notebook_fixed,Coercivity (Oe),576,394,False,2.227886704613673,1.410876024920847,0.9351001627245216
notebook_fixed,Coercivity (Oe),1656,791,True,1.1760912590556811,1.9687440218237424,0.143355876322218
notebook_fixed,Coercivity (Oe),534,366,False,2.6830470382388496,2.8467494534879747,0.327753489199609
notebook_fixed,Coercivity (Oe),411,286,False,4.03981055414835,3.874570185025338,0.274412899567365
notebook_fixed,Coercivity (Oe),303,211,False,4.175121410724608,3.9294869289223806,0.2585105312906251
notebook_fixed,Coercivity (Oe),351,15,True,3.382080109808133,3.6057882735818017,0.0749393634799922
notebook_fixed,Coercivity (Oe),1379,793,True,1.0,1.5595346945742043,0.2547124243975547
notebook_fixed,Coercivity (Oe),680,457,False,2.8200700343123257,3.01706181872955,0.1078404858440803
notebook_fixed,Coercivity (Oe),1384,868,False,1.3010299956639813,1.2865141064836394,0.4356735581168175
notebook_fixed,Coercivity (Oe),23,16,True,0.5843312243675307,0.8666002697822945,0.7773631601634233
notebook_fixed,Coercivity (Oe),185,7,True,3.8195439355418688,4.122735469019935,0.0864550750200754
notebook_fixed,Coercivity (Oe),557,382,False,2.6826954958987117,2.587050697179839,0.2941503229744014
notebook_fixed,Coercivity (Oe),1659,1022,False,2.278753600952829,3.2055041744975377,0.7092433084671393
notebook_fixed,Coercivity (Oe),607,414,False,1.7327153403499929,1.372693637308708,0.9532694017088212
notebook_fixed,Coercivity (Oe),478,329,False,4.361727836017593,3.74438081249811,0.2893670001656018
notebook_fixed,Coercivity (Oe),1269,120,True,3.8195439355418688,3.449415773772415,0.4430685432740895
notebook_fixed,Coercivity (Oe),554,6,True,3.04375512696868,2.883209075173448,0.1864515284905582
notebook_fixed,Coercivity (Oe),495,340,False,2.002295682554934,1.587611001474981,0.9408851098420296
notebook_fixed,Coercivity (Oe),1725,844,True,2.3010299956639813,1.260072520215637,0.1563842686696118
notebook_fixed,Coercivity (Oe),842,471,True,2.318063334962761,1.5721496067739704,0.3275448309847921
notebook_fixed,Coercivity (Oe),289,198,False,4.164352855784437,3.93270038895612,0.2402044385182336
notebook_fixed,Coercivity (Oe),1678,1034,False,1.974971994298069,1.341269366026308,0.9871159447784064
notebook_fixed,Coercivity (Oe),398,278,False,4.367085194779067,4.098604380113368,0.4899297525174419
notebook_fixed,Coercivity (Oe),429,302,True,3.3031960574204886,3.5851847530912577,0.1026783643215189
notebook_fixed,Coercivity (Oe),589,403,False,-1.5228787452803376,-0.2227640534280943,1.002314984257673
notebook_fixed,Coercivity (Oe),1523,322,True,2.977723605288848,2.444910900670681,0.1679698896339077
notebook_fixed,Coercivity (Oe),462,8,True,4.108226656374929,3.959672228553026,0.1770522254003956
notebook_fixed,Coercivity (Oe),555,6,True,2.9978230807457256,2.883209075173448,0.1864515284905582
notebook_fixed,Coercivity (Oe),1047,684,True,2.810232517995084,2.190552176201832,0.3592355727486955
notebook_fixed,Coercivity (Oe),240,6,True,3.051152522447381,2.895813025201603,0.2355490313237867
notebook_fixed,Coercivity (Oe),135,101,True,3.249658099106613,3.2070863292475367,0.2145655251557303
notebook_fixed,Coercivity (Oe),1131,732,False,3.0234870387859814,2.667024634136542,0.7508207933886141
notebook_fixed,Coercivity (Oe),575,394,False,1.6812412373755872,1.410876024920847,0.9351001627245216
notebook_fixed,Coercivity (Oe),1599,415,True,0.8450980400142568,1.5943425087235203,0.1348879907377337
notebook_fixed,Coercivity (Oe),1096,658,True,3.4430438286483405,3.4210818425931397,0.0756460065742267
notebook_fixed,Coercivity (Oe),650,439,True,0.3996737214810381,0.882172457734454,1.648908972430207
notebook_fixed,Coercivity (Oe),620,322,True,1.934498451243568,2.189600753685789,0.1079378289946152
notebook_fixed,Coercivity (Oe),1399,875,False,2.3010299956639813,-0.1714243142420086,1.565482470747372
notebook_fixed,Coercivity (Oe),988,648,False,4.056816840642703,3.924462923943517,0.2603540098375388
notebook_fixed,Coercivity (Oe),383,15,True,3.74075732330777,3.444259094644522,0.0966943005990559
notebook_fixed,Coercivity (Oe),1488,936,False,3.928293412232202,3.637585119886351,0.6402840779018774
notebook_fixed,Coercivity (Oe),707,480,False,0.3222192947339193,0.9387471799054152,0.8707261182381164
notebook_fixed,Coercivity (Oe),298,207,False,3.342422680822206,3.3735134269428038,0.5957419895526694
notebook_fixed,Coercivity (Oe),371,257,False,0.6580113966571124,2.207735862449533,0.7627271635228233
notebook_fixed,Coercivity (Oe),420,295,False,3.6989700043360183,3.7286328399423416,0.4115710339508494
notebook_fixed,Coercivity (Oe),405,15,True,3.53854231669237,3.6057882735818017,0.0749393634799922
notebook_fixed,Coercivity (Oe),324,228,False,3.681241237375587,3.53768913588646,0.2453206081668503
notebook_fixed,Coercivity (Oe),567,1,True,3.5613399414589013,3.0481068458346443,0.2628403379711682
notebook_fixed,Coercivity (Oe),527,360,False,2.071882007306125,2.6889025644182807,0.7573847597652786
notebook_fixed,Coercivity (Oe),968,632,False,1.9442852206887529,0.5505320791483732,1.3067218656223312
notebook_fixed,Coercivity (Oe),610,6,True,2.54282542695918,2.573775873115993,0.1653187827393792
notebook_fixed,Coercivity (Oe),1458,916,False,3.845098040014257,2.1470930113193827,0.9731333168681648
notebook_fixed,Coercivity (Oe),886,580,False,3.4149733479708178,3.161377515985904,0.594690034395287
notebook_fixed,Coercivity (Oe),115,41,True,4.2552725051033065,4.214833834030302,0.0357794107441412
notebook_fixed,Coercivity (Oe),220,161,True,3.810172680732377,3.7816241276344966,0.1322247912291116
notebook_fixed,Coercivity (Oe),898,590,False,3.213156358659705,3.2984831267832733,0.386176176118396
notebook_fixed,Coercivity (Oe),275,192,False,3.0,4.043414846092183,0.1937311493068945
notebook_fixed,Coercivity (Oe),1492,938,False,0.6989700043360189,1.665740828025472,0.5801523515986869
notebook_fixed,Coercivity (Oe),1679,717,True,2.7481880270062,2.055390210442757,0.4487463417373165
notebook_fixed,Coercivity (Oe),261,182,True,2.4771212547196626,0.7982847702624473,1.3048791833770534
notebook_fixed,Coercivity (Oe),414,289,False,3.3010299956639813,2.8826154612354764,0.8203680520040959
notebook_fixed,Coercivity (Oe),609,416,False,-1.0457574905606752,-0.3903727284880983,1.01875251164204
notebook_fixed,Coercivity (Oe),984,645,False,4.260071387985075,4.059054030066908,0.3298231537970291
notebook_fixed,Coercivity (Oe),49,39,False,1.4229179807676624,1.3640999137325986,0.6087792450362035
notebook_fixed,Coercivity (Oe),1640,507,True,1.6720978579357175,1.8357981500003449,0.2651093132563386
notebook_fixed,Coercivity (Oe),976,639,False,-1.3010299956639813,-1.149810958832429,0.5408440377743796
notebook_fixed,Coercivity (Oe),1583,993,False,-0.1487416512809247,2.685237464585715,0.5837223538273619
notebook_fixed,Coercivity (Oe),949,15,True,2.631443769013172,3.6057882735818017,0.0749393634799922
notebook_fixed,Coercivity (Oe),1511,952,False,2.0,1.9130389446631653,0.6089261328909998
notebook_fixed,Coercivity (Oe),350,15,True,3.2818806650074146,3.6057882735818017,0.0749393634799922
notebook_fixed,Coercivity (Oe),1326,322,True,2.2013971243204518,2.189600753685789,0.1079378289946152
notebook_fixed,Coercivity (Oe),621,6,True,2.5185139398778875,2.895813025201603,0.2355490313237867
notebook_fixed,Coercivity (Oe),425,300,False,4.024895960107485,3.760648029879036,0.362041675520287
notebook_fixed,Coercivity (Oe),806,193,True,3.3560258571931225,3.049098420560165,0.154995931744992
notebook_fixed,Coercivity (Oe),1723,790,True,1.8750612633917,1.9722824511161925,0.2275745095477359
notebook_fixed,Coercivity (Oe),382,266,False,2.938519725176492,2.764599487531515,0.2340949691364575
notebook_fixed,Coercivity (Oe),1561,919,True,2.3521825181113627,1.7841837989670215,0.219159775625877
notebook_fixed,Coercivity (Oe),1460,918,True,3.0791812460476247,2.5003462072791773,0.7314675975225873
notebook_fixed,Coercivity (Oe),1701,938,False,1.6989700043360187,1.665740828025472,0.5801523515986869
notebook_fixed,Coercivity (Oe),1005,662,False,2.0791812460476247,2.178255444974147,0.5339593860273805
notebook_fixed,Coercivity (Oe),1004,661,False,2.3010299956639813,2.329601857805094,0.4738318875631873
notebook_fixed,Coercivity (Oe),1249,799,True,0.6989700043360189,0.7392310446268324,0.499510309505398
notebook_fixed,Coercivity (Oe),78,61,False,1.977723605288848,1.6524747261649009,0.3822329091029257
notebook_fixed,Coercivity (Oe),1193,649,True,-2.0,-1.6343856084303072,0.6987114372744759
notebook_fixed,Coercivity (Oe),173,127,True,3.204119982655925,3.555083425850082,0.2837388700949587
notebook_fixed,Coercivity (Oe),270,187,False,3.3033299982459905,3.377780477532279,0.2108762897731322
notebook_fixed,Coercivity (Oe),464,321,False,3.838849090737255,3.704958591766684,0.1957605398727679
notebook_fixed,Coercivity (Oe),591,404,False,2.5563025007672877,-0.3641659014135979,0.9258678178975648
notebook_fixed,Coercivity (Oe),439,307,True,3.6599162000698495,2.9127468334298503,0.1838507140114602
notebook_fixed,Coercivity (Oe),518,356,False,4.021189299069938,3.9427286820955354,0.2469877167879315
notebook_fixed,Coercivity (Oe),70,53,False,2.733197265106569,1.6386934069294787,1.2314672782180227
notebook_fixed,Coercivity (Oe),29,20,False,3.475604368648645,3.4597100179579514,0.4841534253331812
notebook_fixed,Coercivity (Oe),1033,93,True,1.7481880270062005,1.6233950372598622,0.3457674931700193
notebook_fixed,Coercivity (Oe),69,52,False,2.631443769013172,1.6504273443606017,1.2236486474554888
notebook_fixed,Coercivity (Oe),506,350,False,2.376576957056512,2.398313764960484,0.1111018319093377
notebook_fixed,Coercivity (Oe),1208,7,True,4.3979400086720375,4.00971261491259,0.2728695890759948
notebook_fixed,Coercivity (Oe),1185,696,True,-1.6989700043360187,-1.3610571968685683,0.5894628436675378
notebook_fixed,Coercivity (Oe),251,180,False,3.3924524839268835,2.5093227388143107,0.6083024274277289
notebook_fixed,Coercivity (Oe),736,493,False,4.3979400086720375,4.143760856567787,0.2910406389515322
notebook_fixed,Coercivity (Oe),551,322,True,1.2375437381428744,2.205476354241521,0.1875543383762439
notebook_fixed,Coercivity (Oe),1666,15,True,2.6232492903979003,3.444259094644522,0.0966943005990559
notebook_fixed,Coercivity (Oe),1029,672,True,0.6989700043360189,0.4721191471409904,0.343232220557317
notebook_fixed,Coercivity (Oe),1348,845,False,1.3010299956639813,2.2844600785773457,0.9874201731356518
notebook_fixed,Coercivity (Oe),344,239,False,2.6424645202421213,2.2778665861733045,0.3711980716945259
notebook_fixed,Coercivity (Oe),1223,788,True,2.942504106168081,2.532828339386859,0.3556887046752324
notebook_fixed,Coercivity (Oe),1074,702,False,0.6812412373755872,1.2334671597993585,1.0437286137374142
notebook_fixed,Coercivity (Oe),946,1,True,3.6580113966571126,3.371239710572276,0.1127810160078468
notebook_fixed,Coercivity (Oe),1501,944,False,2.0,2.967266072880822,0.9015923812922052
notebook_fixed,Coercivity (Oe),259,2,True,3.595496221825574,3.608897670097616,0.0408567649255837
notebook_fixed,Coercivity (Oe),339,172,True,3.707570176097936,3.278814270960404,0.6744060730772677
notebook_fixed,Coercivity (Oe),900,592,False,4.167395618874278,3.86180531166095,0.4507281812178539
notebook_fixed,Coercivity (Oe),816,93,True,2.502427119984433,1.8650491970907024,0.8121049736813664
notebook_fixed,Coercivity (Oe),1322,112,True,1.3979400086720375,2.913413040160127,0.5423516186724376
notebook_fixed,Coercivity (Oe),1423,891,False,3.778151250383644,2.173718107371645,0.6628673691254624
notebook_fixed,Coercivity (Oe),483,41,True,3.812913356642856,4.214833834030302,0.0357794107441412
notebook_fixed,Coercivity (Oe),1313,826,True,3.3958748131236383,3.257479712894189,0.7636919226288068
notebook_fixed,Coercivity (Oe),963,121,True,3.1752218003430523,3.358216719389556,0.2183043237934131
notebook_fixed,Coercivity (Oe),1079,704,True,0.5877109650189114,0.7260831531514691,0.1974517841872514
notebook_fixed,Coercivity (Oe),30,21,True,3.514183695868879,3.5698857318873247,0.185826755785105
notebook_fixed,Coercivity (Oe),1103,713,False,3.7141066863794334,3.7381069527861217,0.199350328979469
notebook_fixed,Coercivity (Oe),1533,387,True,2.756636108245848,3.4166417299543665,0.0672983169845593
notebook_fixed,Coercivity (Oe),584,399,False,2.049218022670181,1.9554568514258244,0.645039122068636
notebook_fixed,Coercivity (Oe),1312,41,True,2.8043916180629167,4.214833834030302,0.0357794107441412
notebook_fixed,Coercivity (Oe),99,3,True,3.662757831681574,4.0848583312595546,0.0787132680854566
notebook_fixed,Coercivity (Oe),203,149,True,1.7781512503836436,2.117235307713613,0.1455312976083544
notebook_fixed,Coercivity (Oe),188,127,True,3.041392685158225,3.555083425850082,0.2837388700949587
notebook_fixed,Coercivity (Oe),493,232,True,3.462397997898956,3.5870741918902924,0.4578628332571978
notebook_fixed,Coercivity (Oe),997,654,False,-0.8239087409443188,-1.091859413728158,0.1753971284201609
notebook_fixed,Coercivity (Oe),1572,120,True,4.204119982655925,3.833786669518361,0.1688790485906041
notebook_fixed,Coercivity (Oe),367,254,False,2.7993405494535817,3.562202158635454,0.387034143213783
notebook_fixed,Coercivity (Oe),1226,93,True,2.4237863570229075,1.6233950372598622,0.3457674931700193
notebook_fixed,Coercivity (Oe),1084,112,True,2.7664128471124,3.039642898390989,0.254069626057869
notebook_fixed,Coercivity (Oe),1664,780,True,2.6989700043360187,2.1071323693220863,0.0996890626499776
notebook_fixed,Coercivity (Oe),1421,889,False,2.290034611362518,2.0757387286487883,0.7751198943424074
notebook_fixed,Coercivity (Oe),979,642,False,-1.3010299956639813,-1.1171037406612083,0.4042001264298528
notebook_fixed,Coercivity (Oe),1620,1011,False,2.7781512503836434,0.915049908506186,1.6124078736436809
notebook_fixed,Coercivity (Oe),32,23,False,3.9395192526186182,3.820121297005664,0.1974974232581387
notebook_fixed,Coercivity (Oe),1235,791,True,2.4913616938342726,1.9687440218237424,0.143355876322218
notebook_fixed,Coercivity (Oe),771,521,False,4.0,3.869993885149982,0.593465165982603
notebook_fixed,Coercivity (Oe),1698,442,True,3.195634015325523,1.7266690732294685,1.1517288849205432
notebook_fixed,Coercivity (Oe),613,6,True,3.050379756261458,2.573775873115993,0.1653187827393792
notebook_fixed,Coercivity (Oe),1422,890,False,4.176091259055681,2.408408843971788,0.7205530074727776
notebook_fixed,Coercivity (Oe),1138,737,False,3.505149978319906,2.070864593272382,0.5790654856834481
notebook_fixed,Coercivity (Oe),1476,926,False,4.41161970596323,3.817753483101821,0.3928257491098476
notebook_fixed,Coercivity (Oe),239,176,True,3.9965116721541785,3.4974404783093176,0.4715281531879477
notebook_fixed,Coercivity (Oe),210,155,False,3.617723562739995,3.4332360022436617,0.4065360967700414
notebook_fixed,Coercivity (Oe),44,34,False,2.140602308020332,3.3982252031979727,0.602377908221041
notebook_fixed,Coercivity (Oe),861,566,True,3.2412973871099933,3.249474838642142,0.0823403962816698
notebook_fixed,Coercivity (Oe),787,535,False,3.467312062980552,3.733572997272055,0.4347277205253385
notebook_fixed,Coercivity (Oe),727,98,True,3.385606273598312,3.4239372318167214,0.455585388401741
notebook_fixed,Coercivity (Oe),982,112,True,4.042181594515767,3.039642898390989,0.254069626057869
notebook_fixed,Coercivity (Oe),59,48,True,4.079181246047625,3.930433822588731,0.1443266353057384
notebook_fixed,Coercivity (Oe),1181,764,False,2.453165392525857,2.530356349956552,0.3958407469830394
notebook_fixed,Coercivity (Oe),1225,788,True,2.959041392321093,2.532828339386859,0.3556887046752324
notebook_fixed,Coercivity (Oe),755,506,False,2.071882007306125,2.626518998804821,0.7621492071591919
notebook_fixed,Coercivity (Oe),711,413,True,2.0560659294317527,0.2953462789846208,1.0174030208203988
notebook_fixed,Coercivity (Oe),1432,846,True,2.0,2.266111883276961,0.8481534887408724
notebook_fixed,Coercivity (Oe),1670,145,True,2.6020599913279625,2.3479756872337623,0.6934113135859653
notebook_fixed,Coercivity (Oe),1537,963,False,1.380211241711606,2.1600977393542897,0.5035454642617783
notebook_fixed,Coercivity (Oe),123,93,True,1.7481880270062005,1.6233950372598622,0.3457674931700193
notebook_fixed,Coercivity (Oe),1155,93,True,1.462397997898956,1.8650491970907024,0.8121049736813664
notebook_fixed,Coercivity (Oe),1293,6,True,3.3010299956639813,2.883209075173448,0.1864515284905582
notebook_fixed,Coercivity (Oe),1712,1048,False,3.397940008672037,2.5345666599419734,0.9621855078299256
notebook_fixed,Coercivity (Oe),1477,131,True,3.755307616807003,3.5891443954569984,0.2118089665384843
notebook_fixed,Coercivity (Oe),1505,947,False,2.7075701760979363,3.1351321844425555,0.4339555051427378
notebook_fixed,Coercivity (Oe),1667,1028,False,2.397940008672037,2.339693702412504,0.7069286578164953
notebook_fixed,Coercivity (Oe),1268,808,True,3.382510524292087,2.663461255376234,0.575808802118572
notebook_fixed,Coercivity (Oe),1663,1026,False,1.701308885228075,2.0977724268312303,0.3808494246924767
notebook_fixed,Coercivity (Oe),422,297,False,3.1760912590556813,3.54758054436185,0.3771533548806813
notebook_fixed,Coercivity (Oe),1591,387,True,3.2453374341242096,3.4166417299543665,0.0672983169845593
notebook_fixed,Coercivity (Oe),482,15,True,3.4082399653118496,3.444259094644522,0.0966943005990559
notebook_fixed,Coercivity (Oe),1320,415,True,2.3010299956639813,1.5943425087235203,0.1348879907377337
notebook_fixed,Coercivity (Oe),254,2,True,3.683947130751512,3.608897670097616,0.0408567649255837
notebook_fixed,Coercivity (Oe),1402,878,False,3.0,1.9274574327065328,0.5609604325435275
notebook_fixed,Coercivity (Oe),1420,888,False,1.1760912590556811,1.9223830481554725,0.5114539508198478
notebook_fixed,Coercivity (Oe),767,517,False,2.0791812460476247,1.8129514488040763,0.6738174750750906
notebook_fixed,Coercivity (Oe),1023,1,True,3.6510743907318193,3.371239710572276,0.1127810160078468
notebook_fixed,Coercivity (Oe),1672,1031,False,4.247973266361806,3.9791407336169495,0.2078723886885338
notebook_fixed,Coercivity (Oe),67,50,False,4.57978359661681,3.194751339721675,0.6738936805087823
notebook_fixed,Coercivity (Oe),486,120,True,4.008600171761918,3.833786669518361,0.1688790485906041
notebook_fixed,Coercivity (Oe),1089,2,True,3.545430829465351,3.50178986513612,0.0682715251835618
notebook_fixed,Coercivity (Oe),124,94,False,0.7781512503836436,1.2525527236692593,0.5950660787460498
notebook_fixed,Coercivity (Oe),1283,815,True,2.7589118923979736,2.726566546167717,0.3718605861877647
notebook_fixed,Coercivity (Oe),1569,983,False,1.6020599913279625,1.287029543607928,1.1200474603615052
notebook_fixed,Coercivity (Oe),1221,787,False,0.9777236052888476,2.3251942691077905,0.4445829429585205
notebook_fixed,Coercivity (Oe),353,15,True,3.33622551192412,3.6057882735818017,0.0749393634799922
notebook_fixed,Coercivity (Oe),1385,869,False,1.3010299956639813,1.1939618205612577,0.4660236131759486
notebook_fixed,Coercivity (Oe),316,15,True,3.7745169657285498,3.444259094644522,0.0966943005990559
notebook_fixed,Coercivity (Oe),1622,112,True,3.701270006918028,2.660401792154387,0.2450720009416874
notebook_fixed,Coercivity (Oe),1702,1043,False,1.6989700043360187,1.6862598846402528,0.6658699473430836
notebook_fixed,Coercivity (Oe),162,120,True,3.663700925389648,3.833786669518361,0.1688790485906041
notebook_fixed,Coercivity (Oe),1491,938,False,0.6989700043360189,1.665740828025472,0.5801523515986869
notebook_fixed,Coercivity (Oe),1480,928,False,2.123851640967086,2.6789583130287644,0.49060352800236
notebook_fixed,Coercivity (Oe),408,8,True,4.099209842789808,3.959672228553026,0.1770522254003956
notebook_fixed,Coercivity (Oe),1652,1019,False,2.9542425094393248,3.8528100095378,0.2350513928415863
notebook_fixed,Coercivity (Oe),1373,862,True,2.6848453616444123,2.0213115708044938,0.3345615618739441
notebook_fixed,Coercivity (Oe),1251,779,True,2.555578072772955,2.870697531507544,0.423107485152301
notebook_fixed,Coercivity (Oe),944,1,True,3.629409599102719,3.371239710572276,0.1127810160078468
notebook_fixed,Coercivity (Oe),818,1,True,3.0568172216798173,3.371239710572276,0.1127810160078468
notebook_fixed,Coercivity (Oe),1416,884,False,1.9020028913507292,1.65938838399588,0.4872699600485717
notebook_fixed,Coercivity (Oe),237,175,False,3.1305781914092665,3.223290070895099,0.3749688129397617
notebook_fixed,Coercivity (Oe),832,556,True,2.0388982121145327,2.3255972283491686,0.7057986500003827
notebook_fixed,Coercivity (Oe),712,483,False,2.4595734061046524,0.4367261599082445,1.0626103862742138
notebook_fixed,Coercivity (Oe),785,533,False,3.0277572046905536,2.0306577465143927,1.0908515372133698
notebook_fixed,Coercivity (Oe),937,620,False,3.709269960975831,3.684498370670549,0.1567387941974614
notebook_fixed,Coercivity (Oe),394,274,False,2.983175072037813,2.6093931167198003,0.4922615520399586
notebook_fixed,Coercivity (Oe),168,44,True,2.550228353055094,2.2566237527971067,1.2398155310746066
notebook_fixed,Coercivity (Oe),631,15,True,3.391957848245589,3.6057882735818017,0.0749393634799922
notebook_fixed,Coercivity (Oe),342,41,True,4.343999069057161,4.214833834030302,0.0357794107441412
notebook_fixed,Coercivity (Oe),247,112,True,2.8932622858879915,2.660401792154387,0.2450720009416874
notebook_fixed,Coercivity (Oe),893,586,False,3.4771212547196626,1.510715887274224,0.97382508941308
notebook_fixed,Coercivity (Oe),73,56,False,3.903089986991944,3.8695087571717393,0.3774409074937427
notebook_fixed,Coercivity (Oe),109,84,False,3.9084850188786495,3.9474804817693054,0.1003559811558168
notebook_fixed,Coercivity (Oe),810,193,True,2.963787827345555,3.049098420560165,0.154995931744992
notebook_fixed,Coercivity (Oe),530,363,False,2.0644579892269186,2.3418755765529515,0.5651793361806451
notebook_fixed,Coercivity (Oe),1514,780,True,2.7781512503836434,2.1071323693220863,0.0996890626499776
notebook_fixed,Coercivity (Oe),1359,854,False,3.095448326538122,2.7111803932082488,0.587375919464227
notebook_fixed,Coercivity (Oe),939,622,False,3.618048096712093,3.521214699774695,0.3816257599497334
notebook_fixed,Coercivity (Oe),1201,775,False,3.254545660327169,3.447188028690067,0.3849710902691465
notebook_fixed,Coercivity (Oe),1027,673,False,0.5276299008713387,1.2497345336997965,0.6479803821141978
notebook_fixed,Coercivity (Oe),297,206,False,3.380211241711606,3.628114227480644,0.4455482759692995
notebook_fixed,Coercivity (Oe),51,41,True,4.246005904076029,4.214833834030302,0.0357794107441412
notebook_fixed,Coercivity (Oe),1631,919,True,2.1072099696478683,1.7841837989670215,0.219159775625877
notebook_fixed,Coercivity (Oe),1448,909,False,2.903089986991944,3.286349542061099,0.6927574867428306
notebook_fixed,Coercivity (Oe),973,636,False,2.9542425094393248,2.7594720940962536,0.1384901850135358
notebook_fixed,Coercivity (Oe),76,59,False,1.639486489268586,1.5882583777310952,0.417970639919803
notebook_fixed,Coercivity (Oe),1176,761,False,2.2600713879850747,2.1644290776460395,0.2682034552803527
notebook_fixed,Coercivity (Oe),481,332,False,3.93616626845658,3.7988059457918153,0.2052047900673343
notebook_fixed,Coercivity (Oe),994,652,False,4.2552725051033065,3.896694482160476,0.2937620646782676
notebook_fixed,Coercivity (Oe),1335,819,True,2.4771212547196626,2.673702809900464,0.4454835659490163
notebook_fixed,Coercivity (Oe),570,392,True,1.934498451243568,1.4798619924498444,0.3144353298778335
notebook_fixed,Coercivity (Oe),962,629,True,2.5308397786165204,1.4130657411459595,0.3626749905191431
notebook_fixed,Coercivity (Oe),1246,798,False,3.27415784926368,3.846446089242821,0.4232784121993154
notebook_fixed,Coercivity (Oe),331,234,False,2.4983105537896004,2.1918741914765003,0.8877654980742037
notebook_fixed,Coercivity (Oe),943,1,True,3.6020599913279625,3.371239710572276,0.1127810160078468
notebook_fixed,Coercivity (Oe),1276,7,True,2.531478917042255,4.122735469019935,0.0864550750200754
notebook_fixed,Coercivity (Oe),792,6,True,2.1788043456553794,2.573775873115993,0.1653187827393792
notebook_fixed,Coercivity (Oe),366,253,False,2.6532125137753435,3.5916106659635743,0.4091879486219612
notebook_fixed,Coercivity (Oe),1108,66,True,2.3010299956639813,2.006154189327632,0.6167194693350342
notebook_fixed,Coercivity (Oe),1233,791,True,2.578639209968072,1.9687440218237424,0.143355876322218
notebook_fixed,Coercivity (Oe),1117,719,False,2.100370545117563,2.0995506961412893,0.1520263374671129
notebook_fixed,Coercivity (Oe),471,325,True,3.8195439355418688,3.7843389534812286,0.2240208530021273
notebook_fixed,Coercivity (Oe),141,105,True,3.544068044350276,3.522750783540871,0.2184545698519688
notebook_fixed,Coercivity (Oe),930,38,True,2.3176246430800584,2.429201795619591,0.1452928809199404
notebook_fixed,Coercivity (Oe),802,544,False,2.0073636543122784,1.979644300936184,0.6695748099364381
notebook_fixed,Coercivity (Oe),1618,1010,False,2.591064607026499,1.9196002699755603,0.6674899191152945
notebook_fixed,Coercivity (Oe),1403,879,False,1.3010299956639813,2.7594672871806187,1.2543452690954815
notebook_fixed,Coercivity (Oe),374,260,False,1.4771212547196624,1.6779194907509236,1.0946761293380791
notebook_fixed,Coercivity (Oe),535,367,False,2.514547752660286,2.783126515830637,0.3352411510575367
notebook_fixed,Coercivity (Oe),271,188,False,3.2327496863135416,3.3803169907916915,0.2115978966163283
notebook_fixed,Coercivity (Oe),184,135,False,4.447623097760286,3.4792355496277527,0.5537945191807722
notebook_fixed,Coercivity (Oe),1174,759,False,2.008600171761917,2.1638724860303453,0.2164501291486612
notebook_fixed,Coercivity (Oe),244,179,False,1.8520528086978505,2.715143917255537,0.4126329491325478
notebook_fixed,Coercivity (Oe),1173,758,False,1.9542425094393248,1.969751199930396,0.2099939381315002
notebook_fixed,Coercivity (Oe),1007,664,True,3.982871140154935,3.875607398266805,0.0473865792450193
notebook_fixed,Coercivity (Oe),322,226,False,4.095721548389203,3.9052113266974073,0.2765440641998656
notebook_fixed,Coercivity (Oe),838,322,True,2.639486489268586,2.577206671046377,0.4964415925016552
notebook_fixed,Coercivity (Oe),857,565,False,3.9867717342662448,3.8379275788578697,0.2060287165332622
notebook_fixed,Coercivity (Oe),1548,974,False,2.096910013008056,1.4631556135463644,0.9585409316256996
notebook_fixed,Coercivity (Oe),1287,322,True,3.17435059747938,2.444910900670681,0.1679698896339077
notebook_fixed,Coercivity (Oe),1259,112,True,3.2909245593827543,2.660401792154387,0.2450720009416874
notebook_fixed,Coercivity (Oe),250,1,True,3.390138169803944,3.0481068458346443,0.2628403379711682
notebook_fixed,Coercivity (Oe),433,303,False,3.57978359661681,3.7227456766810985,0.3513829455732353
notebook_fixed,Coercivity (Oe),1512,862,True,1.869231719730976,2.0213115708044938,0.3345615618739441
notebook_fixed,Coercivity (Oe),1083,112,True,3.7323937598229686,3.039642898390989,0.254069626057869
notebook_fixed,Coercivity (Oe),438,1,True,3.6989700043360183,3.371239710572276,0.1127810160078468
notebook_fixed,Coercivity (Oe),1504,946,False,3.113943352306837,2.190262377737365,0.711088818243358
notebook_fixed,Coercivity (Oe),859,566,True,2.868644438394825,3.249474838642142,0.0823403962816698
notebook_fixed,Coercivity (Oe),1609,797,True,1.0021660617565078,2.0524887108497563,0.1851812363585906
notebook_fixed,Coercivity (Oe),450,312,False,3.4186326873540653,3.110676255294247,0.6137882365036281
notebook_fixed,Coercivity (Oe),654,441,False,3.8946726581414817,4.082004102322781,0.2088121867579707
notebook_fixed,Coercivity (Oe),1729,44,True,3.3010299956639813,1.0981655872390546,1.1717795766680952
notebook_fixed,Coercivity (Oe),942,1,True,3.59659709562646,3.371239710572276,0.1127810160078468
notebook_fixed,Coercivity (Oe),170,8,True,4.3270964390198525,3.959672228553026,0.1770522254003956
notebook_fixed,Coercivity (Oe),1305,392,True,1.7781512503836436,0.483169075051606,0.4472912088967587
notebook_fixed,Coercivity (Oe),1602,1001,True,0.9030899869919436,1.1530302887345554,0.3888723284514869
notebook_fixed,Coercivity (Oe),1210,21,True,1.9442852206887529,3.5698857318873247,0.185826755785105
notebook_fixed,Coercivity (Oe),300,209,False,4.161368002234975,3.9316036777491337,0.2939086609744231
notebook_fixed,Coercivity (Oe),1389,392,True,-0.6989700043360187,0.483169075051606,0.4472912088967587
notebook_fixed,Coercivity (Oe),352,15,True,3.34706057157743,3.6057882735818017,0.0749393634799922
notebook_fixed,Coercivity (Oe),381,265,True,4.489114369378919,4.370322342720998,0.438028711146549
notebook_fixed,Coercivity (Oe),1144,739,True,1.6184664921990803,1.6966093626134005,0.196249723883967
notebook_fixed,Coercivity (Oe),1000,657,False,4.1667852197354325,2.2121147380531547,1.0242026296451403
notebook_fixed,Coercivity (Oe),846,471,True,1.8325089127062364,1.5721496067739704,0.3275448309847921
notebook_fixed,Coercivity (Oe),990,650,True,-0.6575773191777937,-0.4975225860021945,0.2619669934751159
notebook_fixed,Coercivity (Oe),786,534,False,3.369957607346053,3.668114609841282,0.4828077936105926
notebook_fixed,Coercivity (Oe),583,398,False,2.296665190261531,1.7815969990932443,0.7134522280198141
notebook_fixed,Coercivity (Oe),332,172,True,4.044678101129115,3.278814270960404,0.6744060730772677
notebook_fixed,Coercivity (Oe),175,112,True,3.09377178149873,3.134256523355168,0.1283117249618539
notebook_fixed,Coercivity (Oe),602,377,True,1.209515014542631,1.132803414621698,0.4666483363620313
notebook_fixed,Coercivity (Oe),513,354,True,4.361727836017593,4.062677959278632,0.5792561741075273
notebook_fixed,Coercivity (Oe),426,301,False,3.649438064419308,3.4803015638721138,0.3732209333389563
notebook_fixed,Coercivity (Oe),715,392,True,1.462697408101717,0.483169075051606,0.4472912088967587
notebook_fixed,Coercivity (Oe),808,193,True,3.2528530309798933,3.049098420560165,0.154995931744992
notebook_fixed,Coercivity (Oe),844,471,True,2.1760912590556813,1.5721496067739704,0.3275448309847921
notebook_fixed,Coercivity (Oe),1314,826,True,4.023489095937347,3.257479712894189,0.7636919226288068
notebook_fixed,Coercivity (Oe),198,145,True,-1.5228787452803376,2.3479756872337623,0.6934113135859653
notebook_fixed,Coercivity (Oe),15,9,False,4.357934847000454,3.841822163508021,0.3141583962539818
notebook_fixed,Coercivity (Oe),265,66,True,1.4941545940184429,2.1780233913457474,0.6870981799435376
notebook_fixed,Coercivity (Oe),855,563,False,-0.1366771398795441,1.0490783560984007,1.1262684873436728
notebook_fixed,Coercivity (Oe),744,500,True,2.2479732663618064,2.769366790493818,0.1411498657077952
notebook_fixed,Coercivity (Oe),1443,906,False,2.3010299956639813,2.046831734125395,0.6093657770535975
notebook_fixed,Coercivity (Oe),1156,6,True,2.4149733479708178,3.0236355984116976,0.3409956974342791
notebook_fixed,Coercivity (Oe),693,468,False,0.9030899869919436,1.4660487583624535,0.7654331319920062
notebook_fixed,Coercivity (Oe),416,291,False,3.812913356642856,3.583511347879037,0.4622589437016639
notebook_fixed,Coercivity (Oe),704,477,False,0.2380461031287954,0.5692409030706815,0.7084077138775763
notebook_fixed,Coercivity (Oe),1612,1006,True,2.7481880270062,3.5852709423961806,0.1201612355010303
notebook_fixed,Coercivity (Oe),199,146,False,3.740683948559653,3.728204190452344,0.1562799858752527
notebook_fixed,Coercivity (Oe),1350,847,False,3.1760912590556813,2.0255109494868897,0.932626481973434
notebook_fixed,Coercivity (Oe),1298,820,False,2.004321373782642,1.4786642724184689,0.6888763338502578
notebook_fixed,Coercivity (Oe),843,471,True,2.2695129442179165,1.5721496067739704,0.3275448309847921
notebook_fixed,Coercivity (Oe),1466,921,False,2.4771212547196626,2.851834936204018,0.8303026125529729
notebook_fixed,Coercivity (Oe),526,125,True,2.041392685158225,2.7007695049113023,0.7644678265216528
notebook_fixed,Coercivity (Oe),1342,842,False,1.740362689494244,1.2035966317381803,0.946963386399368
notebook_fixed,Coercivity (Oe),1196,771,False,-2.0,-1.2330950306024209,1.4147611006327183
notebook_fixed,Coercivity (Oe),1516,954,False,2.3010299956639813,1.217740509959294,1.2723627176982897
notebook_fixed,Coercivity (Oe),965,121,True,2.6273658565927325,3.358216719389556,0.2183043237934131
notebook_fixed,Coercivity (Oe),497,341,False,0.6434526764861874,0.5836581657976602,1.2130716881948809
notebook_fixed,Coercivity (Oe),310,217,False,3.929418925714293,3.837664668001301,0.2938127373161228
notebook_fixed,Coercivity (Oe),56,45,True,3.1931245983544616,2.994585955665473,0.3244552388450234
notebook_fixed,Coercivity (Oe),721,486,True,2.987666264926274,3.839061344436875,0.164658342029632
notebook_fixed,Coercivity (Oe),538,370,False,-1.2218487496163564,-1.0245189196126108,0.5527144285455333
notebook_fixed,Coercivity (Oe),1647,856,True,1.7323937598229686,1.96319802294966,0.4435193519696971
notebook_fixed,Coercivity (Oe),43,33,False,2.140602308020332,3.6468907000293007,0.4909476034828267
notebook_fixed,Coercivity (Oe),100,79,False,3.4771212547196626,3.2077084826275213,0.705921571865129
composition_random,Curie(TC) (K),656,441,True,930.0,696.1130981445312,
composition_random,Curie(TC) (K),1131,731,False,660.0,656.6076049804688,
composition_random,Curie(TC) (K),1669,1028,False,80.0,289.9964294433594,
composition_random,Curie(TC) (K),406,7,True,993.15,1019.5571899414062,
composition_random,Curie(TC) (K),536,368,True,497.0,751.897705078125,
composition_random,Curie(TC) (K),1389,392,True,551.0,535.3408203125,
composition_random,Curie(TC) (K),1271,808,True,723.15,634.71044921875,
composition_random,Curie(TC) (K),24,1,True,732.0,726.8306274414062,
composition_random,Curie(TC) (K),606,413,True,450.0,603.9520874023438,
composition_random,Curie(TC) (K),1117,718,False,450.0,406.3367614746094,
composition_random,Curie(TC) (K),1421,888,False,307.0,224.32028198242188,
composition_random,Curie(TC) (K),1298,819,False,300.0,637.322265625,
composition_random,Curie(TC) (K),340,172,True,1093.15,1075.943359375,
composition_random,Curie(TC) (K),1677,894,True,220.0,224.35159301757807,
composition_random,Curie(TC) (K),605,380,True,441.0,489.1736450195313,
composition_random,Curie(TC) (K),304,15,True,732.0,750.3941650390625,
composition_random,Curie(TC) (K),1341,840,False,150.0,185.9635772705078,
composition_random,Curie(TC) (K),1394,665,True,350.0,313.757080078125,
composition_random,Curie(TC) (K),1034,673,False,781.15,742.4241333007812,
composition_random,Curie(TC) (K),1217,783,False,363.0,995.2368774414062,
composition_random,Curie(TC) (K),1101,710,False,546.0,594.5391845703125,
composition_random,Curie(TC) (K),1650,415,True,270.0,316.73583984375,
composition_random,Curie(TC) (K),952,30,True,790.0,618.0988159179688,
composition_random,Curie(TC) (K),383,15,True,747.15,750.3941650390625,
composition_random,Curie(TC) (K),79,62,False,505.0,563.7496337890625,
composition_random,Curie(TC) (K),942,1,True,773.15,726.8306274414062,
composition_random,Curie(TC) (K),822,307,True,728.15,699.049072265625,
composition_random,Curie(TC) (K),464,321,False,618.15,580.0244140625,
composition_random,Curie(TC) (K),332,172,True,1108.15,1075.943359375,
composition_random,Curie(TC) (K),927,412,True,415.0,550.3052978515625,
composition_random,Curie(TC) (K),1713,1048,False,59.0,367.8806457519531,
composition_random,Curie(TC) (K),1427,894,True,215.0,224.35159301757807,
composition_random,Curie(TC) (K),762,511,True,121.0,179.9942169189453,
composition_random,Curie(TC) (K),430,302,True,670.0,601.0553588867188,
composition_random,Curie(TC) (K),1433,829,True,985.0,954.6760864257812,
composition_random,Curie(TC) (K),1554,843,True,180.0,186.0330810546875,
composition_random,Curie(TC) (K),528,361,False,900.0,886.16552734375,
composition_random,Curie(TC) (K),1281,814,True,120.0,174.79226684570312,
composition_random,Curie(TC) (K),706,478,False,680.0,594.0838012695312,
composition_random,Curie(TC) (K),1723,789,True,58.6,74.72738647460938,
composition_random,Curie(TC) (K),299,208,False,723.15,817.0836181640625,
composition_random,Curie(TC) (K),186,136,False,695.0,614.6373291015625,
composition_random,Curie(TC) (K),784,531,False,630.0,644.1607055664062,
composition_random,Curie(TC) (K),343,238,False,628.0,245.36941528320312,
composition_random,Curie(TC) (K),1085,2,True,724.0,750.9410400390625,
composition_random,Curie(TC) (K),1331,833,True,15.4,118.64960479736328,
composition_random,Curie(TC) (K),1671,1029,False,16.3,254.8193817138672,
composition_random,Curie(TC) (K),1604,1001,False,700.0,786.5396118164062,
composition_random,Curie(TC) (K),584,399,False,793.0,688.756103515625,
composition_random,Curie(TC) (K),1523,322,True,860.0,805.5159912109375,
composition_random,Curie(TC) (K),452,1,True,723.15,726.8306274414062,
composition_random,Curie(TC) (K),415,290,False,573.15,580.0244140625,
composition_random,Curie(TC) (K),1682,1035,False,300.0,347.544189453125,
composition_random,Curie(TC) (K),189,138,False,429.15,406.1366271972656,
composition_random,Curie(TC) (K),1216,2,True,730.0,750.9410400390625,
composition_random,Curie(TC) (K),50,40,True,655.0,693.3748168945312,
composition_random,Curie(TC) (K),972,634,False,903.0,749.1100463867188,
composition_random,Curie(TC) (K),1593,997,True,8.5,86.84043884277344,
composition_random,Curie(TC) (K),1241,322,True,115.2,805.5159912109375,
composition_random,Curie(TC) (K),879,112,True,793.15,856.1700439453125,
composition_random,Curie(TC) (K),591,404,False,568.15,669.1661987304688,
composition_random,Curie(TC) (K),865,567,False,750.0,571.5621948242188,
composition_random,Curie(TC) (K),480,331,False,637.15,606.869140625,
composition_random,Curie(TC) (K),136,102,False,691.1,611.776123046875,
composition_random,Curie(TC) (K),1674,665,True,290.5,313.757080078125,
composition_random,Curie(TC) (K),1060,692,False,538.15,509.1957702636719,
composition_random,Curie(TC) (K),916,311,True,92.0,105.5241928100586,
composition_random,Curie(TC) (K),1242,790,True,123.0,331.4278564453125,
composition_random,Curie(TC) (K),687,3,True,748.0,760.9212646484375,
composition_random,Curie(TC) (K),741,496,False,396.15,482.2552795410156,
composition_random,Curie(TC) (K),317,222,False,740.0,750.3941650390625,
composition_random,Curie(TC) (K),1700,1041,False,300.0,375.1720581054688,
composition_random,Curie(TC) (K),481,332,False,608.15,602.1047973632812,
composition_random,Curie(TC) (K),1269,120,True,628.0,582.4844970703125,
composition_random,Curie(TC) (K),1616,1007,False,650.0,177.08993530273438,
composition_random,Curie(TC) (K),682,458,False,423.0,349.922119140625,
composition_random,Curie(TC) (K),783,530,False,630.0,640.9114379882812,
composition_random,Curie(TC) (K),71,54,False,798.15,787.4694213867188,
composition_random,Curie(TC) (K),995,112,True,860.0,856.1700439453125,
composition_random,Curie(TC) (K),70,53,False,775.0,745.9405517578125,
composition_random,Curie(TC) (K),1555,845,True,415.0,482.6908264160156,
composition_random,Curie(TC) (K),466,322,True,807.15,805.5159912109375,
composition_random,Curie(TC) (K),272,189,False,733.0,767.9284057617188,
composition_random,Curie(TC) (K),325,46,False,650.15,632.671630859375,
composition_random,Curie(TC) (K),1541,966,False,400.0,253.35073852539065,
composition_random,Curie(TC) (K),698,471,True,772.0,663.78955078125,
composition_random,Curie(TC) (K),1279,812,False,500.0,869.4508666992188,
composition_random,Curie(TC) (K),66,7,True,1003.15,1019.5571899414062,
composition_random,Curie(TC) (K),1610,1003,False,2.1,541.375,
composition_random,Curie(TC) (K),717,392,True,507.0,535.3408203125,
composition_random,Curie(TC) (K),1611,1004,False,250.0,211.71913146972656,
composition_random,Curie(TC) (K),1348,844,False,900.0,436.5084533691406,
composition_random,Curie(TC) (K),473,326,False,740.0,550.9566650390625,
composition_random,Curie(TC) (K),1306,792,True,761.0,739.7116088867188,
composition_random,Curie(TC) (K),252,112,True,763.98,856.1700439453125,
composition_random,Curie(TC) (K),974,636,False,833.0,749.1100463867188,
composition_random,Curie(TC) (K),30,21,True,575.0,513.4343872070312,
composition_random,Curie(TC) (K),395,275,False,704.15,721.01806640625,
composition_random,Curie(TC) (K),885,145,True,851.15,510.2497253417969,
composition_random,Curie(TC) (K),255,2,True,996.15,750.9410400390625,
composition_random,Curie(TC) (K),994,651,False,846.15,960.4473266601562,
composition_random,Curie(TC) (K),618,420,False,432.15,421.660888671875,
composition_random,Curie(TC) (K),31,22,False,573.15,592.46728515625,
composition_random,Curie(TC) (K),1096,657,True,730.0,755.2242431640625,
composition_random,Curie(TC) (K),116,41,True,587.15,617.6004638671875,
composition_random,Curie(TC) (K),1635,810,True,250.0,240.44032287597656,
composition_random,Curie(TC) (K),368,255,False,378.0,622.7578735351562,
composition_random,Curie(TC) (K),624,422,False,549.05,590.5619506835938,
composition_random,Curie(TC) (K),483,41,True,633.15,617.6004638671875,
composition_random,Curie(TC) (K),497,341,False,190.0,391.8370666503906,
composition_random,Curie(TC) (K),1694,811,True,179.0,204.9039001464844,
composition_random,Curie(TC) (K),100,79,False,702.15,602.7962036132812,
composition_random,Curie(TC) (K),1124,725,False,839.0,827.0993041992188,
composition_random,Curie(TC) (K),1239,112,True,793.0,856.1700439453125,
composition_random,Curie(TC) (K),248,149,True,865.0,830.3389892578125,
composition_random,Curie(TC) (K),455,316,False,515.69,555.363525390625,
composition_random,Curie(TC) (K),1579,989,False,350.0,525.0884399414062,
composition_random,Curie(TC) (K),174,112,True,793.15,856.1700439453125,
composition_random,Curie(TC) (K),780,527,False,36.17,137.93238830566406,
composition_random,Curie(TC) (K),870,570,False,710.0,639.255615234375,
composition_random,Curie(TC) (K),613,6,True,793.15,749.1100463867188,
composition_random,Curie(TC) (K),812,547,False,666.15,604.4937133789062,
composition_random,Curie(TC) (K),1656,790,True,320.0,331.4278564453125,
composition_random,Curie(TC) (K),838,322,True,813.0,805.5159912109375,
composition_random,Curie(TC) (K),991,649,True,748.15,631.256103515625,
composition_random,Curie(TC) (K),716,392,True,549.0,535.3408203125,
composition_random,Curie(TC) (K),1710,1045,False,220.0,508.1230773925781,
composition_random,Curie(TC) (K),1346,149,True,1300.0,830.3389892578125,
composition_random,Curie(TC) (K),426,301,False,655.0,225.81163024902344,
composition_random,Curie(TC) (K),33,24,False,555.15,609.374755859375,
composition_random,Curie(TC) (K),1247,798,True,658.15,618.92724609375,
composition_random,Curie(TC) (K),1166,753,False,523.0,578.1712646484375,
composition_random,Curie(TC) (K),1262,803,False,600.0,575.1360473632812,
composition_random,Curie(TC) (K),979,641,False,577.0,604.5274047851562,
composition_random,Curie(TC) (K),936,618,False,716.15,677.2945556640625,
composition_random,Curie(TC) (K),488,335,False,743.15,684.3680419921875,
composition_random,Curie(TC) (K),786,533,False,141.0,324.7305908203125,
composition_random,Curie(TC) (K),204,150,False,743.0,667.4968872070312,
composition_random,Curie(TC) (K),590,112,True,530.0,856.1700439453125,
composition_random,Curie(TC) (K),45,35,False,465.0,475.9776611328125,
composition_random,Curie(TC) (K),562,387,True,160.0,158.15594482421875,
composition_random,Curie(TC) (K),532,364,False,530.0,720.8746948242188,
composition_random,Curie(TC) (K),938,620,False,710.15,733.4276733398438,
composition_random,Curie(TC) (K),1398,348,True,138.0,250.90313720703125,
composition_random,Curie(TC) (K),60,48,True,723.15,663.6246337890625,
composition_random,Curie(TC) (K),440,307,True,723.0,699.049072265625,
composition_random,Curie(TC) (K),240,6,True,793.15,749.1100463867188,
composition_random,Curie(TC) (K),1013,665,True,375.0,313.757080078125,
composition_random,Curie(TC) (K),298,207,False,723.15,830.691162109375,
composition_random,Curie(TC) (K),1653,1019,False,240.0,242.3485412597656,
composition_random,Curie(TC) (K),1396,873,False,328.0,59.00094985961914,
composition_random,Curie(TC) (K),221,7,True,1015.0,1019.5571899414062,
composition_random,Curie(TC) (K),1309,824,False,400.0,628.3472900390625,
composition_random,Curie(TC) (K),1356,850,False,121.9,89.60421752929688,
composition_random,Curie(TC) (K),323,227,False,334.0,395.7115783691406,
composition_random,Curie(TC) (K),433,303,False,598.0,868.7713623046875,
composition_random,Curie(TC) (K),848,557,True,518.15,558.347900390625,
composition_random,Curie(TC) (K),597,408,False,781.15,734.153564453125,
composition_random,Curie(TC) (K),211,156,False,705.0,679.3146362304688,
composition_random,Curie(TC) (K),1483,930,False,390.0,442.2054138183594,
composition_random,Curie(TC) (K),262,98,True,723.15,633.1376342773438,
composition_random,Curie(TC) (K),1617,1008,False,340.0,292.1072082519531,
composition_random,Curie(TC) (K),729,15,True,732.0,750.3941650390625,
composition_random,Curie(TC) (K),1075,702,False,640.15,655.0546875,
composition_random,Curie(TC) (K),1572,120,True,628.0,582.4844970703125,
composition_random,Curie(TC) (K),746,499,True,773.0,756.64111328125,
composition_random,Curie(TC) (K),516,355,True,357.6,324.2204895019531,
composition_random,Curie(TC) (K),351,15,True,1005.15,750.3941650390625,
composition_random,Curie(TC) (K),241,6,True,784.0,749.1100463867188,
composition_random,Curie(TC) (K),367,254,False,377.0,572.2367553710938,
composition_random,Curie(TC) (K),849,558,False,589.15,70.63785552978516,
composition_random,Curie(TC) (K),125,95,False,783.15,801.4590454101562,
composition_random,Curie(TC) (K),894,460,True,534.0,728.8607177734375,
composition_random,Curie(TC) (K),1295,816,True,423.15,472.971435546875,
composition_random,Curie(TC) (K),1487,934,False,95.0,117.67018127441406,
composition_random,Curie(TC) (K),1471,918,True,100.0,78.08503723144531,
composition_random,Curie(TC) (K),907,597,False,424.0,478.7539978027344,
composition_random,Curie(TC) (K),213,158,False,695.0,750.9410400390625,
composition_random,Curie(TC) (K),1218,784,False,830.0,459.1410217285156,
composition_random,Curie(TC) (K),1612,1005,True,245.0,249.70669555664065,
composition_random,Curie(TC) (K),163,121,True,823.15,738.8973388671875,
composition_random,Curie(TC) (K),1486,933,False,96.0,73.89210510253906,
composition_random,Curie(TC) (K),290,199,False,560.0,576.630859375,
composition_random,Curie(TC) (K),1673,1031,False,760.0,596.5517578125,
composition_random,Curie(TC) (K),1403,878,False,20.3,100.3229522705078,
composition_random,Curie(TC) (K),1367,858,False,19.1,158.99490356445312,
composition_random,Curie(TC) (K),434,304,False,1050.15,958.6693725585938,
composition_random,Curie(TC) (K),1228,471,True,581.0,663.78955078125,
composition_random,Curie(TC) (K),417,292,False,585.0,637.69189453125,
composition_random,Curie(TC) (K),1301,820,False,620.0,918.8958129882812,
composition_random,Curie(TC) (K),1041,677,False,849.15,873.9505615234375,
composition_random,Curie(TC) (K),1687,1036,False,80.0,185.4408721923828,
composition_random,Curie(TC) (K),764,513,False,1100.0,959.6455078125,
composition_random,Curie(TC) (K),770,519,False,318.74,459.595947265625,
composition_random,Curie(TC) (K),553,6,True,758.0,749.1100463867188,
composition_random,Curie(TC) (K),169,124,False,1113.15,980.0963134765624,
composition_random,Curie(TC) (K),1196,770,False,593.15,594.392578125,
composition_random,Curie(TC) (K),1171,756,False,400.0,617.4853515625,
composition_random,Curie(TC) (K),74,57,False,630.0,556.38037109375,
composition_random,Curie(TC) (K),110,85,False,629.75,604.7118530273438,
composition_random,Curie(TC) (K),345,240,False,537.15,668.9127197265625,
composition_random,Curie(TC) (K),515,355,True,318.9,324.2204895019531,
composition_random,Curie(TC) (K),1422,889,False,31.3,72.54813385009766,
composition_random,Curie(TC) (K),906,596,False,301.0,463.18743896484375,
composition_random,Curie(TC) (K),353,15,True,1005.15,750.3941650390625,
composition_random,Curie(TC) (K),999,655,False,592.15,599.0679931640625,
composition_random,Curie(TC) (K),1566,980,False,1.85,199.58058166503903,
composition_random,Curie(TC) (K),276,193,True,853.15,864.9762573242188,
composition_random,Curie(TC) (K),52,41,True,586.04,617.6004638671875,
composition_random,Curie(TC) (K),301,210,False,603.15,579.7462158203125,
composition_random,Curie(TC) (K),750,500,False,500.0,546.7339477539062,
composition_random,Curie(TC) (K),77,60,False,555.0,584.6249389648438,
composition_random,Curie(TC) (K),1606,485,True,226.0,215.3350524902344,
composition_random,Curie(TC) (K),372,258,False,1056.8,957.7214965820312,
composition_random,Curie(TC) (K),1711,1046,False,210.0,541.0421142578125,
composition_random,Curie(TC) (K),1528,818,True,270.0,302.50543212890625,
composition_random,Curie(TC) (K),554,6,True,700.0,749.1100463867188,
composition_random,Curie(TC) (K),1283,814,True,120.0,174.79226684570312,
composition_random,Curie(TC) (K),485,333,False,595.0,563.5490112304688,
composition_random,Curie(TC) (K),399,279,False,588.15,548.9310302734375,
composition_random,Curie(TC) (K),124,94,False,814.15,801.4590454101562,
composition_random,Curie(TC) (K),659,443,False,793.0,751.897705078125,
composition_random,Curie(TC) (K),414,289,False,717.0,501.42681884765625,
composition_random,Curie(TC) (K),238,7,True,1020.0,1019.5571899414062,
composition_random,Curie(TC) (K),944,1,True,743.15,726.8306274414062,
composition_random,Curie(TC) (K),1139,112,True,793.0,856.1700439453125,
composition_random,Curie(TC) (K),1404,513,False,1100.0,959.6455078125,
composition_random,Curie(TC) (K),534,366,False,505.0,714.8709716796875,
composition_random,Curie(TC) (K),1177,149,True,858.15,830.3389892578125,
composition_random,Curie(TC) (K),761,510,False,643.15,434.7250671386719,
composition_random,Curie(TC) (K),955,30,True,790.0,618.0988159179688,
composition_random,Curie(TC) (K),697,471,True,778.0,663.78955078125,
composition_random,Curie(TC) (K),1642,960,True,365.0,759.3222045898438,
composition_random,Curie(TC) (K),1050,683,True,350.0,376.3541870117188,
composition_random,Curie(TC) (K),382,266,False,672.0,692.8794555664062,
composition_random,Curie(TC) (K),712,482,False,662.15,567.2235107421875,
composition_random,Curie(TC) (K),1697,322,True,858.0,805.5159912109375,
composition_random,Curie(TC) (K),1174,758,False,425.0,421.1813659667969,
composition_random,Curie(TC) (K),985,645,False,775.15,736.162841796875,
composition_random,Curie(TC) (K),416,291,False,923.15,816.935546875,
composition_random,Curie(TC) (K),68,51,False,15.0,277.5066223144531,
composition_random,Curie(TC) (K),621,6,True,790.0,749.1100463867188,
composition_random,Curie(TC) (K),1300,646,True,1250.0,1125.360107421875,
composition_random,Curie(TC) (K),142,104,True,848.15,755.2242431640625,
composition_random,Curie(TC) (K),1542,967,False,707.0,711.6571655273438,
composition_random,Curie(TC) (K),892,494,True,400.0,726.2662353515625,
composition_random,Curie(TC) (K),1605,485,True,228.0,215.3350524902344,
composition_random,Curie(TC) (K),1108,66,True,728.0,673.1578979492188,
composition_random,Curie(TC) (K),1613,1005,True,245.0,249.70669555664065,
composition_random,Curie(TC) (K),1567,981,False,10.6,263.3332824707031,
composition_random,Curie(TC) (K),559,384,False,743.15,704.283935546875,
composition_random,Curie(TC) (K),1475,112,True,793.0,856.1700439453125,
composition_random,Curie(TC) (K),1040,125,True,913.15,874.5045776367188,
composition_random,Curie(TC) (K),1119,720,False,581.0,530.0521850585938,
composition_random,Curie(TC) (K),725,7,True,1020.15,1019.5571899414062,
composition_random,Curie(TC) (K),1457,195,True,753.15,711.6571655273438,
composition_random,Curie(TC) (K),354,243,False,713.15,703.5488891601562,
composition_random,Curie(TC) (K),260,181,True,510.0,688.7034301757812,
composition_random,Curie(TC) (K),185,7,True,954.0,1019.5571899414062,
composition_random,Curie(TC) (K),1641,1015,False,230.0,299.68817138671875,
composition_random,Curie(TC) (K),245,6,True,832.15,749.1100463867188,
composition_random,Curie(TC) (K),705,477,False,666.0,594.0838012695312,
composition_random,Curie(TC) (K),427,41,True,643.15,617.6004638671875,
composition_random,Curie(TC) (K),271,188,False,733.0,761.5347900390625,
composition_random,Curie(TC) (K),1244,795,False,503.15,760.4606323242188,
composition_random,Curie(TC) (K),1352,847,True,215.0,312.41015625,
composition_random,Curie(TC) (K),1252,799,False,500.0,513.7208862304688,
composition_random,Curie(TC) (K),251,180,False,723.0,733.3069458007812,
composition_random,Curie(TC) (K),1519,955,False,700.0,379.4846496582031,
composition_random,Curie(TC) (K),1151,741,False,609.0,625.9794311523438,
composition_random,Curie(TC) (K),352,15,True,1005.15,750.3941650390625,
composition_random,Curie(TC) (K),1470,922,False,365.0,322.6750183105469,
composition_random,Curie(TC) (K),499,343,False,325.0,291.7314453125,
composition_random,Curie(TC) (K),484,120,True,633.15,582.4844970703125,
composition_random,Curie(TC) (K),815,550,False,593.15,725.6239013671875,
composition_random,Curie(TC) (K),798,539,False,693.15,677.8842163085938,
composition_random,Curie(TC) (K),1439,322,True,858.0,805.5159912109375,
composition_random,Curie(TC) (K),992,649,True,748.15,631.256103515625,
composition_random,Curie(TC) (K),921,610,False,471.0,537.705322265625,
composition_random,Curie(TC) (K),171,125,True,900.0,874.5045776367188,
composition_random,Curie(TC) (K),1128,728,False,634.0,623.9741821289062,
composition_random,Curie(TC) (K),1006,662,False,796.15,730.0787353515625,
composition_random,Curie(TC) (K),823,307,True,729.15,699.049072265625,
composition_random,Curie(TC) (K),333,235,False,1176.0,1102.664794921875,
composition_random,Curie(TC) (K),1546,971,False,504.0,837.8409423828125,
composition_random,Curie(TC) (K),1665,1026,False,323.5,106.9833526611328,
composition_random,Curie(TC) (K),1406,880,False,25.6,99.31820678710938,
composition_random,Curie(TC) (K),826,307,True,725.15,699.049072265625,
composition_random,Curie(TC) (K),969,632,False,600.15,682.8218994140625,
composition_random,Curie(TC) (K),1340,839,False,162.0,185.9635772705078,
composition_random,Curie(TC) (K),1455,779,True,313.15,318.6596984863281,
composition_random,Curie(TC) (K),1307,792,True,761.0,739.7116088867188,
composition_random,Curie(TC) (K),176,112,True,793.15,856.1700439453125,
composition_random,Curie(TC) (K),586,400,True,269.2,249.70669555664065,
composition_random,Curie(TC) (K),487,334,False,625.0,574.5719604492188,
composition_random,Curie(TC) (K),950,622,False,347.0,268.263427734375,
composition_random,Curie(TC) (K),726,487,False,290.0,153.52532958984375,
composition_random,Curie(TC) (K),412,287,False,483.15,667.448486328125,
composition_random,Curie(TC) (K),824,307,True,728.15,699.049072265625,
composition_random,Curie(TC) (K),788,535,False,295.0,291.60125732421875,
composition_random,Curie(TC) (K),199,146,False,432.0,511.9550476074219,
composition_random,Curie(TC) (K),16,10,False,561.0,468.1846008300781,
composition_random,Curie(TC) (K),266,185,False,744.0,695.5292358398438,
composition_random,Curie(TC) (K),1167,665,True,370.0,313.757080078125,
composition_random,Curie(TC) (K),631,15,True,765.29,750.3941650390625,
composition_random,Curie(TC) (K),749,316,False,529.0,555.363525390625,
composition_random,Curie(TC) (K),1353,848,True,454.0,533.2445068359375,
composition_random,Curie(TC) (K),673,21,True,462.15,513.4343872070312,
composition_random,Curie(TC) (K),1158,746,False,1000.0,946.9744873046876,
composition_random,Curie(TC) (K),683,459,False,403.0,326.54620361328125,
composition_random,Curie(TC) (K),1416,883,False,45.0,189.07638549804688,
composition_random,Curie(TC) (K),200,147,False,11.0,184.82455444335935,
composition_random,Curie(TC) (K),665,1,True,728.15,726.8306274414062,
composition_random,Curie(TC) (K),593,406,False,350.0,401.8543395996094,
composition_random,Curie(TC) (K),956,623,False,1173.0,981.4072875976562,
composition_random,Curie(TC) (K),375,261,False,433.0,503.468017578125,
composition_random,Curie(TC) (K),871,571,False,1240.0,712.0737915039062,
composition_random,Curie(TC) (K),636,429,False,731.0,594.5469360351562,
composition_random,Curie(TC) (K),1091,704,False,483.0,473.979736328125,
composition_random,Curie(TC) (K),1246,797,False,55.0,57.2669792175293,
composition_random,Curie(TC) (K),982,112,True,793.0,856.1700439453125,
composition_random,Curie(TC) (K),1720,485,True,228.0,215.3350524902344,
composition_random,Curie(TC) (K),1461,847,True,790.0,312.41015625,
composition_random,Curie(TC) (K),57,46,False,560.0,632.671630859375,
composition_random,Curie(TC) (K),1712,1047,False,80.0,478.54345703125,
composition_random,Curie(TC) (K),545,376,False,750.08,830.567138671875,
composition_random,Curie(TC) (K),44,34,False,518.0,587.1029663085938,
composition_random,Curie(TC) (K),101,80,False,852.15,826.7928466796875,
composition_random,Curie(TC) (K),275,192,False,750.0,754.8972778320312,
composition_random,Curie(TC) (K),1204,513,False,1100.0,959.6455078125,
composition_random,Curie(TC) (K),102,81,False,581.0,581.1679077148438,
composition_random,Curie(TC) (K),1270,120,True,628.0,582.4844970703125,
composition_random,Curie(TC) (K),108,3,True,749.15,760.9212646484375,
composition_random,Curie(TC) (K),1714,1049,False,190.0,212.5379943847656,
composition_random,Curie(TC) (K),1716,996,True,184.7,186.06321716308597,
composition_random,Curie(TC) (K),1315,825,True,292.0,266.6766662597656,
composition_random,Curie(TC) (K),1591,387,True,147.0,158.15594482421875,
composition_random,Curie(TC) (K),569,392,True,559.0,535.3408203125,
composition_random,Curie(TC) (K),1188,195,True,750.0,711.6571655273438,
composition_random,Curie(TC) (K),922,611,False,468.0,509.5631103515625,
composition_random,Curie(TC) (K),904,594,False,563.0,821.7003173828125,
composition_random,Curie(TC) (K),1121,722,False,657.0,627.3426513671875,
composition_random,Curie(TC) (K),129,98,True,723.0,633.1376342773438,
composition_random,Coercivity (Oe),656,441,True,3.09725730969342,2.8362818793060978,0.8037218600801479
composition_random,Coercivity (Oe),1131,731,False,3.0234870387859814,2.819468304001877,0.6482842437459827
composition_random,Coercivity (Oe),1669,1028,False,3.397940008672037,4.244269951163101,0.2945519313638539
composition_random,Coercivity (Oe),406,7,True,4.329658581203028,4.0372077495895535,0.1621455117706856
composition_random,Coercivity (Oe),536,368,True,2.7067177823367587,2.921749098977686,0.1465558979786469
composition_random,Coercivity (Oe),1389,392,True,-0.6989700043360187,1.230522720219987,0.3040157994146172
composition_random,Coercivity (Oe),1271,808,True,4.371067862271737,3.73559266129726,1.081176891916448
composition_random,Coercivity (Oe),24,1,True,3.752048447819439,3.356074323003318,0.0730716173436247
composition_random,Coercivity (Oe),606,413,True,0.9148718175400504,1.4951150082119786,1.02548602667183
composition_random,Coercivity (Oe),1117,718,False,2.100370545117563,2.141277255718037,0.1280168511749203
composition_random,Coercivity (Oe),1421,888,False,2.290034611362518,2.257550756743508,0.7399026173073594
composition_random,Coercivity (Oe),1298,819,False,2.004321373782642,1.984009603448524,0.6450672334021669
composition_random,Coercivity (Oe),340,172,True,3.633468455579586,3.33569231895559,0.6963409716895982
composition_random,Coercivity (Oe),1677,894,True,3.6989700043360183,3.1127783718284108,0.226051181500604
composition_random,Coercivity (Oe),605,380,True,0.9566485792052032,0.1849044930698331,1.1329810676986518
composition_random,Coercivity (Oe),304,15,True,3.550289516984764,3.4047902549856808,0.0816938211623742
composition_random,Coercivity (Oe),1341,840,False,3.544068044350276,2.896403227659663,0.7380459174401602
composition_random,Coercivity (Oe),1394,665,True,0.4969296480732149,2.3862272733796983,0.1740911978935207
composition_random,Coercivity (Oe),1034,673,False,1.3222192947339193,2.022491343663787,0.4678209343091167
composition_random,Coercivity (Oe),1217,783,False,2.798180883926343,4.304451675092913,0.3026828235725443
composition_random,Coercivity (Oe),1101,710,False,2.0991970553799204,3.8216003890788657,0.2755390628358001
composition_random,Coercivity (Oe),1650,415,True,2.041392685158225,1.676064188947537,0.1331116032105152
composition_random,Coercivity (Oe),952,30,True,2.841271851779091,1.6681712581572383,0.2916807408426885
composition_random,Coercivity (Oe),383,15,True,3.74075732330777,3.4047902549856808,0.0816938211623742
composition_random,Coercivity (Oe),79,62,False,1.4014005407815442,2.093207160597714,0.7539990733559934
composition_random,Coercivity (Oe),942,1,True,3.59659709562646,3.356074323003318,0.0730716173436247
composition_random,Coercivity (Oe),822,307,True,2.44870631990508,3.209532927925596,0.2601687401850263
composition_random,Coercivity (Oe),464,321,False,3.838849090737255,2.135015539765422,1.620219843567705
composition_random,Coercivity (Oe),332,172,True,4.044678101129115,3.33569231895559,0.6963409716895982
composition_random,Coercivity (Oe),927,412,True,1.332034277027518,1.6569361428685077,0.4086696940766346
composition_random,Coercivity (Oe),1713,1048,False,2.845098040014257,2.343894748868169,0.8395713079573687
composition_random,Coercivity (Oe),1427,894,True,3.785329835010767,3.1127783718284108,0.226051181500604
composition_random,Coercivity (Oe),762,511,True,4.748188027006201,2.9503153842380767,1.0537839061918537
composition_random,Coercivity (Oe),430,302,True,3.734799829588847,3.391153799513948,0.2892085827037371
composition_random,Coercivity (Oe),1433,829,True,1.1760912590556811,2.4312903470327503,0.8673639115669922
composition_random,Coercivity (Oe),1554,843,True,1.6989700043360187,1.3636356711493844,0.3215614696492567
composition_random,Coercivity (Oe),528,361,False,2.03342375548695,2.1109001781845413,0.3400267338526965
composition_random,Coercivity (Oe),1281,814,True,2.8836614351536176,2.612370568653154,0.493142213668108
composition_random,Coercivity (Oe),706,478,False,0.3654879848908996,1.1166893717243835,0.861124121562815
composition_random,Coercivity (Oe),1723,789,True,1.8750612633917,1.9784617617623648,0.3224084195427054
composition_random,Coercivity (Oe),299,208,False,3.1760912590556813,2.688409797569196,1.201657600192638
composition_random,Coercivity (Oe),186,136,False,3.886490725172482,3.809788859573026,0.3953112347179095
composition_random,Coercivity (Oe),784,531,False,3.0051805125037805,2.9598721890111914,0.3380030259349059
composition_random,Coercivity (Oe),343,238,False,4.154119525515847,2.183026781566584,1.0536755426859987
composition_random,Coercivity (Oe),1085,2,True,3.529045170765769,3.5348235862266058,0.0508091341361594
composition_random,Coercivity (Oe),1331,833,True,3.255272505103306,2.597963251563208,0.6671480862648431
composition_random,Coercivity (Oe),1671,1029,False,2.3010299956639813,2.3834737506324526,1.3330873330085744
composition_random,Coercivity (Oe),1604,1001,False,1.6989700043360187,2.0316896802097766,1.0792753618442406
composition_random,Coercivity (Oe),584,399,False,2.049218022670181,2.153771832116794,0.4622078796839128
composition_random,Coercivity (Oe),1523,322,True,2.977723605288848,2.30666695730753,0.1182393073883299
composition_random,Coercivity (Oe),452,1,True,3.5185139398778875,3.356074323003318,0.0730716173436247
composition_random,Coercivity (Oe),415,290,False,3.690196080028514,2.476592807086117,1.4619926390720464
composition_random,Coercivity (Oe),1682,1035,False,2.1760912590556813,2.0429760831706654,0.4206132895086545
composition_random,Coercivity (Oe),189,138,False,2.501059262217752,2.8205929542661874,0.7644046142985598
composition_random,Coercivity (Oe),1216,2,True,3.7363965022766426,3.5348235862266058,0.0508091341361594
composition_random,Coercivity (Oe),50,40,True,3.618380753963887,3.835355390426864,0.4804065609818093
composition_random,Coercivity (Oe),972,634,False,2.6989700043360187,2.935707475681693,0.1553403675701382
composition_random,Coercivity (Oe),1593,997,True,1.845098040014257,2.154266639679846,0.8434227941818342
composition_random,Coercivity (Oe),1241,322,True,2.089905111439398,2.30666695730753,0.1182393073883299
composition_random,Coercivity (Oe),879,112,True,2.974971994298069,2.8512163053774424,0.1647309367527109
composition_random,Coercivity (Oe),591,404,False,2.5563025007672877,1.441333820206132,1.6370003645068474
composition_random,Coercivity (Oe),865,567,False,4.479420969301204,4.092883451628431,0.3473695580838062
composition_random,Coercivity (Oe),480,331,False,3.747569492637394,3.6299444397366254,0.4276300057063114
composition_random,Coercivity (Oe),136,102,False,3.690196080028514,3.707252837933865,0.4239079421091488
composition_random,Coercivity (Oe),1674,665,True,1.9661417327390325,2.3862272733796983,0.1740911978935207
composition_random,Coercivity (Oe),1060,692,False,0.5622928644564746,1.094780949729362,0.748377473977707
composition_random,Coercivity (Oe),916,311,True,3.4913616938342726,3.1836860573740857,0.1644386911028945
composition_random,Coercivity (Oe),1242,790,True,2.7007037171450192,2.239379738972348,0.0901695572152344
composition_random,Coercivity (Oe),687,3,True,3.960470777534299,4.050753180191948,0.0826580542848863
composition_random,Coercivity (Oe),741,496,False,4.556302500767287,3.791903050666716,1.0017420797693124
composition_random,Coercivity (Oe),317,222,False,3.7450747915820575,3.624295147706212,0.1697247883126127
composition_random,Coercivity (Oe),1700,1041,False,1.977723605288848,2.729542687654146,0.599657845403672
composition_random,Coercivity (Oe),481,332,False,3.93616626845658,3.8927369462413743,0.4509207714302168
composition_random,Coercivity (Oe),1269,120,True,3.8195439355418688,3.8197633206035566,0.1270039840972624
composition_random,Coercivity (Oe),1616,1007,False,1.6989700043360187,2.9744331976947525,0.8514472880657932
composition_random,Coercivity (Oe),682,458,False,2.8913143993821437,2.9622939774521746,0.3376951629712202
composition_random,Coercivity (Oe),783,530,False,2.988112840268352,2.956903369995617,0.2442587758069556
composition_random,Coercivity (Oe),71,54,False,3.214843848047698,3.04881255289037,1.3138076940833272
composition_random,Coercivity (Oe),995,112,True,3.1225435240687545,2.8512163053774424,0.1647309367527109
composition_random,Coercivity (Oe),70,53,False,2.733197265106569,2.416849931063181,1.161941747572526
composition_random,Coercivity (Oe),1555,845,True,1.5563025007672873,1.924413674750501,0.3908123016272568
composition_random,Coercivity (Oe),466,322,True,2.296665190261531,2.30666695730753,0.1182393073883299
composition_random,Coercivity (Oe),272,189,False,3.257572987685671,3.375664803938479,0.2127001838777219
composition_random,Coercivity (Oe),325,46,False,3.042181594515766,3.490619410621804,0.306756560068632
composition_random,Coercivity (Oe),1541,966,False,3.397940008672037,2.378736856213496,1.011008739241842
composition_random,Coercivity (Oe),698,471,True,2.2624510897304293,2.349443303299464,0.2605207646437412
composition_random,Coercivity (Oe),1279,812,False,3.5563025007672877,2.5652532913248938,1.2027983388964365
composition_random,Coercivity (Oe),66,7,True,3.845098040014257,4.0372077495895535,0.1621455117706856
composition_random,Coercivity (Oe),1610,1003,False,1.0791812460476249,1.6195211355746184,1.0155897627710846
composition_random,Coercivity (Oe),717,392,True,1.6232492903979006,1.230522720219987,0.3040157994146172
composition_random,Coercivity (Oe),1611,1004,False,2.3010299956639813,2.9711456277484207,0.8113245872576951
composition_random,Coercivity (Oe),1348,844,False,1.3010299956639813,2.575338952730277,1.0589597384802745
composition_random,Coercivity (Oe),473,326,False,3.956542032020448,3.7753174327659775,0.5138882960770771
composition_random,Coercivity (Oe),1306,792,True,1.0791812460476249,1.6333054577742678,0.3235176986699148
composition_random,Coercivity (Oe),252,112,True,2.863322860120456,2.8512163053774424,0.1647309367527109
composition_random,Coercivity (Oe),974,636,False,3.0,2.9074921628125683,0.1719674089044315
composition_random,Coercivity (Oe),30,21,True,3.514183695868879,2.8749571160487117,0.6483930366993708
composition_random,Coercivity (Oe),395,275,False,2.661812685537261,2.8821402906435907,0.6451353955590529
composition_random,Coercivity (Oe),885,145,True,2.5538830266438746,2.039490304197276,0.7831972170012453
composition_random,Coercivity (Oe),255,2,True,3.546542663478131,3.5348235862266058,0.0508091341361594
composition_random,Coercivity (Oe),994,651,False,4.2552725051033065,3.956673132351839,0.2993085191001389
composition_random,Coercivity (Oe),618,420,False,1.5245259366263757,1.7825747080274652,0.5156304907021882
composition_random,Coercivity (Oe),31,22,False,3.8750612633917,3.916857212252176,0.1593455377666499
composition_random,Coercivity (Oe),1096,657,True,3.4430438286483405,3.4190395945102043,0.0789017075189377
composition_random,Coercivity (Oe),116,41,True,4.423245873936808,4.131626932161925,0.0842375725736752
composition_random,Coercivity (Oe),1635,810,True,2.0,2.136359805369945,0.2577676179991926
composition_random,Coercivity (Oe),368,255,False,3.0,3.2471439869406016,0.5535537624205538
composition_random,Coercivity (Oe),624,422,False,-1.2218487496163564,-0.8016011125112559,0.8806975510905815
composition_random,Coercivity (Oe),483,41,True,3.812913356642856,4.131626932161925,0.0842375725736752
composition_random,Coercivity (Oe),497,341,False,0.6434526764861874,1.888649252695344,0.9543683821078296
composition_random,Coercivity (Oe),1694,811,True,2.903089986991944,3.7531686261603183,0.3172170666182101
composition_random,Coercivity (Oe),100,79,False,3.4771212547196626,3.58395559782258,0.5364542860088649
composition_random,Coercivity (Oe),1124,725,False,2.8175653695597807,2.440265351746883,0.2423905729108751
composition_random,Coercivity (Oe),1239,112,True,3.544068044350276,2.8512163053774424,0.1647309367527109
composition_random,Coercivity (Oe),248,149,True,2.0,1.5406932775768902,0.4544533046540784
composition_random,Coercivity (Oe),455,316,False,3.801859034495509,3.799231008292404,0.7695371968152923
composition_random,Coercivity (Oe),1579,989,False,2.0,2.380672248830717,1.0594771278923067
composition_random,Coercivity (Oe),174,112,True,3.3324384599156054,2.8512163053774424,0.1647309367527109
composition_random,Coercivity (Oe),780,527,False,2.104452967322291,2.277677971551063,1.1376869885079524
composition_random,Coercivity (Oe),870,570,False,3.525044807036845,2.975297100153912,0.3868728814676423
composition_random,Coercivity (Oe),613,6,True,3.050379756261458,2.836430257223831,0.1047033312354661
composition_random,Coercivity (Oe),812,547,False,3.977723605288848,3.979247722605253,0.2162837580160112
composition_random,Coercivity (Oe),1656,790,True,1.1760912590556811,2.239379738972348,0.0901695572152344
composition_random,Coercivity (Oe),838,322,True,2.639486489268586,2.30666695730753,0.1182393073883299
composition_random,Coercivity (Oe),991,649,True,-0.3372421683184259,-0.6635329728224331,0.4911520503279333
composition_random,Coercivity (Oe),716,392,True,1.0,1.230522720219987,0.3040157994146172
composition_random,Coercivity (Oe),1710,1045,False,2.1522883443830563,2.3110703345123884,1.125650946032416
composition_random,Coercivity (Oe),1346,149,True,3.3521825181113627,1.5406932775768902,0.4544533046540784
composition_random,Coercivity (Oe),426,301,False,3.649438064419308,2.441249985470389,1.3629164357689696
composition_random,Coercivity (Oe),33,24,False,3.869231719730976,3.7430862103294857,0.2685609502935261
composition_random,Coercivity (Oe),1247,798,True,0.7403626894942439,1.2644171391293504,1.0713624829081905
composition_random,Coercivity (Oe),1166,753,False,-1.0457574905606752,-0.5836602443600849,1.062221507583928
composition_random,Coercivity (Oe),1262,803,False,1.8750612633917,2.255968401972007,0.6825436436625443
composition_random,Coercivity (Oe),979,641,False,-1.3010299956639813,-1.1410214322366456,0.4590173677799579
composition_random,Coercivity (Oe),936,618,False,3.738780558484369,3.5899259558106733,0.4966100546934973
composition_random,Coercivity (Oe),488,335,False,3.8192608938937127,3.745683043986501,0.2676332072666366
composition_random,Coercivity (Oe),786,533,False,3.369957607346053,3.31944013574475,0.7267254140918483
composition_random,Coercivity (Oe),204,150,False,3.898274202487708,3.918690832298483,0.2352515545662131
composition_random,Coercivity (Oe),590,112,True,2.4409090820652177,2.8512163053774424,0.1647309367527109
composition_random,Coercivity (Oe),45,35,False,1.956552591917399,2.5180268881812453,0.713583352703423
composition_random,Coercivity (Oe),562,387,True,3.544068044350276,3.17991409714184,0.1819723421136711
composition_random,Coercivity (Oe),532,364,False,2.6148972160331345,2.8967892507396376,0.3338152343654669
composition_random,Coercivity (Oe),938,620,False,3.670245853074124,3.545106639835329,0.457573699675534
composition_random,Coercivity (Oe),1398,348,True,3.0,2.3708851882806097,0.0367218553467226
composition_random,Coercivity (Oe),60,48,True,3.9138138523837167,3.3753160902259096,1.4281163114761497
composition_random,Coercivity (Oe),440,307,True,3.644438589467839,3.209532927925596,0.2601687401850263
composition_random,Coercivity (Oe),240,6,True,3.051152522447381,2.836430257223831,0.1047033312354661
composition_random,Coercivity (Oe),1013,665,True,1.521007252408604,2.3862272733796983,0.1740911978935207
composition_random,Coercivity (Oe),298,207,False,3.342422680822206,2.9180133999158357,1.08393086363137
composition_random,Coercivity (Oe),1653,1019,False,3.89209460269048,2.673612669432154,1.0028922868051413
composition_random,Coercivity (Oe),1396,873,False,3.3010299956639813,2.7561706113647046,0.9999886714974084
composition_random,Coercivity (Oe),221,7,True,4.436868557203851,4.0372077495895535,0.1621455117706856
composition_random,Coercivity (Oe),1309,824,False,0.9800033715837464,1.8873939635451236,0.3826336502764991
composition_random,Coercivity (Oe),1356,850,False,3.125507290058338,2.4622656050428824,0.524476248050456
composition_random,Coercivity (Oe),323,227,False,4.023489095937347,3.462428320836899,1.067976639762851
composition_random,Coercivity (Oe),433,303,False,3.57978359661681,3.3760544112894446,0.5162614056940806
composition_random,Coercivity (Oe),848,557,True,3.6555120363564666,3.4851038480200383,0.2751760002037317
composition_random,Coercivity (Oe),597,408,False,3.137670537236755,2.825876128691496,0.3017320104543868
composition_random,Coercivity (Oe),211,156,False,2.642167634404945,3.497701813448417,0.2505981166765579
composition_random,Coercivity (Oe),1483,930,False,1.9822712330395684,3.188903844591319,0.9953265581623464
composition_random,Coercivity (Oe),262,98,True,3.8260748027008256,2.9072487447518496,1.063508983988113
composition_random,Coercivity (Oe),1617,1008,False,2.1760912590556813,2.2262078096345266,0.891719212885342
composition_random,Coercivity (Oe),729,15,True,3.7563287228345232,3.4047902549856808,0.0816938211623742
composition_random,Coercivity (Oe),1075,702,False,0.0253058652647702,0.8753088270270362,0.6991015988885992
composition_random,Coercivity (Oe),1572,120,True,4.204119982655925,3.8197633206035566,0.1270039840972624
composition_random,Coercivity (Oe),746,499,True,2.690196080028514,2.672023279441415,0.189287663191294
composition_random,Coercivity (Oe),516,355,True,3.1172712956557644,2.681709611722454,0.5089115893226354
composition_random,Coercivity (Oe),351,15,True,3.382080109808133,3.4047902549856808,0.0816938211623742
composition_random,Coercivity (Oe),241,6,True,2.140602308020332,2.836430257223831,0.1047033312354661
composition_random,Coercivity (Oe),367,254,False,2.7993405494535817,2.853417632519313,0.472471359169739
composition_random,Coercivity (Oe),849,558,False,4.418632687354066,2.601788957575434,0.674366490968771
composition_random,Coercivity (Oe),125,95,False,0.8450980400142568,1.931502240127993,0.4061865349411713
composition_random,Coercivity (Oe),894,460,True,1.944975908412048,1.415589955466935,0.511190854245197
composition_random,Coercivity (Oe),1295,816,True,3.633468455579586,3.4039082631000066,0.3264420552998686
composition_random,Coercivity (Oe),1487,934,False,4.181586363736856,3.810281395773427,0.6983095854267339
composition_random,Coercivity (Oe),1471,918,True,1.3979400086720375,2.091168179905907,0.0933225525249392
composition_random,Coercivity (Oe),907,597,False,3.8193688664237726,3.533790861626299,0.6941558606700856
composition_random,Coercivity (Oe),213,158,False,2.8857568810692675,3.5497486168249264,0.1875524817044595
composition_random,Coercivity (Oe),1218,784,False,0.5763413502057928,1.882952519187565,1.3587984934422896
composition_random,Coercivity (Oe),1612,1005,True,2.7481880270062,3.461530584036825,0.3042021820069427
composition_random,Coercivity (Oe),163,121,True,3.5908418347816027,2.990742566209807,0.2327413687183688
composition_random,Coercivity (Oe),1486,933,False,4.215822555154372,3.8307579765226456,0.7340525094681879
composition_random,Coercivity (Oe),290,199,False,3.6232492903979,3.2919972806984106,0.9255381056304904
composition_random,Coercivity (Oe),1673,1031,False,2.4149733479708178,1.7075317673383852,1.1685866809520942
composition_random,Coercivity (Oe),1403,878,False,1.3010299956639813,2.616471493452749,1.1404348856446445
composition_random,Coercivity (Oe),1367,858,False,3.6989700043360183,2.888940468388744,0.6846454538637711
composition_random,Coercivity (Oe),434,304,False,4.187774455163985,4.147524733638656,0.1930457152624116
composition_random,Coercivity (Oe),1228,471,True,2.0542299098633974,2.349443303299464,0.2605207646437412
composition_random,Coercivity (Oe),417,292,False,3.8976270912904414,4.019080046614815,0.1505165297187782
composition_random,Coercivity (Oe),1301,820,False,1.7323937598229686,1.979684680602578,0.936390421287702
composition_random,Coercivity (Oe),1041,677,False,2.235402180158032,1.9078623764898175,0.4940668022008675
composition_random,Coercivity (Oe),1687,1036,False,2.230448921378274,2.958326275861432,0.7208584646362745
composition_random,Coercivity (Oe),764,513,False,1.3979400086720375,1.3369691753569146,0.8245348960574197
composition_random,Coercivity (Oe),770,519,False,-0.0555173278498313,0.8252769595251188,0.3739775063695496
composition_random,Coercivity (Oe),553,6,True,3.241048150671644,2.836430257223831,0.1047033312354661
composition_random,Coercivity (Oe),169,124,False,3.8195439355418688,3.4368199604775462,0.5852388765013764
composition_random,Coercivity (Oe),1196,770,False,-2.0,-1.985,0.1715569060365833
composition_random,Coercivity (Oe),1171,756,False,1.2430380486862944,1.5396580711232797,0.9487192903111036
composition_random,Coercivity (Oe),74,57,False,1.5010592622177514,2.302868422702018,0.7636246478845994
composition_random,Coercivity (Oe),110,85,False,3.977723605288848,3.943102760029306,0.1244106085109516
composition_random,Coercivity (Oe),345,240,False,2.437750562820388,2.398552856681581,0.4773620435442101
composition_random,Coercivity (Oe),515,355,True,3.0549958615291417,2.681709611722454,0.5089115893226354
composition_random,Coercivity (Oe),1422,889,False,4.176091259055681,2.8419020345904697,0.9229019161578692
composition_random,Coercivity (Oe),906,596,False,2.1789769472931693,2.392466309392691,0.8145971686561723
composition_random,Coercivity (Oe),353,15,True,3.33622551192412,3.4047902549856808,0.0816938211623742
composition_random,Coercivity (Oe),999,655,False,-0.8239087409443188,-0.9927494380435998,0.1631505039958607
composition_random,Coercivity (Oe),1566,980,False,1.8767949762007008,2.4640356685696783,0.6825289550542986
composition_random,Coercivity (Oe),276,193,True,0.3010299956639812,2.4866973242352057,0.2519835133355534
composition_random,Coercivity (Oe),52,41,True,4.2748503200166645,4.131626932161925,0.0842375725736752
composition_random,Coercivity (Oe),301,210,False,3.763851598418233,1.9894167062811028,1.604732313983951
composition_random,Coercivity (Oe),750,500,False,4.038103310305898,3.76024930345729,0.7180450482981405
composition_random,Coercivity (Oe),77,60,False,1.6283889300503116,1.7443326962523629,0.4389533648888012
composition_random,Coercivity (Oe),1606,485,True,4.008600171761918,2.953302972618475,0.3816437468958046
composition_random,Coercivity (Oe),372,258,False,1.229425847920695,1.5634054341573895,0.8126994340496934
composition_random,Coercivity (Oe),1711,1046,False,2.3654879848909,2.0726550490704985,1.1179614629954122
composition_random,Coercivity (Oe),1528,818,True,2.7781512503836434,2.631332131644646,0.3675682056136439
composition_random,Coercivity (Oe),554,6,True,3.04375512696868,2.836430257223831,0.1047033312354661
composition_random,Coercivity (Oe),1283,814,True,2.7589118923979736,2.612370568653154,0.493142213668108
composition_random,Coercivity (Oe),485,333,False,3.7436484973026496,4.092148295877713,0.1904367469034808
composition_random,Coercivity (Oe),399,279,False,4.123851640967086,4.09617177604195,0.144093487433313
composition_random,Coercivity (Oe),124,94,False,0.7781512503836436,1.8703005082104271,0.3580129448623588
composition_random,Coercivity (Oe),659,443,False,2.9400181550076634,2.8751980327282856,0.1823343360011809
composition_random,Coercivity (Oe),414,289,False,3.3010299956639813,1.9080377909809,0.8656639424900773
composition_random,Coercivity (Oe),238,7,True,3.963787827345555,4.0372077495895535,0.1621455117706856
composition_random,Coercivity (Oe),944,1,True,3.629409599102719,3.356074323003318,0.0730716173436247
composition_random,Coercivity (Oe),1139,112,True,2.903089986991944,2.8512163053774424,0.1647309367527109
composition_random,Coercivity (Oe),1404,513,False,0.9740509027928772,1.3369691753569146,0.8245348960574197
composition_random,Coercivity (Oe),534,366,False,2.6830470382388496,2.971812330064698,0.5642775769956987
composition_random,Coercivity (Oe),1177,149,True,1.7993405494535817,1.5406932775768902,0.4544533046540784
composition_random,Coercivity (Oe),761,510,False,1.1760912590556811,2.666158880410188,1.003243037413999
composition_random,Coercivity (Oe),955,30,True,1.7000110623221123,1.6681712581572383,0.2916807408426885
composition_random,Coercivity (Oe),697,471,True,2.9057958803678687,2.349443303299464,0.2605207646437412
composition_random,Coercivity (Oe),1642,960,True,2.544068044350276,2.5559489774892428,0.5841412844162982
composition_random,Coercivity (Oe),1050,683,True,1.8260748027008264,2.461362227818345,0.3859714602814749
composition_random,Coercivity (Oe),382,266,False,2.938519725176492,2.748974180720274,0.3341213029311684
composition_random,Coercivity (Oe),712,482,False,2.4595734061046524,1.2853208077442302,0.8886126709390787
composition_random,Coercivity (Oe),1697,322,True,1.7160033436347992,2.30666695730753,0.1182393073883299
composition_random,Coercivity (Oe),1174,758,False,2.008600171761917,2.0703516323773994,0.1899609014105719
composition_random,Coercivity (Oe),985,645,False,3.7483431044875495,3.2513942839493915,0.536423872608144
composition_random,Coercivity (Oe),416,291,False,3.812913356642856,1.140507856947136,2.079019798275024
composition_random,Coercivity (Oe),68,51,False,3.0,2.409151287546864,0.9000250322393559
composition_random,Coercivity (Oe),621,6,True,2.5185139398778875,2.836430257223831,0.1047033312354661
composition_random,Coercivity (Oe),1300,646,True,1.4771212547196624,1.4982300302192886,0.2182278708726251
composition_random,Coercivity (Oe),142,104,True,3.380211241711606,3.537620072971296,0.2419304281278375
composition_random,Coercivity (Oe),1542,967,False,4.632457292184724,3.737013343046744,0.4565958711871979
composition_random,Coercivity (Oe),892,494,True,-2.0,1.9578037056609296,0.718621161610968
composition_random,Coercivity (Oe),1605,485,True,3.886490725172482,2.953302972618475,0.3816437468958046
composition_random,Coercivity (Oe),1108,66,True,2.3010299956639813,2.035205288594472,0.4045985397367718
composition_random,Coercivity (Oe),1613,1005,True,3.6232492903979,3.461530584036825,0.3042021820069427
composition_random,Coercivity (Oe),1567,981,False,2.57978359661681,2.701712601341632,0.745029038076754
composition_random,Coercivity (Oe),559,384,False,2.6782815921420244,2.661883542094155,0.0408925482130895
composition_random,Coercivity (Oe),1475,112,True,2.230448921378274,2.8512163053774424,0.1647309367527109
composition_random,Coercivity (Oe),1040,125,True,2.2437075866617904,2.0371036650953527,0.1806056980395388
composition_random,Coercivity (Oe),1119,720,False,2.6434526764861874,2.5189985155864263,0.313511518168058
composition_random,Coercivity (Oe),725,7,True,4.260071387985075,4.0372077495895535,0.1621455117706856
composition_random,Coercivity (Oe),1457,195,True,4.079181246047625,3.742855834461696,0.4279558002024988
composition_random,Coercivity (Oe),354,243,False,3.462397997898956,3.33142416092231,1.035780622651579
composition_random,Coercivity (Oe),260,181,True,4.301029995663981,2.740767096913808,0.4710486084316562
composition_random,Coercivity (Oe),185,7,True,3.8195439355418688,4.0372077495895535,0.1621455117706856
composition_random,Coercivity (Oe),1641,1015,False,2.444044795918076,2.8474765752649303,0.4534435059013082
composition_random,Coercivity (Oe),245,6,True,2.4938343229718565,2.836430257223831,0.1047033312354661
composition_random,Coercivity (Oe),705,477,False,0.2810333672477275,1.047920486964612,0.8462613143209042
composition_random,Coercivity (Oe),427,41,True,4.271841606536499,4.131626932161925,0.0842375725736752
composition_random,Coercivity (Oe),271,188,False,3.2327496863135416,3.349010425273545,0.2076597563089029
composition_random,Coercivity (Oe),1244,795,False,1.41161970596323,3.2082258794622,0.4562424658145089
composition_random,Coercivity (Oe),1352,847,True,2.4771212547196626,1.975465604865971,0.3953624749631121
composition_random,Coercivity (Oe),1252,799,False,3.903089986991944,2.9199874471557035,0.849664602414516
composition_random,Coercivity (Oe),251,180,False,3.3924524839268835,2.9938819284541056,0.7736249743517096
composition_random,Coercivity (Oe),1519,955,False,2.184691430817599,2.6244258482185057,0.6956478187150211
composition_random,Coercivity (Oe),1151,741,False,-1.154901959985743,-1.1357474276642296,0.190967254686004
composition_random,Coercivity (Oe),352,15,True,3.34706057157743,3.4047902549856808,0.0816938211623742
composition_random,Coercivity (Oe),1470,922,False,1.0,2.468945069751492,0.889724748576632
composition_random,Coercivity (Oe),499,343,False,2.4771212547196626,2.724535482077848,0.5349817207018556
composition_random,Coercivity (Oe),484,120,True,3.4471580313422194,3.8197633206035566,0.1270039840972624
composition_random,Coercivity (Oe),815,550,False,0.143014800254095,1.902929888684475,0.4638666655382886
composition_random,Coercivity (Oe),798,539,False,2.069779060881514,1.9975717266226345,0.4612428870553814
composition_random,Coercivity (Oe),1439,322,True,2.3010299956639813,2.30666695730753,0.1182393073883299
composition_random,Coercivity (Oe),992,649,True,-0.5376020021010439,-0.6635329728224331,0.4911520503279333
composition_random,Coercivity (Oe),921,610,False,2.798650645445269,2.348560409226549,1.0004459099310423
composition_random,Coercivity (Oe),171,125,True,2.342422680822206,2.0371036650953527,0.1806056980395388
composition_random,Coercivity (Oe),1128,728,False,2.38250332421115,3.0736962268708226,0.5871228539997192
composition_random,Coercivity (Oe),1006,662,False,1.845098040014257,2.332516750392754,0.4092000362650587
composition_random,Coercivity (Oe),823,307,True,2.599883072073688,3.209532927925596,0.2601687401850263
composition_random,Coercivity (Oe),333,235,False,3.001300933020418,1.5806602863443615,0.5037984592483509
composition_random,Coercivity (Oe),1546,971,False,2.3010299956639813,3.4258142150348245,0.8428717890165739
composition_random,Coercivity (Oe),1665,1026,False,0.3010299956639812,2.8488942410562674,0.664191898763792
composition_random,Coercivity (Oe),1406,880,False,2.505149978319906,2.855948093376353,0.8087065220567746
composition_random,Coercivity (Oe),826,307,True,2.561101383649056,3.209532927925596,0.2601687401850263
composition_random,Coercivity (Oe),969,632,False,-1.0969100130080565,-1.019147612370926,0.1537814591470589
composition_random,Coercivity (Oe),1340,839,False,3.3010299956639813,2.8803251572176087,0.7433675992089129
composition_random,Coercivity (Oe),1455,779,True,1.8750612633917,2.256706413763483,0.1228414372918126
composition_random,Coercivity (Oe),1307,792,True,1.1139433523068367,1.6333054577742678,0.3235176986699148
composition_random,Coercivity (Oe),176,112,True,2.9907826918031377,2.8512163053774424,0.1647309367527109
composition_random,Coercivity (Oe),586,400,True,3.080914958856625,3.1615197540963,0.3742625969621256
composition_random,Coercivity (Oe),487,334,False,4.0,3.8197633206035566,0.1270039840972624
composition_random,Coercivity (Oe),950,622,False,1.8525409857697988,1.8757127686016009,0.4183452659231836
composition_random,Coercivity (Oe),726,487,False,4.845098040014257,2.7425079869183646,0.9917191134112642
composition_random,Coercivity (Oe),412,287,False,2.178401341533755,0.8659457750298616,1.7011324639274796
composition_random,Coercivity (Oe),824,307,True,2.5352941200427703,3.209532927925596,0.2601687401850263
composition_random,Coercivity (Oe),788,535,False,3.744840396785379,3.696425666192936,0.5682206028820772
composition_random,Coercivity (Oe),199,146,False,3.740683948559653,3.5381673107804086,0.6918233680143042
composition_random,Coercivity (Oe),16,10,False,4.206015876763344,3.671421343422554,0.787562006111854
composition_random,Coercivity (Oe),266,185,False,3.662757831681574,3.266270064314929,0.4320312178488715
composition_random,Coercivity (Oe),1167,665,True,1.6989700043360187,2.3862272733796983,0.1740911978935207
composition_random,Coercivity (Oe),631,15,True,3.391957848245589,3.4047902549856808,0.0816938211623742
composition_random,Coercivity (Oe),749,316,False,4.275426536741639,3.799231008292404,0.7695371968152923
composition_random,Coercivity (Oe),1353,848,True,1.9030899869919435,1.8847619802047004,0.6609964462654293
composition_random,Coercivity (Oe),673,21,True,3.5464192668351915,2.8749571160487117,0.6483930366993708
composition_random,Coercivity (Oe),1158,746,False,1.905364068766892,2.643566156543601,0.7705260991298007
composition_random,Coercivity (Oe),683,459,False,2.983039616046102,2.8985014367859434,0.469730609676554
composition_random,Coercivity (Oe),1416,883,False,1.9020028913507292,1.705717389253203,0.5281002937715045
composition_random,Coercivity (Oe),200,147,False,3.0791812460476247,2.779367682467811,0.8447453354989595
composition_random,Coercivity (Oe),665,1,True,2.5599066250361124,3.356074323003318,0.0730716173436247
composition_random,Coercivity (Oe),593,406,False,1.6232492903979006,1.8358702445712007,0.6453783639334385
composition_random,Coercivity (Oe),956,623,False,1.7708520116421442,1.5762175388852606,0.8459398464280701
composition_random,Coercivity (Oe),375,261,False,2.4149733479708178,2.2083495277048115,0.9766277565491696
composition_random,Coercivity (Oe),871,571,False,-0.0087739243075051,2.2226202456459685,0.8728241846753527
composition_random,Coercivity (Oe),636,429,False,2.92813970687512,2.7187135856168383,1.0263066348111392
composition_random,Coercivity (Oe),1091,704,False,1.5922878159521308,2.306073285921196,0.8281205648660392
composition_random,Coercivity (Oe),1246,797,False,3.27415784926368,2.876412611299084,1.0854284451742449
composition_random,Coercivity (Oe),982,112,True,4.042181594515767,2.8512163053774424,0.1647309367527109
composition_random,Coercivity (Oe),1720,485,True,3.7323937598229686,2.953302972618475,0.3816437468958046
composition_random,Coercivity (Oe),1461,847,True,2.785329835010767,1.975465604865971,0.3953624749631121
composition_random,Coercivity (Oe),57,46,False,2.8273692730538253,3.490619410621804,0.306756560068632
composition_random,Coercivity (Oe),1712,1047,False,3.397940008672037,2.928071988556837,0.7590457324414203
composition_random,Coercivity (Oe),545,376,False,-0.1611509092627447,0.1877063681297742,1.277449978567612
composition_random,Coercivity (Oe),44,34,False,2.140602308020332,3.105344519935308,0.7675342827727686
composition_random,Coercivity (Oe),101,80,False,2.3010299956639813,3.267756513418343,1.0440014944164724
composition_random,Coercivity (Oe),275,192,False,3.0,3.987791882490308,0.1269902087551069
composition_random,Coercivity (Oe),1204,513,False,3.2174839442139063,1.3369691753569146,0.8245348960574197
composition_random,Coercivity (Oe),102,81,False,3.716210419319737,3.667741028343386,0.3456801520707764
composition_random,Coercivity (Oe),1270,120,True,3.690196080028514,3.8197633206035566,0.1270039840972624
composition_random,Coercivity (Oe),108,3,True,4.501059262217751,4.050753180191948,0.0826580542848863
composition_random,Coercivity (Oe),1714,1049,False,2.6989700043360187,2.564069208317311,0.3207779318350359
composition_random,Coercivity (Oe),1716,996,True,3.230448921378274,3.491482814709284,0.3108224562713615
composition_random,Coercivity (Oe),1315,825,True,3.77315135523975,3.591386960734358,0.5303563462241052
composition_random,Coercivity (Oe),1591,387,True,3.2453374341242096,3.17991409714184,0.1819723421136711
composition_random,Coercivity (Oe),569,392,True,1.9469432706978251,1.230522720219987,0.3040157994146172
composition_random,Coercivity (Oe),1188,195,True,3.2174839442139063,3.742855834461696,0.4279558002024988
composition_random,Coercivity (Oe),922,611,False,2.7596678446896306,2.1074430921506706,1.0447838206164457
composition_random,Coercivity (Oe),904,594,False,3.124514006131383,2.4998841154077964,1.3009343769799055
composition_random,Coercivity (Oe),1121,722,False,2.514547752660286,2.450390519504292,0.2948528885200992
composition_random,Coercivity (Oe),129,98,True,3.381163834526263,2.9072487447518496,1.063508983988113
composition_grouped,Curie(TC) (K),4,2,False,723.0,705.6392211914062,
composition_grouped,Curie(TC) (K),5,3,False,743.0,743.0784301757812,
composition_grouped,Curie(TC) (K),6,3,False,743.0,743.0784301757812,
composition_grouped,Curie(TC) (K),16,10,False,561.0,384.82470703125,
composition_grouped,Curie(TC) (K),18,12,False,647.15,627.6632690429688,
composition_grouped,Curie(TC) (K),32,23,False,562.15,584.9066772460938,
composition_grouped,Curie(TC) (K),34,25,False,566.15,581.7402954101562,
composition_grouped,Curie(TC) (K),39,30,False,473.0,476.00885009765625,
composition_grouped,Curie(TC) (K),40,31,False,465.15,670.5557250976562,
composition_grouped,Curie(TC) (K),49,39,False,700.0,651.1415405273438,
composition_grouped,Curie(TC) (K),55,44,False,598.15,1241.708740234375,
composition_grouped,Curie(TC) (K),61,49,False,612.1,752.91015625,
composition_grouped,Curie(TC) (K),62,49,False,706.8,752.91015625,
composition_grouped,Curie(TC) (K),63,49,False,717.4,752.91015625,
composition_grouped,Curie(TC) (K),71,54,False,798.15,780.7698974609375,
composition_grouped,Curie(TC) (K),72,55,False,690.0,772.515625,
composition_grouped,Curie(TC) (K),75,58,False,605.0,490.2452392578125,
composition_grouped,Curie(TC) (K),76,59,False,580.0,557.8925170898438,
composition_grouped,Curie(TC) (K),81,63,False,643.0,538.7488403320312,
composition_grouped,Curie(TC) (K),85,2,False,725.0,705.6392211914062,
composition_grouped,Curie(TC) (K),86,66,False,710.0,677.8378295898438,
composition_grouped,Curie(TC) (K),87,67,False,436.0,564.0625610351562,
composition_grouped,Curie(TC) (K),90,70,False,697.15,687.3231201171875,
composition_grouped,Curie(TC) (K),92,72,False,653.15,655.2916259765625,
composition_grouped,Curie(TC) (K),96,76,False,22.0,322.7899475097656,
composition_grouped,Curie(TC) (K),98,78,False,497.15,569.3740234375,
composition_grouped,Curie(TC) (K),99,3,False,743.15,743.0784301757812,
composition_grouped,Curie(TC) (K),107,83,False,509.15,452.380615234375,
composition_grouped,Curie(TC) (K),108,3,False,749.15,743.0784301757812,
composition_grouped,Curie(TC) (K),111,86,False,622.75,590.9092407226562,
composition_grouped,Curie(TC) (K),113,88,False,607.65,571.1156005859375,
composition_grouped,Curie(TC) (K),127,96,False,740.0,432.2682495117188,
composition_grouped,Curie(TC) (K),132,3,False,747.15,743.0784301757812,
composition_grouped,Curie(TC) (K),133,100,False,525.0,651.6397094726562,
composition_grouped,Curie(TC) (K),135,101,False,1173.0,895.22998046875,
composition_grouped,Curie(TC) (K),144,101,False,1123.15,895.22998046875,
composition_grouped,Curie(TC) (K),145,106,False,540.0,568.8649291992188,
composition_grouped,Curie(TC) (K),146,107,False,409.1,480.6971740722656,
composition_grouped,Curie(TC) (K),148,109,False,476.0,498.6717834472656,
composition_grouped,Curie(TC) (K),152,3,False,740.0,743.0784301757812,
composition_grouped,Curie(TC) (K),154,113,False,473.15,395.1405944824219,
composition_grouped,Curie(TC) (K),162,120,False,618.15,369.0918884277344,
composition_grouped,Curie(TC) (K),168,44,False,849.15,1241.708740234375,
composition_grouped,Curie(TC) (K),186,136,False,695.0,613.1764526367188,
composition_grouped,Curie(TC) (K),190,139,False,443.15,401.5797119140625,
composition_grouped,Curie(TC) (K),192,139,False,448.15,401.5797119140625,
composition_grouped,Curie(TC) (K),193,120,False,633.0,369.0918884277344,
composition_grouped,Curie(TC) (K),194,141,False,585.15,522.2662353515625,
composition_grouped,Curie(TC) (K),209,3,False,723.15,743.0784301757812,
composition_grouped,Curie(TC) (K),213,158,False,695.0,705.6392211914062,
composition_grouped,Curie(TC) (K),217,120,False,630.0,369.0918884277344,
composition_grouped,Curie(TC) (K),218,3,False,743.15,743.0784301757812,
composition_grouped,Curie(TC) (K),228,168,False,1130.0,190.53468322753903,
composition_grouped,Curie(TC) (K),233,101,False,1150.0,895.22998046875,
composition_grouped,Curie(TC) (K),236,174,False,980.0,541.781494140625,
composition_grouped,Curie(TC) (K),243,178,False,695.0,714.8753051757812,
composition_grouped,Curie(TC) (K),254,2,False,996.15,705.6392211914062,
composition_grouped,Curie(TC) (K),255,2,False,996.15,705.6392211914062,
composition_grouped,Curie(TC) (K),256,2,False,996.15,705.6392211914062,
composition_grouped,Curie(TC) (K),257,2,False,996.15,705.6392211914062,
composition_grouped,Curie(TC) (K),258,2,False,996.15,705.6392211914062,
composition_grouped,Curie(TC) (K),259,2,False,996.15,705.6392211914062,
composition_grouped,Curie(TC) (K),264,184,False,773.15,734.6638793945312,
composition_grouped,Curie(TC) (K),265,66,False,773.15,677.8378295898438,
composition_grouped,Curie(TC) (K),275,192,False,750.0,734.6292724609375,
composition_grouped,Curie(TC) (K),285,120,False,630.0,369.0918884277344,
composition_grouped,Curie(TC) (K),289,198,False,584.15,598.5975952148438,
composition_grouped,Curie(TC) (K),290,199,False,560.0,614.41064453125,
composition_grouped,Curie(TC) (K),299,208,False,723.15,802.4681396484375,
composition_grouped,Curie(TC) (K),301,210,False,603.15,551.3173217773438,
composition_grouped,Curie(TC) (K),302,3,False,1073.0,743.0784301757812,
composition_grouped,Curie(TC) (K),306,213,False,732.0,716.2054443359375,
composition_grouped,Curie(TC) (K),308,215,False,650.0,664.5291137695312,
composition_grouped,Curie(TC) (K),311,218,False,650.0,656.19580078125,
composition_grouped,Curie(TC) (K),341,237,False,750.15,759.6402587890625,
composition_grouped,Curie(TC) (K),348,3,False,748.15,743.0784301757812,
composition_grouped,Curie(TC) (K),355,244,False,708.15,701.095947265625,
composition_grouped,Curie(TC) (K),358,247,False,605.0,624.8853759765625,
composition_grouped,Curie(TC) (K),359,247,False,765.0,624.8853759765625,
composition_grouped,Curie(TC) (K),370,256,False,546.0,601.3938598632812,
composition_grouped,Curie(TC) (K),374,260,False,518.0,596.867919921875,
composition_grouped,Curie(TC) (K),392,273,False,887.9,601.3971557617188,
composition_grouped,Curie(TC) (K),393,2,False,723.15,705.6392211914062,
composition_grouped,Curie(TC) (K),395,275,False,704.15,705.6392211914062,
composition_grouped,Curie(TC) (K),397,277,False,625.15,698.329345703125,
composition_grouped,Curie(TC) (K),400,280,False,587.15,605.4424438476562,
composition_grouped,Curie(TC) (K),411,286,False,750.15,615.3430786132812,
composition_grouped,Curie(TC) (K),414,289,False,717.0,381.4627075195313,
composition_grouped,Curie(TC) (K),419,294,False,350.0,559.66015625,
composition_grouped,Curie(TC) (K),421,296,False,480.0,553.452880859375,
composition_grouped,Curie(TC) (K),437,306,False,1178.15,885.479736328125,
composition_grouped,Curie(TC) (K),439,307,False,723.0,667.3778076171875,
composition_grouped,Curie(TC) (K),440,307,False,723.0,667.3778076171875,
composition_grouped,Curie(TC) (K),441,307,False,723.0,667.3778076171875,
composition_grouped,Curie(TC) (K),442,307,False,723.0,667.3778076171875,
composition_grouped,Curie(TC) (K),444,3,False,750.15,743.0784301757812,
composition_grouped,Curie(TC) (K),445,308,False,573.15,501.0382690429688,
composition_grouped,Curie(TC) (K),446,309,False,573.15,640.99853515625,
composition_grouped,Curie(TC) (K),447,120,False,628.0,369.0918884277344,
composition_grouped,Curie(TC) (K),457,318,False,492.47,511.9523620605469,
composition_grouped,Curie(TC) (K),458,319,False,466.56,584.3598022460938,
composition_grouped,Curie(TC) (K),468,323,False,758.0,676.0499877929688,
composition_grouped,Curie(TC) (K),474,327,False,541.15,621.613525390625,
composition_grouped,Curie(TC) (K),475,328,False,610.15,627.8267822265625,
composition_grouped,Curie(TC) (K),476,215,False,650.15,664.5291137695312,
composition_grouped,Curie(TC) (K),480,331,False,637.15,605.0603637695312,
composition_grouped,Curie(TC) (K),481,332,False,608.15,605.0603637695312,
composition_grouped,Curie(TC) (K),484,120,False,633.15,369.0918884277344,
composition_grouped,Curie(TC) (K),485,333,False,595.0,579.0589599609375,
composition_grouped,Curie(TC) (K),486,120,False,530.0,369.0918884277344,
composition_grouped,Curie(TC) (K),487,334,False,625.0,373.2480773925781,
composition_grouped,Curie(TC) (K),496,120,False,530.15,369.0918884277344,
composition_grouped,Curie(TC) (K),502,346,False,240.0,356.2840881347656,
composition_grouped,Curie(TC) (K),506,350,False,255.0,243.2852935791016,
composition_grouped,Curie(TC) (K),507,351,False,658.0,589.3318481445312,
composition_grouped,Curie(TC) (K),508,352,False,663.0,589.3318481445312,
composition_grouped,Curie(TC) (K),509,2,False,728.0,705.6392211914062,
composition_grouped,Curie(TC) (K),514,355,False,304.3,406.4743957519531,
composition_grouped,Curie(TC) (K),515,355,False,318.9,406.4743957519531,
composition_grouped,Curie(TC) (K),516,355,False,357.6,406.4743957519531,
composition_grouped,Curie(TC) (K),517,355,False,359.3,406.4743957519531,
composition_grouped,Curie(TC) (K),524,359,False,933.15,824.7427978515625,
composition_grouped,Curie(TC) (K),529,362,False,915.0,884.04296875,
composition_grouped,Curie(TC) (K),533,365,False,480.0,670.0670776367188,
composition_grouped,Curie(TC) (K),538,370,False,488.0,584.103515625,
composition_grouped,Curie(TC) (K),539,371,False,548.0,584.103515625,
composition_grouped,Curie(TC) (K),556,381,False,744.15,699.3191528320312,
composition_grouped,Curie(TC) (K),563,388,False,576.15,588.743896484375,
composition_grouped,Curie(TC) (K),581,30,False,473.15,476.00885009765625,
composition_grouped,Curie(TC) (K),583,398,False,793.0,652.93408203125,
composition_grouped,Curie(TC) (K),591,404,False,568.15,639.5349731445312,
composition_grouped,Curie(TC) (K),592,405,False,370.0,437.8806457519531,
composition_grouped,Curie(TC) (K),597,408,False,781.15,679.5563354492188,
composition_grouped,Curie(TC) (K),598,409,False,780.15,701.7445068359375,
composition_grouped,Curie(TC) (K),600,411,False,772.15,697.90283203125,
composition_grouped,Curie(TC) (K),627,425,False,516.0,636.1773681640625,
composition_grouped,Curie(TC) (K),632,428,False,766.27,727.8388061523438,
composition_grouped,Curie(TC) (K),636,429,False,731.0,601.1283569335938,
composition_grouped,Curie(TC) (K),637,430,False,783.0,277.8236694335937,
composition_grouped,Curie(TC) (K),638,430,False,718.0,277.8236694335937,
composition_grouped,Curie(TC) (K),645,436,False,583.15,373.5885009765625,
composition_grouped,Curie(TC) (K),654,440,False,743.15,743.0784301757812,
composition_grouped,Curie(TC) (K),658,442,False,793.0,695.6436767578125,
composition_grouped,Curie(TC) (K),663,447,False,589.15,659.2371215820312,
composition_grouped,Curie(TC) (K),671,449,False,12.0,488.9183349609375,
composition_grouped,Curie(TC) (K),675,451,False,500.0,475.113037109375,
composition_grouped,Curie(TC) (K),681,457,False,423.0,374.2653503417969,
composition_grouped,Curie(TC) (K),687,3,False,748.0,743.0784301757812,
composition_grouped,Curie(TC) (K),688,428,False,735.0,727.8388061523438,
composition_grouped,Curie(TC) (K),691,465,False,39.0,168.49188232421875,
composition_grouped,Curie(TC) (K),693,467,False,1199.0,1021.7876586914062,
composition_grouped,Curie(TC) (K),705,477,False,666.0,643.2884521484375,
composition_grouped,Curie(TC) (K),710,481,False,678.15,564.496826171875,
composition_grouped,Curie(TC) (K),712,482,False,662.15,488.25775146484375,
composition_grouped,Curie(TC) (K),713,30,False,640.15,476.00885009765625,
composition_grouped,Curie(TC) (K),721,485,False,225.0,190.2887115478516,
composition_grouped,Curie(TC) (K),730,3,False,750.0,743.0784301757812,
composition_grouped,Curie(TC) (K),739,2,False,741.18,705.6392211914062,
composition_grouped,Curie(TC) (K),744,499,False,773.0,698.9635620117188,
composition_grouped,Curie(TC) (K),745,499,False,773.0,698.9635620117188,
composition_grouped,Curie(TC) (K),746,499,False,773.0,698.9635620117188,
composition_grouped,Curie(TC) (K),747,499,False,773.0,698.9635620117188,
composition_grouped,Curie(TC) (K),748,499,False,773.0,698.9635620117188,
composition_grouped,Curie(TC) (K),751,501,False,491.0,516.6029663085938,
composition_grouped,Curie(TC) (K),754,504,False,474.0,557.4270629882812,
composition_grouped,Curie(TC) (K),757,506,False,396.0,180.18052673339844,
composition_grouped,Curie(TC) (K),758,507,False,329.0,163.6140594482422,
composition_grouped,Curie(TC) (K),769,518,False,710.0,483.8989868164063,
composition_grouped,Curie(TC) (K),775,522,False,470.0,347.779296875,
composition_grouped,Curie(TC) (K),781,528,False,630.0,629.330810546875,
composition_grouped,Curie(TC) (K),782,529,False,630.0,629.330810546875,
composition_grouped,Curie(TC) (K),789,536,False,288.0,303.7262268066406,
composition_grouped,Curie(TC) (K),802,543,False,510.15,533.8759155273438,
composition_grouped,Curie(TC) (K),814,549,False,601.0,597.5863037109375,
composition_grouped,Curie(TC) (K),817,551,False,816.5,715.1723022460938,
composition_grouped,Curie(TC) (K),822,307,False,728.15,667.3778076171875,
composition_grouped,Curie(TC) (K),823,307,False,729.15,667.3778076171875,
composition_grouped,Curie(TC) (K),824,307,False,728.15,667.3778076171875,
composition_grouped,Curie(TC) (K),825,307,False,727.15,667.3778076171875,
composition_grouped,Curie(TC) (K),826,307,False,725.15,667.3778076171875,
composition_grouped,Curie(TC) (K),827,307,False,724.15,667.3778076171875,
composition_grouped,Curie(TC) (K),830,554,False,695.0,597.1884765625,
composition_grouped,Curie(TC) (K),847,557,False,518.15,534.5339965820312,
composition_grouped,Curie(TC) (K),848,557,False,518.15,534.5339965820312,
composition_grouped,Curie(TC) (K),849,558,False,589.15,4.000751972198486,
composition_grouped,Curie(TC) (K),872,572,False,580.0,713.4335327148438,
composition_grouped,Curie(TC) (K),876,2,False,540.0,705.6392211914062,
composition_grouped,Curie(TC) (K),877,575,False,622.15,587.5413208007812,
composition_grouped,Curie(TC) (K),878,576,False,671.15,607.1463623046875,
composition_grouped,Curie(TC) (K),884,578,False,373.0,567.9655151367188,
composition_grouped,Curie(TC) (K),890,583,False,956.0,702.2020263671875,
composition_grouped,Curie(TC) (K),898,589,False,373.0,415.4024658203125,
composition_grouped,Curie(TC) (K),899,590,False,664.0,593.4397583007812,
composition_grouped,Curie(TC) (K),901,3,False,746.0,743.0784301757812,
composition_grouped,Curie(TC) (K),904,594,False,563.0,844.9601440429688,
composition_grouped,Curie(TC) (K),951,30,False,790.0,476.00885009765625,
composition_grouped,Curie(TC) (K),952,30,False,790.0,476.00885009765625,
composition_grouped,Curie(TC) (K),953,30,False,790.0,476.00885009765625,
composition_grouped,Curie(TC) (K),954,30,False,790.0,476.00885009765625,
composition_grouped,Curie(TC) (K),955,30,False,790.0,476.00885009765625,
composition_grouped,Curie(TC) (K),960,626,False,770.0,467.2361755371094,
composition_grouped,Curie(TC) (K),962,628,False,1060.0,988.53955078125,
composition_grouped,Curie(TC) (K),986,3,False,748.15,743.0784301757812,
composition_grouped,Curie(TC) (K),990,649,False,745.15,584.6914672851562,
composition_grouped,Curie(TC) (K),991,649,False,748.15,584.6914672851562,
composition_grouped,Curie(TC) (K),992,649,False,748.15,584.6914672851562,
composition_grouped,Curie(TC) (K),993,650,False,556.15,591.4805908203125,
composition_grouped,Curie(TC) (K),996,652,False,541.55,550.4277954101562,
composition_grouped,Curie(TC) (K),1001,657,False,892.15,727.8388061523438,
composition_grouped,Curie(TC) (K),1006,662,False,796.15,743.5745239257812,
composition_grouped,Curie(TC) (K),1013,665,False,375.0,316.60333251953125,
composition_grouped,Curie(TC) (K),1019,667,False,1126.0,1121.32666015625,
composition_grouped,Curie(TC) (K),1022,113,False,723.15,395.1405944824219,
composition_grouped,Curie(TC) (K),1031,44,False,583.15,1241.708740234375,
composition_grouped,Curie(TC) (K),1037,675,False,793.0,731.8557739257812,
composition_grouped,Curie(TC) (K),1038,675,False,793.0,731.8557739257812,
composition_grouped,Curie(TC) (K),1043,679,False,723.15,645.6640014648438,
composition_grouped,Curie(TC) (K),1046,682,False,506.15,530.304931640625,
composition_grouped,Curie(TC) (K),1052,684,False,691.0,652.0416259765625,
composition_grouped,Curie(TC) (K),1056,688,False,160.0,192.0207061767578,
composition_grouped,Curie(TC) (K),1060,692,False,538.15,320.0228881835937,
composition_grouped,Curie(TC) (K),1067,695,False,693.15,677.4224853515625,
composition_grouped,Curie(TC) (K),1085,2,False,724.0,705.6392211914062,
composition_grouped,Curie(TC) (K),1086,2,False,689.0,705.6392211914062,
composition_grouped,Curie(TC) (K),1087,2,False,667.0,705.6392211914062,
composition_grouped,Curie(TC) (K),1088,2,False,645.0,705.6392211914062,
composition_grouped,Curie(TC) (K),1089,2,False,625.0,705.6392211914062,
composition_grouped,Curie(TC) (K),1090,2,False,606.0,705.6392211914062,
composition_grouped,Curie(TC) (K),1094,66,False,673.15,677.8378295898438,
composition_grouped,Curie(TC) (K),1095,66,False,673.15,677.8378295898438,
composition_grouped,Curie(TC) (K),1096,657,False,730.0,727.8388061523438,
composition_grouped,Curie(TC) (K),1097,706,False,700.0,727.8388061523438,
composition_grouped,Curie(TC) (K),1099,708,False,655.0,716.2576293945312,
composition_grouped,Curie(TC) (K),1103,712,False,436.0,497.5298156738281,
composition_grouped,Curie(TC) (K),1104,3,False,749.0,743.0784301757812,
composition_grouped,Curie(TC) (K),1106,657,False,722.15,727.8388061523438,
composition_grouped,Curie(TC) (K),1107,2,False,725.0,705.6392211914062,
composition_grouped,Curie(TC) (K),1108,66,False,728.0,677.8378295898438,
composition_grouped,Curie(TC) (K),1134,734,False,687.15,695.9189453125,
composition_grouped,Curie(TC) (K),1135,30,False,798.15,476.00885009765625,
composition_grouped,Curie(TC) (K),1136,30,False,708.15,476.00885009765625,
composition_grouped,Curie(TC) (K),1140,30,False,450.0,476.00885009765625,
composition_grouped,Curie(TC) (K),1141,737,False,745.05,645.5372314453125,
composition_grouped,Curie(TC) (K),1150,740,False,621.0,623.0198974609375,
composition_grouped,Curie(TC) (K),1151,741,False,609.0,617.6129760742188,
composition_grouped,Curie(TC) (K),1153,743,False,565.0,617.25244140625,
composition_grouped,Curie(TC) (K),1166,753,False,523.0,575.645751953125,
composition_grouped,Curie(TC) (K),1167,665,False,370.0,316.60333251953125,
composition_grouped,Curie(TC) (K),1168,754,False,332.0,280.2496643066406,
composition_grouped,Curie(TC) (K),1171,756,False,400.0,596.1480712890625,
composition_grouped,Curie(TC) (K),1175,759,False,428.0,430.7985229492188,
composition_grouped,Curie(TC) (K),1179,761,False,822.0,820.8709716796875,
composition_grouped,Curie(TC) (K),1185,695,False,683.0,677.4224853515625,
composition_grouped,Curie(TC) (K),1206,777,False,365.0,220.58253479003903,
composition_grouped,Curie(TC) (K),1212,781,False,300.0,349.44677734375,
composition_grouped,Curie(TC) (K),1214,782,False,710.0,635.9827880859375,
composition_grouped,Curie(TC) (K),1216,2,False,730.0,705.6392211914062,
composition_grouped,Curie(TC) (K),1217,783,False,363.0,990.5457153320312,
composition_grouped,Curie(TC) (K),1231,789,False,64.0,272.1000671386719,
composition_grouped,Curie(TC) (K),1232,790,False,370.0,374.0539855957031,
composition_grouped,Curie(TC) (K),1233,790,False,370.0,374.0539855957031,
composition_grouped,Curie(TC) (K),1234,790,False,370.0,374.0539855957031,
composition_grouped,Curie(TC) (K),1235,790,False,370.0,374.0539855957031,
composition_grouped,Curie(TC) (K),1237,792,False,767.0,646.9125366210938,
composition_grouped,Curie(TC) (K),1238,120,False,633.0,369.0918884277344,
composition_grouped,Curie(TC) (K),1242,790,False,123.0,374.0539855957031,
composition_grouped,Curie(TC) (K),1247,798,False,658.15,683.973876953125,
composition_grouped,Curie(TC) (K),1248,798,False,658.15,683.973876953125,
composition_grouped,Curie(TC) (K),1250,30,False,350.0,476.00885009765625,
composition_grouped,Curie(TC) (K),1257,801,False,620.0,772.515625,
composition_grouped,Curie(TC) (K),1260,790,False,360.0,374.0539855957031,
composition_grouped,Curie(TC) (K),1261,790,False,360.0,374.0539855957031,
composition_grouped,Curie(TC) (K),1269,120,False,628.0,369.0918884277344,
composition_grouped,Curie(TC) (K),1270,120,False,628.0,369.0918884277344,
composition_grouped,Curie(TC) (K),1273,809,False,780.0,321.52557373046875,
composition_grouped,Curie(TC) (K),1275,810,False,215.0,253.8033447265625,
composition_grouped,Curie(TC) (K),1291,44,False,175.0,1241.708740234375,
composition_grouped,Curie(TC) (K),1294,816,False,423.15,508.3675231933594,
composition_grouped,Curie(TC) (K),1295,816,False,423.15,508.3675231933594,
composition_grouped,Curie(TC) (K),1306,792,False,761.0,646.9125366210938,
composition_grouped,Curie(TC) (K),1307,792,False,761.0,646.9125366210938,
composition_grouped,Curie(TC) (K),1309,824,False,400.0,593.3358764648438,
composition_grouped,Curie(TC) (K),1324,792,False,763.15,646.9125366210938,
composition_grouped,Curie(TC) (K),1327,44,False,928.0,1241.708740234375,
composition_grouped,Curie(TC) (K),1342,841,False,350.0,354.8673400878906,
composition_grouped,Curie(TC) (K),1349,845,False,400.0,542.3541259765625,
composition_grouped,Curie(TC) (K),1351,789,False,30.0,272.1000671386719,
composition_grouped,Curie(TC) (K),1354,665,False,360.0,316.60333251953125,
composition_grouped,Curie(TC) (K),1372,665,False,288.0,316.60333251953125,
composition_grouped,Curie(TC) (K),1375,790,False,350.0,374.0539855957031,
composition_grouped,Curie(TC) (K),1379,792,False,767.0,646.9125366210938,
composition_grouped,Curie(TC) (K),1383,628,False,981.0,988.53955078125,
composition_grouped,Curie(TC) (K),1384,867,False,952.0,962.1026000976562,
composition_grouped,Curie(TC) (K),1386,869,False,864.0,786.7406005859375,
composition_grouped,Curie(TC) (K),1393,872,False,28.0,177.8773651123047,
composition_grouped,Curie(TC) (K),1394,665,False,350.0,316.60333251953125,
composition_grouped,Curie(TC) (K),1396,873,False,328.0,232.12478637695312,
composition_grouped,Curie(TC) (K),1400,875,False,150.0,241.5598907470703,
composition_grouped,Curie(TC) (K),1405,879,False,47.9,295.1334533691406,
composition_grouped,Curie(TC) (K),1407,810,False,200.0,253.8033447265625,
composition_grouped,Curie(TC) (K),1408,875,False,150.0,241.5598907470703,
composition_grouped,Curie(TC) (K),1409,875,False,150.0,241.5598907470703,
composition_grouped,Curie(TC) (K),1419,886,False,1000.0,1003.8401489257812,
composition_grouped,Curie(TC) (K),1420,887,False,130.0,237.14743041992188,
composition_grouped,Curie(TC) (K),1428,810,False,260.0,253.8033447265625,
composition_grouped,Curie(TC) (K),1429,895,False,8.7,130.00950622558594,
composition_grouped,Curie(TC) (K),1430,896,False,80.0,489.0393676757813,
composition_grouped,Curie(TC) (K),1432,845,False,404.0,542.3541259765625,
composition_grouped,Curie(TC) (K),1437,900,False,160.0,148.30479431152344,
composition_grouped,Curie(TC) (K),1442,904,False,16.0,579.2623901367188,
composition_grouped,Curie(TC) (K),1459,916,False,204.0,581.4797973632812,
composition_grouped,Curie(TC) (K),1476,925,False,625.0,779.456298828125,
composition_grouped,Curie(TC) (K),1503,44,False,1388.0,1241.708740234375,
composition_grouped,Curie(TC) (K),1505,946,False,215.5,227.30026245117188,
composition_grouped,Curie(TC) (K),1507,948,False,166.2,218.08169555664065,
composition_grouped,Curie(TC) (K),1515,952,False,9.7,147.5929718017578,
composition_grouped,Curie(TC) (K),1518,954,False,541.0,589.3318481445312,
composition_grouped,Curie(TC) (K),1531,960,False,930.0,100.32996368408205,
composition_grouped,Curie(TC) (K),1539,964,False,119.0,414.67236328125,
composition_grouped,Curie(TC) (K),1542,967,False,707.0,745.8300170898438,
composition_grouped,Curie(TC) (K),1550,974,False,278.0,420.8655090332031,
composition_grouped,Curie(TC) (K),1552,976,False,290.0,543.2471923828125,
composition_grouped,Curie(TC) (K),1555,845,False,415.0,542.3541259765625,
composition_grouped,Curie(TC) (K),1556,845,False,470.0,542.3541259765625,
composition_grouped,Curie(TC) (K),1557,845,False,520.0,542.3541259765625,
composition_grouped,Curie(TC) (K),1558,845,False,570.0,542.3541259765625,
composition_grouped,Curie(TC) (K),1559,978,False,830.0,555.0492553710938,
composition_grouped,Curie(TC) (K),1567,981,False,10.6,263.58709716796875,
composition_grouped,Curie(TC) (K),1572,120,False,628.0,369.0918884277344,
composition_grouped,Curie(TC) (K),1580,792,False,761.0,646.9125366210938,
composition_grouped,Curie(TC) (K),1605,485,False,228.0,190.2887115478516,
composition_grouped,Curie(TC) (K),1606,485,False,226.0,190.2887115478516,
composition_grouped,Curie(TC) (K),1607,845,False,450.0,542.3541259765625,
composition_grouped,Curie(TC) (K),1608,1002,False,60.0,63.237606048583984,
composition_grouped,Curie(TC) (K),1634,790,False,255.0,374.0539855957031,
composition_grouped,Curie(TC) (K),1635,810,False,250.0,253.8033447265625,
composition_grouped,Curie(TC) (K),1636,810,False,230.0,253.8033447265625,
composition_grouped,Curie(TC) (K),1640,506,False,395.0,180.18052673339844,
composition_grouped,Curie(TC) (K),1642,960,False,365.0,100.32996368408205,
composition_grouped,Curie(TC) (K),1646,1016,False,120.0,84.6444091796875,
composition_grouped,Curie(TC) (K),1649,44,False,300.0,1241.708740234375,
composition_grouped,Curie(TC) (K),1655,789,False,68.0,272.1000671386719,
composition_grouped,Curie(TC) (K),1656,790,False,320.0,374.0539855957031,
composition_grouped,Curie(TC) (K),1661,1023,False,423.0,439.6009826660156,
composition_grouped,Curie(TC) (K),1669,1028,False,80.0,270.05767822265625,
composition_grouped,Curie(TC) (K),1674,665,False,290.5,316.60333251953125,
composition_grouped,Curie(TC) (K),1675,665,False,286.0,316.60333251953125,
composition_grouped,Curie(TC) (K),1676,1032,False,380.0,289.8819885253906,
composition_grouped,Curie(TC) (K),1682,1035,False,300.0,354.3505249023437,
composition_grouped,Curie(TC) (K),1685,790,False,200.0,374.0539855957031,
composition_grouped,Curie(TC) (K),1686,790,False,210.0,374.0539855957031,
composition_grouped,Curie(TC) (K),1720,485,False,228.0,190.2887115478516,
composition_grouped,Curie(TC) (K),1721,1052,False,711.0,76.75497436523438,
composition_grouped,Curie(TC) (K),1723,789,False,58.6,272.1000671386719,
composition_grouped,Curie(TC) (K),1724,1054,False,350.0,863.5888061523438,
composition_grouped,Curie(TC) (K),1729,44,False,18.6,1241.708740234375,
composition_grouped,Curie(TC) (K),1730,44,False,16.3,1241.708740234375,
composition_grouped,Curie(TC) (K),1735,1057,False,15.0,376.0923156738281,
composition_grouped,Coercivity (Oe),4,2,False,2.941511432634403,3.1271879302979007,0.4756656970515573
composition_grouped,Coercivity (Oe),5,3,False,3.612783856719736,4.037693932090513,0.2048326675984177
composition_grouped,Coercivity (Oe),6,3,False,4.012837224705172,4.037693932090513,0.2048326675984177
composition_grouped,Coercivity (Oe),16,10,False,4.206015876763344,3.583615361909899,0.8935321970688859
composition_grouped,Coercivity (Oe),18,12,False,-0.7695510786217261,-0.414348065476217,0.8079065470855759
composition_grouped,Coercivity (Oe),32,23,False,3.9395192526186182,3.902593812635616,0.1501511701949726
composition_grouped,Coercivity (Oe),34,25,False,3.6020599913279625,3.65216349709204,0.2254285800009706
composition_grouped,Coercivity (Oe),39,30,False,0.2741578492636798,1.45495113627172,0.6595996645406661
composition_grouped,Coercivity (Oe),40,31,False,3.681241237375587,3.3914796890794623,0.4141845536621894
composition_grouped,Coercivity (Oe),49,39,False,1.4229179807676624,2.903553670807278,0.8136046807015698
composition_grouped,Coercivity (Oe),55,44,False,-1.2218487496163564,2.666970647857675,0.6829849043373398
composition_grouped,Coercivity (Oe),61,49,False,3.9161137495997234,4.136828416866462,0.2070991047801166
composition_grouped,Coercivity (Oe),62,49,False,4.015137101461757,4.136828416866462,0.2070991047801166
composition_grouped,Coercivity (Oe),63,49,False,4.1095097022294444,4.136828416866462,0.2070991047801166
composition_grouped,Coercivity (Oe),71,54,False,3.214843848047698,2.776014329575813,1.5077019106581422
composition_grouped,Coercivity (Oe),72,55,False,4.176091259055681,3.8348916894148353,0.542816047985209
composition_grouped,Coercivity (Oe),75,58,False,1.3502480183341627,1.5451281072239162,0.5479125410242915
composition_grouped,Coercivity (Oe),76,59,False,1.639486489268586,1.674490513951291,0.3727849391775856
composition_grouped,Coercivity (Oe),81,63,False,4.107209969647869,4.105405431002392,0.2140300416198059
composition_grouped,Coercivity (Oe),85,2,False,3.703291378118661,3.1271879302979007,0.4756656970515573
composition_grouped,Coercivity (Oe),86,66,False,2.9542425094393248,2.0113989352882955,0.8640518428988041
composition_grouped,Coercivity (Oe),87,67,False,3.7437464455911926,3.520390825261682,0.6921788084858872
composition_grouped,Coercivity (Oe),90,70,False,3.4771212547196626,2.8881332540542224,0.6876677023379165
composition_grouped,Coercivity (Oe),92,72,False,4.701567985055927,3.7434734338072646,0.4996025095153721
composition_grouped,Coercivity (Oe),96,76,False,1.0,3.3425373528122986,0.9601721579224716
composition_grouped,Coercivity (Oe),98,78,False,3.380211241711606,3.200618239835225,1.336022439039939
composition_grouped,Coercivity (Oe),99,3,False,3.662757831681574,4.037693932090513,0.2048326675984177
composition_grouped,Coercivity (Oe),107,83,False,1.5247854493212225,3.2160494607800696,0.7478826860319137
composition_grouped,Coercivity (Oe),108,3,False,4.501059262217751,4.037693932090513,0.2048326675984177
composition_grouped,Coercivity (Oe),111,86,False,3.982271233039568,3.887389175889138,0.3177994884560713
composition_grouped,Coercivity (Oe),113,88,False,3.9956351945975497,3.6705710005333088,0.5559180650827875
composition_grouped,Coercivity (Oe),127,96,False,4.004321373782642,3.9165724394035233,0.4717504987894976
composition_grouped,Coercivity (Oe),132,3,False,3.93363051054507,4.037693932090513,0.2048326675984177
composition_grouped,Coercivity (Oe),133,100,False,3.6812729035270784,1.8822118413572884,2.049224064379339
composition_grouped,Coercivity (Oe),135,101,False,3.249658099106613,2.5763631085569862,0.68004813944753
composition_grouped,Coercivity (Oe),144,101,False,3.214843848047698,2.5763631085569862,0.68004813944753
composition_grouped,Coercivity (Oe),145,106,False,4.117271295655764,4.035952879367131,0.1811817218145834
composition_grouped,Coercivity (Oe),146,107,False,3.722458688843872,3.6186213044873017,0.5538217127515036
composition_grouped,Coercivity (Oe),148,109,False,-0.8860566476931632,0.5608565813488522,1.8784435845768832
composition_grouped,Coercivity (Oe),152,3,False,4.043692295012276,4.037693932090513,0.2048326675984177
composition_grouped,Coercivity (Oe),154,113,False,-0.619788758288394,0.705702982476267,0.8265640251170685
composition_grouped,Coercivity (Oe),162,120,False,3.663700925389648,3.497068356490526,0.7699189136394019
composition_grouped,Coercivity (Oe),168,44,False,2.550228353055094,2.666970647857675,0.6829849043373398
composition_grouped,Coercivity (Oe),186,136,False,3.886490725172482,3.7840635665880775,0.3918409791460654
composition_grouped,Coercivity (Oe),190,139,False,2.885361220031512,3.184015314881262,0.4132686166059461
composition_grouped,Coercivity (Oe),192,139,False,3.23401081758718,3.184015314881262,0.4132686166059461
composition_grouped,Coercivity (Oe),193,120,False,3.4818008095386106,3.497068356490526,0.7699189136394019
composition_grouped,Coercivity (Oe),194,141,False,4.362135126493338,4.165875298288893,0.2528605609926022
composition_grouped,Coercivity (Oe),209,3,False,4.1003705451175625,4.037693932090513,0.2048326675984177
composition_grouped,Coercivity (Oe),213,158,False,2.8857568810692675,3.1760085524865995,0.5184584168165912
composition_grouped,Coercivity (Oe),217,120,False,4.4609375135201335,3.497068356490526,0.7699189136394019
composition_grouped,Coercivity (Oe),218,3,False,4.143014800254095,4.037693932090513,0.2048326675984177
composition_grouped,Coercivity (Oe),228,168,False,3.2624510897304293,2.965784091046463,1.3140531776858588
composition_grouped,Coercivity (Oe),233,101,False,3.26356269383999,2.5763631085569862,0.68004813944753
composition_grouped,Coercivity (Oe),236,174,False,2.591064607026499,1.1012580905135891,0.9033519016457204
composition_grouped,Coercivity (Oe),243,178,False,1.400192488592576,2.3025116362050206,0.5992058731944531
composition_grouped,Coercivity (Oe),254,2,False,3.683947130751512,3.1271879302979007,0.4756656970515573
composition_grouped,Coercivity (Oe),255,2,False,3.546542663478131,3.1271879302979007,0.4756656970515573
composition_grouped,Coercivity (Oe),256,2,False,3.660865478003869,3.1271879302979007,0.4756656970515573
composition_grouped,Coercivity (Oe),257,2,False,3.6464037262230695,3.1271879302979007,0.4756656970515573
composition_grouped,Coercivity (Oe),258,2,False,3.510545010206612,3.1271879302979007,0.4756656970515573
composition_grouped,Coercivity (Oe),259,2,False,3.595496221825574,3.1271879302979007,0.4756656970515573
composition_grouped,Coercivity (Oe),264,184,False,1.5440680443502757,1.7844801513209256,0.652087727735807
composition_grouped,Coercivity (Oe),265,66,False,1.4941545940184429,2.0113989352882955,0.8640518428988041
composition_grouped,Coercivity (Oe),275,192,False,3.0,4.04419674955355,0.1837197025360755
composition_grouped,Coercivity (Oe),285,120,False,3.568201724066995,3.497068356490526,0.7699189136394019
composition_grouped,Coercivity (Oe),289,198,False,4.164352855784437,4.050418652340638,0.3501038135427795
composition_grouped,Coercivity (Oe),290,199,False,3.6232492903979,3.492486196294297,0.7860865459071357
composition_grouped,Coercivity (Oe),299,208,False,3.1760912590556813,3.125013159752254,0.7905480926797602
composition_grouped,Coercivity (Oe),301,210,False,3.763851598418233,3.2957470717047768,1.0882070960222785
composition_grouped,Coercivity (Oe),302,3,False,3.4971495058611235,4.037693932090513,0.2048326675984177
composition_grouped,Coercivity (Oe),306,213,False,1.5588285248170115,2.612755497089644,1.2115651899163529
composition_grouped,Coercivity (Oe),308,215,False,3.4913616938342726,3.935746021770939,0.3112101755377465
composition_grouped,Coercivity (Oe),311,218,False,4.05307844348342,3.9022447466117223,0.1497930468648337
composition_grouped,Coercivity (Oe),341,237,False,3.5287881917748964,3.2363339714246977,0.5483026196653579
composition_grouped,Coercivity (Oe),348,3,False,4.130333768495007,4.037693932090513,0.2048326675984177
composition_grouped,Coercivity (Oe),355,244,False,3.544068044350276,3.5501866087361496,0.3245278413656556
composition_grouped,Coercivity (Oe),358,247,False,4.152288344383057,2.955037636031164,0.8209040496665819
composition_grouped,Coercivity (Oe),359,247,False,4.033423755486949,2.955037636031164,0.8209040496665819
composition_grouped,Coercivity (Oe),370,256,False,1.7704101315139062,3.639376400825748,0.6918011816654037
composition_grouped,Coercivity (Oe),374,260,False,1.4771212547196624,1.910175572345652,1.1692420466272777
composition_grouped,Coercivity (Oe),392,273,False,-1.2218487496163564,-0.8113570709169466,1.4985965968400825
composition_grouped,Coercivity (Oe),393,2,False,3.5384480517102173,3.1271879302979007,0.4756656970515573
composition_grouped,Coercivity (Oe),395,275,False,2.661812685537261,2.707215552777876,0.7553261501025393
composition_grouped,Coercivity (Oe),397,277,False,1.8195439355418688,2.2432653108516565,0.6741365642877059
composition_grouped,Coercivity (Oe),400,280,False,3.963787827345555,3.979639431637759,0.2039968406160756
composition_grouped,Coercivity (Oe),411,286,False,4.03981055414835,3.5223096499748308,0.5770250698916944
composition_grouped,Coercivity (Oe),414,289,False,3.3010299956639813,1.9791158282248715,0.6302450005553503
composition_grouped,Coercivity (Oe),419,294,False,4.079181246047625,3.77671050148252,0.3589962615025057
composition_grouped,Coercivity (Oe),421,296,False,3.397940008672037,3.261959612003144,0.9338619730535178
composition_grouped,Coercivity (Oe),437,306,False,4.117271295655764,3.8920760927567097,0.5363744750818376
composition_grouped,Coercivity (Oe),439,307,False,3.6599162000698495,3.0642251542187404,0.6292158078717619
composition_grouped,Coercivity (Oe),440,307,False,3.644438589467839,3.0642251542187404,0.6292158078717619
composition_grouped,Coercivity (Oe),441,307,False,3.6830470382388496,3.0642251542187404,0.6292158078717619
composition_grouped,Coercivity (Oe),442,307,False,3.6884198220027113,3.0642251542187404,0.6292158078717619
composition_grouped,Coercivity (Oe),444,3,False,4.096910013008056,4.037693932090513,0.2048326675984177
composition_grouped,Coercivity (Oe),445,308,False,3.3654879848909,3.0141456002776645,0.1894542998144145
composition_grouped,Coercivity (Oe),446,309,False,3.4265112613645754,2.9949851611598013,0.2014283467899647
composition_grouped,Coercivity (Oe),447,120,False,4.02530586526477,3.497068356490526,0.7699189136394019
composition_grouped,Coercivity (Oe),457,318,False,3.790691816717609,3.8488496714875815,0.5120720675424457
composition_grouped,Coercivity (Oe),458,319,False,3.7947716744956894,3.8333005457642697,0.5750130931414458
composition_grouped,Coercivity (Oe),468,323,False,3.653212513775344,3.0620149106985166,0.7839163408356292
composition_grouped,Coercivity (Oe),474,327,False,3.462397997898956,3.164202378355349,0.5094052502969338
composition_grouped,Coercivity (Oe),475,328,False,3.397940008672037,3.224643483334768,0.5483711745259857
composition_grouped,Coercivity (Oe),476,215,False,3.631443769013172,3.935746021770939,0.3112101755377465
composition_grouped,Coercivity (Oe),480,331,False,3.747569492637394,3.669338866479779,0.2422815994064049
composition_grouped,Coercivity (Oe),481,332,False,3.93616626845658,3.911964944276516,0.2134365876022777
composition_grouped,Coercivity (Oe),484,120,False,3.4471580313422194,3.497068356490526,0.7699189136394019
composition_grouped,Coercivity (Oe),485,333,False,3.7436484973026496,3.87658810266706,0.5400189639928219
composition_grouped,Coercivity (Oe),486,120,False,4.008600171761918,3.497068356490526,0.7699189136394019
composition_grouped,Coercivity (Oe),487,334,False,4.0,3.5033950169455674,0.8099913171179872
composition_grouped,Coercivity (Oe),496,120,False,3.8976270912904414,3.497068356490526,0.7699189136394019
composition_grouped,Coercivity (Oe),502,346,False,3.903089986991944,3.3202178093519445,0.785526717958415
composition_grouped,Coercivity (Oe),506,350,False,2.376576957056512,2.3934074581164144,0.141218350937642
composition_grouped,Coercivity (Oe),507,351,False,-1.0,-0.1466668201722511,1.5558593269407313
composition_grouped,Coercivity (Oe),508,352,False,-1.0969100130080565,-0.0611758036277003,1.5937571252819192
composition_grouped,Coercivity (Oe),509,2,False,3.557428997797532,3.1271879302979007,0.4756656970515573
composition_grouped,Coercivity (Oe),514,355,False,3.1055101847699738,2.141888298187268,0.7618553625420347
composition_grouped,Coercivity (Oe),515,355,False,3.0549958615291417,2.141888298187268,0.7618553625420347
composition_grouped,Coercivity (Oe),516,355,False,3.1172712956557644,2.141888298187268,0.7618553625420347
composition_grouped,Coercivity (Oe),517,355,False,2.380211241711606,2.141888298187268,0.7618553625420347
composition_grouped,Coercivity (Oe),524,359,False,-0.1249387366082999,1.8830534100873717,0.7572611072012915
composition_grouped,Coercivity (Oe),529,362,False,2.0791812460476247,2.0754836026426102,0.1689449964145103
composition_grouped,Coercivity (Oe),533,365,False,2.423245873936808,2.79586786223572,0.3345311321842693
composition_grouped,Coercivity (Oe),538,370,False,-1.2218487496163564,-0.7120551866580698,0.8770500764852851
composition_grouped,Coercivity (Oe),539,371,False,-1.3979400086720375,-0.7161484694352674,0.882712661449038
composition_grouped,Coercivity (Oe),556,381,False,2.648925689157213,2.6330405303243585,0.2480954083758038
composition_grouped,Coercivity (Oe),563,388,False,-0.8860566476931632,-0.9164274043670914,0.2906406354713766
composition_grouped,Coercivity (Oe),581,30,False,0.3424226808222063,1.45495113627172,0.6595996645406661
composition_grouped,Coercivity (Oe),583,398,False,2.296665190261531,1.9012864038246653,0.4481032163677452
composition_grouped,Coercivity (Oe),591,404,False,2.5563025007672877,1.8968033814353855,1.27580094745997
composition_grouped,Coercivity (Oe),592,405,False,1.564666064252089,2.044408353144312,1.0092520951184436
composition_grouped,Coercivity (Oe),597,408,False,3.137670537236755,2.5789825253193386,0.6070362407486545
composition_grouped,Coercivity (Oe),598,409,False,2.9472376078706666,2.600957986874877,0.590633233575254
composition_grouped,Coercivity (Oe),600,411,False,2.2531198338868874,2.670155235658884,0.5177836999039138
composition_grouped,Coercivity (Oe),627,425,False,-0.5528419686577808,-0.2189132097049648,1.0221129650223728
composition_grouped,Coercivity (Oe),632,428,False,3.804480189105993,3.222973025519296,0.4811436952901304
composition_grouped,Coercivity (Oe),636,429,False,2.92813970687512,3.0142308177589068,0.6917660089541301
composition_grouped,Coercivity (Oe),637,430,False,0.6127838567197355,0.9156135224216536,0.5457811203307489
composition_grouped,Coercivity (Oe),638,430,False,0.8750612633917001,0.9156135224216536,0.5457811203307489
composition_grouped,Coercivity (Oe),645,436,False,3.9522992849085568,3.787507233737392,0.302355653331276
composition_grouped,Coercivity (Oe),654,440,False,3.8946726581414817,4.0543635049765525,0.1974517941907062
composition_grouped,Coercivity (Oe),658,442,False,2.962369335670021,2.8651434565504075,0.1174434696950958
composition_grouped,Coercivity (Oe),663,447,False,3.6720978579357175,3.3317522289832,0.4200477734069722
composition_grouped,Coercivity (Oe),671,449,False,2.204119982655925,3.1586392403540344,0.7202495132732695
composition_grouped,Coercivity (Oe),675,451,False,1.9211660506377388,2.6945155202171382,1.0710761119423553
composition_grouped,Coercivity (Oe),681,457,False,3.094331349277096,2.8565027288601152,0.2117581999753746
composition_grouped,Coercivity (Oe),687,3,False,3.960470777534299,4.037693932090513,0.2048326675984177
composition_grouped,Coercivity (Oe),688,428,False,2.62293896921149,3.222973025519296,0.4811436952901304
composition_grouped,Coercivity (Oe),691,465,False,4.342422680822207,3.001922133781717,1.001913155694261
composition_grouped,Coercivity (Oe),693,467,False,0.9030899869919436,1.4353781706693902,0.9281600893486144
composition_grouped,Coercivity (Oe),705,477,False,0.2810333672477275,0.4422123604279831,0.4345773314266948
composition_grouped,Coercivity (Oe),710,481,False,2.318313817223999,1.323756296534516,0.7286864146736229
composition_grouped,Coercivity (Oe),712,482,False,2.4595734061046524,1.0595234154373656,0.7020587804926116
composition_grouped,Coercivity (Oe),713,30,False,2.471775621020804,1.45495113627172,0.6595996645406661
composition_grouped,Coercivity (Oe),721,485,False,2.987666264926274,2.9953788822192893,0.6053115662976296
composition_grouped,Coercivity (Oe),730,3,False,4.392696953259666,4.037693932090513,0.2048326675984177
composition_grouped,Coercivity (Oe),739,2,False,3.779596491257824,3.1271879302979007,0.4756656970515573
composition_grouped,Coercivity (Oe),744,499,False,2.2479732663618064,2.6440155966230634,0.3652021670630703
composition_grouped,Coercivity (Oe),745,499,False,2.444044795918076,2.6440155966230634,0.3652021670630703
composition_grouped,Coercivity (Oe),746,499,False,2.690196080028514,2.6440155966230634,0.3652021670630703
composition_grouped,Coercivity (Oe),747,499,False,3.0342272607705505,2.6440155966230634,0.3652021670630703
composition_grouped,Coercivity (Oe),748,499,False,2.9339931638312424,2.6440155966230634,0.3652021670630703
composition_grouped,Coercivity (Oe),751,501,False,3.7582304084577496,3.888629147246655,0.4133079932864812
composition_grouped,Coercivity (Oe),754,504,False,2.868056361823041,3.0901745553554623,0.5029061175284512
composition_grouped,Coercivity (Oe),757,506,False,1.7781512503836436,2.284431955886681,0.6714588541045344
composition_grouped,Coercivity (Oe),758,507,False,1.7781512503836436,2.221844437676617,0.6871802417464359
composition_grouped,Coercivity (Oe),769,518,False,1.9030899869919435,2.256729703643046,0.5195468189238198
composition_grouped,Coercivity (Oe),775,522,False,-1.2218487496163564,0.5548526785081972,1.5675967009206793
composition_grouped,Coercivity (Oe),781,528,False,2.977266212427293,2.6736212115120144,0.7457048001609352
composition_grouped,Coercivity (Oe),782,529,False,2.9804578922761,2.816741975365652,0.5388648745803413
composition_grouped,Coercivity (Oe),789,536,False,3.865991800126275,3.4596514464538672,0.9828032064653864
composition_grouped,Coercivity (Oe),802,543,False,2.0073636543122784,1.6822543060473518,0.6546505398292906
composition_grouped,Coercivity (Oe),814,549,False,-1.2218487496163564,-0.7636803881499925,0.973589047367243
composition_grouped,Coercivity (Oe),817,551,False,2.6766936096248664,1.7355283867184976,0.4653737999469478
composition_grouped,Coercivity (Oe),822,307,False,2.44870631990508,3.0642251542187404,0.6292158078717619
composition_grouped,Coercivity (Oe),823,307,False,2.599883072073688,3.0642251542187404,0.6292158078717619
composition_grouped,Coercivity (Oe),824,307,False,2.5352941200427703,3.0642251542187404,0.6292158078717619
composition_grouped,Coercivity (Oe),825,307,False,2.5921767573958667,3.0642251542187404,0.6292158078717619
composition_grouped,Coercivity (Oe),826,307,False,2.561101383649056,3.0642251542187404,0.6292158078717619
composition_grouped,Coercivity (Oe),827,307,False,2.494154594018443,3.0642251542187404,0.6292158078717619
composition_grouped,Coercivity (Oe),830,554,False,2.239799818447098,1.8668601781561516,0.7139134002638274
composition_grouped,Coercivity (Oe),847,557,False,3.479421257301672,3.524050517398296,0.3915517855020739
composition_grouped,Coercivity (Oe),848,557,False,3.6555120363564666,3.524050517398296,0.3915517855020739
composition_grouped,Coercivity (Oe),849,558,False,4.418632687354066,2.595786112008793,0.784577424916501
composition_grouped,Coercivity (Oe),872,572,False,3.678993384838101,3.2466249891754093,0.4010319400144224
composition_grouped,Coercivity (Oe),876,2,False,3.3725438007590705,3.1271879302979007,0.4756656970515573
composition_grouped,Coercivity (Oe),877,575,False,0.2741578492636798,0.0136198968788264,1.9193120433677355
composition_grouped,Coercivity (Oe),878,576,False,-0.5376020021010439,-0.4883781258878734,1.0665656534411756
composition_grouped,Coercivity (Oe),884,578,False,2.691656043498147,2.383881070607491,1.141009825570501
composition_grouped,Coercivity (Oe),890,583,False,3.571009672309305,3.174388076384887,0.6043388552410597
composition_grouped,Coercivity (Oe),898,589,False,3.213156358659705,3.070579390337727,0.409691439713885
composition_grouped,Coercivity (Oe),899,590,False,-1.0,-0.8554969211005268,0.5694497962019388
composition_grouped,Coercivity (Oe),901,3,False,4.44870631990508,4.037693932090513,0.2048326675984177
composition_grouped,Coercivity (Oe),904,594,False,3.124514006131383,2.9005099368084437,1.082424521539426
composition_grouped,Coercivity (Oe),951,30,False,2.2070146586829003,1.45495113627172,0.6595996645406661
composition_grouped,Coercivity (Oe),952,30,False,2.841271851779091,1.45495113627172,0.6595996645406661
composition_grouped,Coercivity (Oe),953,30,False,2.557964113554224,1.45495113627172,0.6595996645406661
composition_grouped,Coercivity (Oe),954,30,False,2.245586688974213,1.45495113627172,0.6595996645406661
composition_grouped,Coercivity (Oe),955,30,False,1.7000110623221123,1.45495113627172,0.6595996645406661
composition_grouped,Coercivity (Oe),960,626,False,2.151982395457474,1.958546161612581,0.7157906890556222
composition_grouped,Coercivity (Oe),962,628,False,2.5308397786165204,1.4751961021036826,0.7449850015170737
composition_grouped,Coercivity (Oe),986,3,False,3.9684829485539352,4.037693932090513,0.2048326675984177
composition_grouped,Coercivity (Oe),990,649,False,-0.6575773191777937,-0.5262000082602989,1.5947888148756937
composition_grouped,Coercivity (Oe),991,649,False,-0.3372421683184259,-0.5262000082602989,1.5947888148756937
composition_grouped,Coercivity (Oe),992,649,False,-0.5376020021010439,-0.5262000082602989,1.5947888148756937
composition_grouped,Coercivity (Oe),993,650,False,4.26245108973043,3.4232072721958997,0.4075503019465835
composition_grouped,Coercivity (Oe),996,652,False,2.506505032404872,2.495008658042993,0.9785189505970509
composition_grouped,Coercivity (Oe),1001,657,False,3.322219294733919,3.258748269489904,0.3676483963854847
composition_grouped,Coercivity (Oe),1006,662,False,1.845098040014257,2.366506002338919,0.4102294233265989
composition_grouped,Coercivity (Oe),1013,665,False,1.521007252408604,1.7285657317639591,0.2031165278827061
composition_grouped,Coercivity (Oe),1019,667,False,1.5759956202032677,1.3375229137092384,0.810880208538639
composition_grouped,Coercivity (Oe),1022,113,False,1.1139433523068367,0.705702982476267,0.8265640251170685
composition_grouped,Coercivity (Oe),1031,44,False,-1.6989700043360187,2.666970647857675,0.6829849043373398
composition_grouped,Coercivity (Oe),1037,675,False,1.6110857334148727,3.0426912188467488,0.6271169802963443
composition_grouped,Coercivity (Oe),1038,675,False,1.8185557792978029,3.0426912188467488,0.6271169802963443
composition_grouped,Coercivity (Oe),1043,679,False,1.6637951222194076,1.9984518373204176,0.9931262211982236
composition_grouped,Coercivity (Oe),1046,682,False,2.004321373782642,1.8247969623655809,1.0662841034546142
composition_grouped,Coercivity (Oe),1052,684,False,-0.4089353929735008,-0.6752855219514524,0.5867829436357771
composition_grouped,Coercivity (Oe),1056,688,False,2.656424040287152,2.3138899113584626,0.3593982341477315
composition_grouped,Coercivity (Oe),1060,692,False,0.5622928644564746,0.8707715928517878,0.3243668029224682
composition_grouped,Coercivity (Oe),1067,695,False,-1.6989700043360187,-0.6317905583245687,0.822229620873881
composition_grouped,Coercivity (Oe),1085,2,False,3.529045170765769,3.1271879302979007,0.4756656970515573
composition_grouped,Coercivity (Oe),1086,2,False,3.5656117249020585,3.1271879302979007,0.4756656970515573
composition_grouped,Coercivity (Oe),1087,2,False,3.6586790285824486,3.1271879302979007,0.4756656970515573
composition_grouped,Coercivity (Oe),1088,2,False,3.5413295776666938,3.1271879302979007,0.4756656970515573
composition_grouped,Coercivity (Oe),1089,2,False,3.545430829465351,3.1271879302979007,0.4756656970515573
composition_grouped,Coercivity (Oe),1090,2,False,3.578295305120826,3.1271879302979007,0.4756656970515573
composition_grouped,Coercivity (Oe),1094,66,False,1.893317811616112,2.0113989352882955,0.8640518428988041
composition_grouped,Coercivity (Oe),1095,66,False,1.5560611590095326,2.0113989352882955,0.8640518428988041
composition_grouped,Coercivity (Oe),1096,657,False,3.4430438286483405,3.258748269489904,0.3676483963854847
composition_grouped,Coercivity (Oe),1097,706,False,3.4579575512036382,3.326126782571522,0.3804367965731095
composition_grouped,Coercivity (Oe),1099,708,False,3.484484909031941,3.4275632532586933,0.2558765935678783
composition_grouped,Coercivity (Oe),1103,712,False,3.7141066863794334,3.5388926943172585,0.6229799168748016
composition_grouped,Coercivity (Oe),1104,3,False,4.501059262217751,4.037693932090513,0.2048326675984177
composition_grouped,Coercivity (Oe),1106,657,False,3.5055569386638217,3.258748269489904,0.3676483963854847
composition_grouped,Coercivity (Oe),1107,2,False,3.217220655644519,3.1271879302979007,0.4756656970515573
composition_grouped,Coercivity (Oe),1108,66,False,2.3010299956639813,2.0113989352882955,0.8640518428988041
composition_grouped,Coercivity (Oe),1134,734,False,-0.8860566476931632,3.2491763940976006,0.5969161326825091
composition_grouped,Coercivity (Oe),1135,30,False,1.6720978579357175,1.45495113627172,0.6595996645406661
composition_grouped,Coercivity (Oe),1136,30,False,0.9030899869919436,1.45495113627172,0.6595996645406661
composition_grouped,Coercivity (Oe),1140,30,False,1.2041199826559248,1.45495113627172,0.6595996645406661
composition_grouped,Coercivity (Oe),1141,737,False,2.332034277027518,2.346744892507685,1.793903926577649
composition_grouped,Coercivity (Oe),1150,740,False,-1.3010299956639813,-1.2343414686499266,0.1550384529153837
composition_grouped,Coercivity (Oe),1151,741,False,-1.154901959985743,-1.2070781731244251,0.1561393512045959
composition_grouped,Coercivity (Oe),1153,743,False,-0.6575773191777937,-1.0287653782213844,0.498785650872331
composition_grouped,Coercivity (Oe),1166,753,False,-1.0457574905606752,-0.359135104794899,1.5976463676858268
composition_grouped,Coercivity (Oe),1167,665,False,1.6989700043360187,1.7285657317639591,0.2031165278827061
composition_grouped,Coercivity (Oe),1168,754,False,1.286456469746983,1.317624421890997,0.4752702581744698
composition_grouped,Coercivity (Oe),1171,756,False,1.2430380486862944,1.4224774938601468,0.7917629152458717
composition_grouped,Coercivity (Oe),1175,759,False,2.2695129442179165,2.0877601051534773,0.1987176913061185
composition_grouped,Coercivity (Oe),1179,761,False,2.094121595840561,2.4481961734194746,0.1673382609278166
composition_grouped,Coercivity (Oe),1185,695,False,-1.6989700043360187,-0.6317905583245687,0.822229620873881
composition_grouped,Coercivity (Oe),1206,777,False,1.0021660617565078,3.365920026351809,1.1050655548825226
composition_grouped,Coercivity (Oe),1212,781,False,2.161368002234975,2.2705625225299304,0.4276073410115982
composition_grouped,Coercivity (Oe),1214,782,False,2.8721562727482928,3.916178625444052,0.7896450305797237
composition_grouped,Coercivity (Oe),1216,2,False,3.7363965022766426,3.1271879302979007,0.4756656970515573
composition_grouped,Coercivity (Oe),1217,783,False,2.798180883926343,3.967523529493076,0.5695107661217562
composition_grouped,Coercivity (Oe),1231,789,False,2.060697840353612,2.352780820519694,0.6601262091743771
composition_grouped,Coercivity (Oe),1232,790,False,2.4771212547196626,3.327644333598112,0.7374220579768971
composition_grouped,Coercivity (Oe),1233,790,False,2.578639209968072,3.327644333598112,0.7374220579768971
composition_grouped,Coercivity (Oe),1234,790,False,2.575187844927661,3.327644333598112,0.7374220579768971
composition_grouped,Coercivity (Oe),1235,790,False,2.4913616938342726,3.327644333598112,0.7374220579768971
composition_grouped,Coercivity (Oe),1237,792,False,1.2041199826559248,2.5534665026833245,0.9058253608489536
composition_grouped,Coercivity (Oe),1238,120,False,3.492760389026837,3.497068356490526,0.7699189136394019
composition_grouped,Coercivity (Oe),1242,790,False,2.7007037171450192,3.327644333598112,0.7374220579768971
composition_grouped,Coercivity (Oe),1247,798,False,0.7403626894942439,2.456081217694274,0.9033660557922472
composition_grouped,Coercivity (Oe),1248,798,False,0.6989700043360189,2.456081217694274,0.9033660557922472
composition_grouped,Coercivity (Oe),1250,30,False,2.5385486002970885,1.45495113627172,0.6595996645406661
composition_grouped,Coercivity (Oe),1257,801,False,0.0086001717619175,3.753664439412414,0.5340835866385916
composition_grouped,Coercivity (Oe),1260,790,False,2.361727836017593,3.327644333598112,0.7374220579768971
composition_grouped,Coercivity (Oe),1261,790,False,1.9542425094393248,3.327644333598112,0.7374220579768971
composition_grouped,Coercivity (Oe),1269,120,False,3.8195439355418688,3.497068356490526,0.7699189136394019
composition_grouped,Coercivity (Oe),1270,120,False,3.690196080028514,3.497068356490526,0.7699189136394019
composition_grouped,Coercivity (Oe),1273,809,False,1.6532125137753435,2.899605214724819,0.7008769291070166
composition_grouped,Coercivity (Oe),1275,810,False,1.6989700043360187,2.014071668680962,0.5523292386168058
composition_grouped,Coercivity (Oe),1291,44,False,1.6532125137753435,2.666970647857675,0.6829849043373398
composition_grouped,Coercivity (Oe),1294,816,False,3.5185139398778875,2.7654385201795573,0.6379489186952937
composition_grouped,Coercivity (Oe),1295,816,False,3.633468455579586,2.7654385201795573,0.6379489186952937
composition_grouped,Coercivity (Oe),1306,792,False,1.0791812460476249,2.5534665026833245,0.9058253608489536
composition_grouped,Coercivity (Oe),1307,792,False,1.1139433523068367,2.5534665026833245,0.9058253608489536
composition_grouped,Coercivity (Oe),1309,824,False,0.9800033715837464,2.1228078308329223,0.544475221685211
composition_grouped,Coercivity (Oe),1324,792,False,2.3010299956639813,2.5534665026833245,0.9058253608489536
composition_grouped,Coercivity (Oe),1327,44,False,3.591064607026499,2.666970647857675,0.6829849043373398
composition_grouped,Coercivity (Oe),1342,841,False,1.740362689494244,1.3556846775420792,1.0142680932819312
composition_grouped,Coercivity (Oe),1349,845,False,0.0,3.553082034982263,0.5566558319125529
composition_grouped,Coercivity (Oe),1351,789,False,1.4771212547196624,2.352780820519694,0.6601262091743771
composition_grouped,Coercivity (Oe),1354,665,False,2.4771212547196626,1.7285657317639591,0.2031165278827061
composition_grouped,Coercivity (Oe),1372,665,False,2.4771212547196626,1.7285657317639591,0.2031165278827061
composition_grouped,Coercivity (Oe),1375,790,False,2.146128035678238,3.327644333598112,0.7374220579768971
composition_grouped,Coercivity (Oe),1379,792,False,1.0,2.5534665026833245,0.9058253608489536
composition_grouped,Coercivity (Oe),1383,628,False,1.3010299956639813,1.4751961021036826,0.7449850015170737
composition_grouped,Coercivity (Oe),1384,867,False,1.3010299956639813,1.4225411018726184,0.5705116433653111
composition_grouped,Coercivity (Oe),1386,869,False,1.3010299956639813,1.5955055983313635,0.574302228111389
composition_grouped,Coercivity (Oe),1393,872,False,3.204119982655925,3.5757557874850545,1.1198954353546893
composition_grouped,Coercivity (Oe),1394,665,False,0.4969296480732149,1.7285657317639591,0.2031165278827061
composition_grouped,Coercivity (Oe),1396,873,False,3.3010299956639813,2.889940304561867,0.8664768263594788
composition_grouped,Coercivity (Oe),1400,875,False,3.6989700043360183,2.069030233549601,0.558193007875155
composition_grouped,Coercivity (Oe),1405,879,False,3.230448921378274,2.096829036163966,0.8269033093945732
composition_grouped,Coercivity (Oe),1407,810,False,2.6989700043360187,2.014071668680962,0.5523292386168058
composition_grouped,Coercivity (Oe),1408,875,False,3.0,2.069030233549601,0.558193007875155
composition_grouped,Coercivity (Oe),1409,875,False,2.3010299956639813,2.069030233549601,0.558193007875155
composition_grouped,Coercivity (Oe),1419,886,False,0.9444826721501688,1.731437607894961,1.1586690157235602
composition_grouped,Coercivity (Oe),1420,887,False,1.1760912590556811,2.2962723513869867,0.517176182726233
composition_grouped,Coercivity (Oe),1428,810,False,1.6989700043360187,2.014071668680962,0.5523292386168058
composition_grouped,Coercivity (Oe),1429,895,False,2.6989700043360187,2.323289281649544,0.856864480554255
composition_grouped,Coercivity (Oe),1430,896,False,3.431363764158988,3.1948527951694423,0.6886417156408976
composition_grouped,Coercivity (Oe),1432,845,False,2.0,3.553082034982263,0.5566558319125529
composition_grouped,Coercivity (Oe),1437,900,False,3.5477747053878224,3.338362235349149,0.1867005244238712
composition_grouped,Coercivity (Oe),1442,904,False,3.633468455579586,2.6813218591669448,1.126978482779541
composition_grouped,Coercivity (Oe),1459,916,False,3.0,0.7574621517858785,0.8164627064451447
composition_grouped,Coercivity (Oe),1476,925,False,4.41161970596323,3.1457118374339426,1.0937320939344644
composition_grouped,Coercivity (Oe),1503,44,False,2.1367205671564067,2.666970647857675,0.6829849043373398
composition_grouped,Coercivity (Oe),1505,946,False,2.7075701760979363,3.4129172646990518,0.6131135555236203
composition_grouped,Coercivity (Oe),1507,948,False,3.3891660843645326,3.122185502622564,0.3985885435086503
composition_grouped,Coercivity (Oe),1515,952,False,2.8260748027008264,2.093121903932472,0.7279081434561451
composition_grouped,Coercivity (Oe),1518,954,False,-1.154901959985743,-0.2858069279531184,1.666817341680127
composition_grouped,Coercivity (Oe),1531,960,False,2.4771212547196626,2.4720798955095384,0.8693335462300182
composition_grouped,Coercivity (Oe),1539,964,False,2.598790506763115,2.501359694354849,0.8451354127914289
composition_grouped,Coercivity (Oe),1542,967,False,4.632457292184724,3.654602442324311,0.5656968653069818
composition_grouped,Coercivity (Oe),1550,974,False,2.380211241711606,1.5894819318097462,0.7942202496651722
composition_grouped,Coercivity (Oe),1552,976,False,0.3617278360175928,2.924527220971762,0.8444470680570558
composition_grouped,Coercivity (Oe),1555,845,False,1.5563025007672873,3.553082034982263,0.5566558319125529
composition_grouped,Coercivity (Oe),1556,845,False,1.99563519459755,3.553082034982263,0.5566558319125529
composition_grouped,Coercivity (Oe),1557,845,False,2.290034611362518,3.553082034982263,0.5566558319125529
composition_grouped,Coercivity (Oe),1558,845,False,2.4471580313422194,3.553082034982263,0.5566558319125529
composition_grouped,Coercivity (Oe),1559,978,False,2.6127838567197355,2.5694262501779623,1.132852049510046
composition_grouped,Coercivity (Oe),1567,981,False,2.57978359661681,2.7695558255050914,0.5080476515730782
composition_grouped,Coercivity (Oe),1572,120,False,4.204119982655925,3.497068356490526,0.7699189136394019
composition_grouped,Coercivity (Oe),1580,792,False,2.0,2.5534665026833245,0.9058253608489536
composition_grouped,Coercivity (Oe),1605,485,False,3.886490725172482,2.9953788822192893,0.6053115662976296
composition_grouped,Coercivity (Oe),1606,485,False,4.008600171761918,2.9953788822192893,0.6053115662976296
composition_grouped,Coercivity (Oe),1607,845,False,2.5563025007672877,3.553082034982263,0.5566558319125529
composition_grouped,Coercivity (Oe),1608,1002,False,2.255272505103306,3.6267621888367536,0.7287297389903484
composition_grouped,Coercivity (Oe),1634,790,False,1.845098040014257,3.327644333598112,0.7374220579768971
composition_grouped,Coercivity (Oe),1635,810,False,2.0,2.014071668680962,0.5523292386168058
composition_grouped,Coercivity (Oe),1636,810,False,2.4771212547196626,2.014071668680962,0.5523292386168058
composition_grouped,Coercivity (Oe),1640,506,False,1.6720978579357175,2.284431955886681,0.6714588541045344
composition_grouped,Coercivity (Oe),1642,960,False,2.544068044350276,2.4720798955095384,0.8693335462300182
composition_grouped,Coercivity (Oe),1646,1016,False,2.6989700043360187,2.628009852123869,0.7118089672732995
composition_grouped,Coercivity (Oe),1649,44,False,3.681241237375587,2.666970647857675,0.6829849043373398
composition_grouped,Coercivity (Oe),1655,789,False,2.342422680822206,2.352780820519694,0.6601262091743771
composition_grouped,Coercivity (Oe),1656,790,False,1.1760912590556811,3.327644333598112,0.7374220579768971
composition_grouped,Coercivity (Oe),1661,1023,False,2.053462604925455,2.1911093013263496,0.5228512326747372
composition_grouped,Coercivity (Oe),1669,1028,False,3.397940008672037,4.1982877128186695,0.2449257067120961
composition_grouped,Coercivity (Oe),1674,665,False,1.9661417327390325,1.7285657317639591,0.2031165278827061
composition_grouped,Coercivity (Oe),1675,665,False,2.337459261290656,1.7285657317639591,0.2031165278827061
composition_grouped,Coercivity (Oe),1676,1032,False,2.255272505103306,2.626884339996548,0.6313100994571816
composition_grouped,Coercivity (Oe),1682,1035,False,2.1760912590556813,2.11808668765105,0.6499391287248809
composition_grouped,Coercivity (Oe),1685,790,False,1.845098040014257,3.327644333598112,0.7374220579768971
composition_grouped,Coercivity (Oe),1686,790,False,2.146128035678238,3.327644333598112,0.7374220579768971
composition_grouped,Coercivity (Oe),1720,485,False,3.7323937598229686,2.9953788822192893,0.6053115662976296
composition_grouped,Coercivity (Oe),1721,1052,False,3.812913356642856,2.8759447331833288,0.7170713729312077
composition_grouped,Coercivity (Oe),1723,789,False,1.8750612633917,2.352780820519694,0.6601262091743771
composition_grouped,Coercivity (Oe),1724,1054,False,2.544068044350276,2.50687482991992,0.7218617191058846
composition_grouped,Coercivity (Oe),1729,44,False,3.3010299956639813,2.666970647857675,0.6829849043373398
composition_grouped,Coercivity (Oe),1730,44,False,3.4771212547196626,2.666970647857675,0.6829849043373398
composition_grouped,Coercivity (Oe),1735,1057,False,2.5563025007672877,2.2140045211915678,0.7646070335904696
composition_grouped_refit,Curie(TC) (K),4,2,False,723.0,722.891946123285,
composition_grouped_refit,Curie(TC) (K),5,3,False,743.0,731.246034126984,
composition_grouped_refit,Curie(TC) (K),6,3,False,743.0,731.246034126984,
composition_grouped_refit,Curie(TC) (K),16,10,False,561.0,418.2586787080974,
composition_grouped_refit,Curie(TC) (K),18,12,False,647.15,625.0222314814813,
composition_grouped_refit,Curie(TC) (K),32,23,False,562.15,571.2551808443126,
composition_grouped_refit,Curie(TC) (K),34,25,False,566.15,558.4425582329698,
composition_grouped_refit,Curie(TC) (K),39,30,False,473.0,457.4006548280424,
composition_grouped_refit,Curie(TC) (K),40,31,False,465.15,604.4133853036709,
composition_grouped_refit,Curie(TC) (K),49,39,False,700.0,611.7840728771454,
composition_grouped_refit,Curie(TC) (K),55,44,False,598.15,1101.761466234322,
composition_grouped_refit,Curie(TC) (K),61,49,False,612.1,599.8497858298357,
composition_grouped_refit,Curie(TC) (K),62,49,False,706.8,599.8497858298357,
composition_grouped_refit,Curie(TC) (K),63,49,False,717.4,599.8497858298357,
composition_grouped_refit,Curie(TC) (K),71,54,False,798.15,779.065245284992,
composition_grouped_refit,Curie(TC) (K),72,55,False,690.0,755.1158440570599,
composition_grouped_refit,Curie(TC) (K),75,58,False,605.0,578.6732492753213,
composition_grouped_refit,Curie(TC) (K),76,59,False,580.0,577.3445251204671,
composition_grouped_refit,Curie(TC) (K),81,63,False,643.0,480.3854507973592,
composition_grouped_refit,Curie(TC) (K),85,2,False,725.0,722.891946123285,
composition_grouped_refit,Curie(TC) (K),86,66,False,710.0,514.2120644716443,
composition_grouped_refit,Curie(TC) (K),87,67,False,436.0,470.52990797619066,
composition_grouped_refit,Curie(TC) (K),90,70,False,697.15,686.2094974970281,
composition_grouped_refit,Curie(TC) (K),92,72,False,653.15,640.7100354276898,
composition_grouped_refit,Curie(TC) (K),96,76,False,22.0,419.562603934092,
composition_grouped_refit,Curie(TC) (K),98,78,False,497.15,423.3673687169309,
composition_grouped_refit,Curie(TC) (K),99,3,False,743.15,731.246034126984,
composition_grouped_refit,Curie(TC) (K),107,83,False,509.15,362.8529986102158,
composition_grouped_refit,Curie(TC) (K),108,3,False,749.15,731.246034126984,
composition_grouped_refit,Curie(TC) (K),111,86,False,622.75,548.3588495370374,
composition_grouped_refit,Curie(TC) (K),113,88,False,607.65,535.4325689051693,
composition_grouped_refit,Curie(TC) (K),127,96,False,740.0,529.558606888482,
composition_grouped_refit,Curie(TC) (K),132,3,False,747.15,731.246034126984,
composition_grouped_refit,Curie(TC) (K),133,100,False,525.0,583.4773749338624,
composition_grouped_refit,Curie(TC) (K),135,101,False,1173.0,761.7078096690888,
composition_grouped_refit,Curie(TC) (K),144,101,False,1123.15,761.7078096690888,
composition_grouped_refit,Curie(TC) (K),145,106,False,540.0,575.849176366751,
composition_grouped_refit,Curie(TC) (K),146,107,False,409.1,463.1132216269843,
composition_grouped_refit,Curie(TC) (K),148,109,False,476.0,587.8591886904757,
composition_grouped_refit,Curie(TC) (K),152,3,False,740.0,731.246034126984,
composition_grouped_refit,Curie(TC) (K),154,113,False,473.15,520.5693342127779,
composition_grouped_refit,Curie(TC) (K),162,120,False,618.15,340.5706633141368,
composition_grouped_refit,Curie(TC) (K),168,44,False,849.15,1101.761466234322,
composition_grouped_refit,Curie(TC) (K),186,136,False,695.0,642.5725149603174,
composition_grouped_refit,Curie(TC) (K),190,139,False,443.15,479.7699551476053,
composition_grouped_refit,Curie(TC) (K),192,139,False,448.15,479.7699551476053,
composition_grouped_refit,Curie(TC) (K),193,120,False,633.0,340.5706633141368,
composition_grouped_refit,Curie(TC) (K),194,141,False,585.15,485.9910852782335,
composition_grouped_refit,Curie(TC) (K),209,3,False,723.15,731.246034126984,
composition_grouped_refit,Curie(TC) (K),213,158,False,695.0,711.2435212301588,
composition_grouped_refit,Curie(TC) (K),217,120,False,630.0,340.5706633141368,
composition_grouped_refit,Curie(TC) (K),218,3,False,743.15,731.246034126984,
composition_grouped_refit,Curie(TC) (K),228,168,False,1130.0,293.66838154761894,
composition_grouped_refit,Curie(TC) (K),233,101,False,1150.0,761.7078096690888,
composition_grouped_refit,Curie(TC) (K),236,174,False,980.0,642.2276178030488,
composition_grouped_refit,Curie(TC) (K),243,178,False,695.0,725.4959476823758,
composition_grouped_refit,Curie(TC) (K),254,2,False,996.15,722.891946123285,
composition_grouped_refit,Curie(TC) (K),255,2,False,996.15,722.891946123285,
composition_grouped_refit,Curie(TC) (K),256,2,False,996.15,722.891946123285,
composition_grouped_refit,Curie(TC) (K),257,2,False,996.15,722.891946123285,
composition_grouped_refit,Curie(TC) (K),258,2,False,996.15,722.891946123285,
composition_grouped_refit,Curie(TC) (K),259,2,False,996.15,722.891946123285,
composition_grouped_refit,Curie(TC) (K),264,184,False,773.15,718.0286614321068,
composition_grouped_refit,Curie(TC) (K),265,66,False,773.15,514.2120644716443,
composition_grouped_refit,Curie(TC) (K),275,192,False,750.0,739.2184196428572,
composition_grouped_refit,Curie(TC) (K),285,120,False,630.0,340.5706633141368,
composition_grouped_refit,Curie(TC) (K),289,198,False,584.15,561.9930204497352,
composition_grouped_refit,Curie(TC) (K),290,199,False,560.0,536.6771548941798,
composition_grouped_refit,Curie(TC) (K),299,208,False,723.15,772.8273690811685,
composition_grouped_refit,Curie(TC) (K),301,210,False,603.15,583.0696958244204,
composition_grouped_refit,Curie(TC) (K),302,3,False,1073.0,731.246034126984,
composition_grouped_refit,Curie(TC) (K),306,213,False,732.0,717.1818509168928,
composition_grouped_refit,Curie(TC) (K),308,215,False,650.0,661.9830162677082,
composition_grouped_refit,Curie(TC) (K),311,218,False,650.0,642.7128308862435,
composition_grouped_refit,Curie(TC) (K),341,237,False,750.15,747.2373913207163,
composition_grouped_refit,Curie(TC) (K),348,3,False,748.15,731.246034126984,
composition_grouped_refit,Curie(TC) (K),355,244,False,708.15,701.1884857671939,
composition_grouped_refit,Curie(TC) (K),358,247,False,605.0,651.5635853174606,
composition_grouped_refit,Curie(TC) (K),359,247,False,765.0,651.5635853174606,
composition_grouped_refit,Curie(TC) (K),370,256,False,546.0,595.5470180440052,
composition_grouped_refit,Curie(TC) (K),374,260,False,518.0,567.5173546957674,
composition_grouped_refit,Curie(TC) (K),392,273,False,887.9,604.1597433531742,
composition_grouped_refit,Curie(TC) (K),393,2,False,723.15,722.891946123285,
composition_grouped_refit,Curie(TC) (K),395,275,False,704.15,700.5373235780423,
composition_grouped_refit,Curie(TC) (K),397,277,False,625.15,658.8706577770607,
composition_grouped_refit,Curie(TC) (K),400,280,False,587.15,624.3842033125743,
composition_grouped_refit,Curie(TC) (K),411,286,False,750.15,646.6453981098573,
composition_grouped_refit,Curie(TC) (K),414,289,False,717.0,431.9942303367925,
composition_grouped_refit,Curie(TC) (K),419,294,False,350.0,669.6329112789988,
composition_grouped_refit,Curie(TC) (K),421,296,False,480.0,652.766735863095,
composition_grouped_refit,Curie(TC) (K),437,306,False,1178.15,849.08630190889,
composition_grouped_refit,Curie(TC) (K),439,307,False,723.0,715.2923896534016,
composition_grouped_refit,Curie(TC) (K),440,307,False,723.0,715.2923896534016,
composition_grouped_refit,Curie(TC) (K),441,307,False,723.0,715.2923896534016,
composition_grouped_refit,Curie(TC) (K),442,307,False,723.0,715.2923896534016,
composition_grouped_refit,Curie(TC) (K),444,3,False,750.15,731.246034126984,
composition_grouped_refit,Curie(TC) (K),445,308,False,573.15,624.522358597884,
composition_grouped_refit,Curie(TC) (K),446,309,False,573.15,624.3236392195774,
composition_grouped_refit,Curie(TC) (K),447,120,False,628.0,340.5706633141368,
composition_grouped_refit,Curie(TC) (K),457,318,False,492.47,524.4271056878306,
composition_grouped_refit,Curie(TC) (K),458,319,False,466.56,521.0232181084657,
composition_grouped_refit,Curie(TC) (K),468,323,False,758.0,655.9573068394809,
composition_grouped_refit,Curie(TC) (K),474,327,False,541.15,570.4203253720576,
composition_grouped_refit,Curie(TC) (K),475,328,False,610.15,592.1670055372404,
composition_grouped_refit,Curie(TC) (K),476,215,False,650.15,661.9830162677082,
composition_grouped_refit,Curie(TC) (K),480,331,False,637.15,614.7680338243912,
composition_grouped_refit,Curie(TC) (K),481,332,False,608.15,619.8431123455733,
composition_grouped_refit,Curie(TC) (K),484,120,False,633.15,340.5706633141368,
composition_grouped_refit,Curie(TC) (K),485,333,False,595.0,552.7576306784043,
composition_grouped_refit,Curie(TC) (K),486,120,False,530.0,340.5706633141368,
composition_grouped_refit,Curie(TC) (K),487,334,False,625.0,340.1508299808035,
composition_grouped_refit,Curie(TC) (K),496,120,False,530.15,340.5706633141368,
composition_grouped_refit,Curie(TC) (K),502,346,False,240.0,371.1409972041844,
composition_grouped_refit,Curie(TC) (K),506,350,False,255.0,260.44983775949004,
composition_grouped_refit,Curie(TC) (K),507,351,False,658.0,586.641052249945,
composition_grouped_refit,Curie(TC) (K),508,352,False,663.0,588.3846347493152,
composition_grouped_refit,Curie(TC) (K),509,2,False,728.0,722.891946123285,
composition_grouped_refit,Curie(TC) (K),514,355,False,304.3,310.1574788059163,
composition_grouped_refit,Curie(TC) (K),515,355,False,318.9,310.1574788059163,
composition_grouped_refit,Curie(TC) (K),516,355,False,357.6,310.1574788059163,
composition_grouped_refit,Curie(TC) (K),517,355,False,359.3,310.1574788059163,
composition_grouped_refit,Curie(TC) (K),524,359,False,933.15,809.2612317816444,
composition_grouped_refit,Curie(TC) (K),529,362,False,915.0,889.9574023148153,
composition_grouped_refit,Curie(TC) (K),533,365,False,480.0,692.5056381132752,
composition_grouped_refit,Curie(TC) (K),538,370,False,488.0,572.3483868386237,
composition_grouped_refit,Curie(TC) (K),539,371,False,548.0,571.8775308862429,
composition_grouped_refit,Curie(TC) (K),556,381,False,744.15,681.8878013939758,
composition_grouped_refit,Curie(TC) (K),563,388,False,576.15,568.9005306878306,
composition_grouped_refit,Curie(TC) (K),581,30,False,473.15,457.4006548280424,
composition_grouped_refit,Curie(TC) (K),583,398,False,793.0,729.6321380599238,
composition_grouped_refit,Curie(TC) (K),591,404,False,568.15,656.8002697089942,
composition_grouped_refit,Curie(TC) (K),592,405,False,370.0,606.0632637195397,
composition_grouped_refit,Curie(TC) (K),597,408,False,781.15,633.2563005741939,
composition_grouped_refit,Curie(TC) (K),598,409,False,780.15,636.4238866853051,
composition_grouped_refit,Curie(TC) (K),600,411,False,772.15,639.7698977964163,
composition_grouped_refit,Curie(TC) (K),627,425,False,516.0,558.0995296428571,
composition_grouped_refit,Curie(TC) (K),632,428,False,766.27,738.0342912722076,
composition_grouped_refit,Curie(TC) (K),636,429,False,731.0,604.1643255002937,
composition_grouped_refit,Curie(TC) (K),637,430,False,783.0,390.8372992905244,
composition_grouped_refit,Curie(TC) (K),638,430,False,718.0,390.8372992905244,
composition_grouped_refit,Curie(TC) (K),645,436,False,583.15,403.813357279526,
composition_grouped_refit,Curie(TC) (K),654,440,False,743.15,741.3287692460317,
composition_grouped_refit,Curie(TC) (K),658,442,False,793.0,662.521857565106,
composition_grouped_refit,Curie(TC) (K),663,447,False,589.15,668.4884603174607,
composition_grouped_refit,Curie(TC) (K),671,449,False,12.0,222.45472367724864,
composition_grouped_refit,Curie(TC) (K),675,451,False,500.0,489.3271894430024,
composition_grouped_refit,Curie(TC) (K),681,457,False,423.0,396.1947485459908,
composition_grouped_refit,Curie(TC) (K),687,3,False,748.0,731.246034126984,
composition_grouped_refit,Curie(TC) (K),688,428,False,735.0,738.0342912722076,
composition_grouped_refit,Curie(TC) (K),691,465,False,39.0,139.6487961050986,
composition_grouped_refit,Curie(TC) (K),693,467,False,1199.0,918.660130964416,
composition_grouped_refit,Curie(TC) (K),705,477,False,666.0,652.5993977994232,
composition_grouped_refit,Curie(TC) (K),710,481,False,678.15,584.946758437565,
composition_grouped_refit,Curie(TC) (K),712,482,False,662.15,481.3936765873015,
composition_grouped_refit,Curie(TC) (K),713,30,False,640.15,457.4006548280424,
composition_grouped_refit,Curie(TC) (K),721,485,False,225.0,223.90949987894447,
composition_grouped_refit,Curie(TC) (K),730,3,False,750.0,731.246034126984,
composition_grouped_refit,Curie(TC) (K),739,2,False,741.18,722.891946123285,
composition_grouped_refit,Curie(TC) (K),744,499,False,773.0,659.7367761765111,
composition_grouped_refit,Curie(TC) (K),745,499,False,773.0,659.7367761765111,
composition_grouped_refit,Curie(TC) (K),746,499,False,773.0,659.7367761765111,
composition_grouped_refit,Curie(TC) (K),747,499,False,773.0,659.7367761765111,
composition_grouped_refit,Curie(TC) (K),748,499,False,773.0,659.7367761765111,
composition_grouped_refit,Curie(TC) (K),751,501,False,491.0,496.3489647038585,
composition_grouped_refit,Curie(TC) (K),754,504,False,474.0,509.16933275405705,
composition_grouped_refit,Curie(TC) (K),757,506,False,396.0,185.50415502645504,
composition_grouped_refit,Curie(TC) (K),758,507,False,329.0,177.37818161375662,
composition_grouped_refit,Curie(TC) (K),769,518,False,710.0,625.1442771164022,
composition_grouped_refit,Curie(TC) (K),775,522,False,470.0,325.5171431257631,
composition_grouped_refit,Curie(TC) (K),781,528,False,630.0,578.7741732765812,
composition_grouped_refit,Curie(TC) (K),782,529,False,630.0,610.8024199035656,
composition_grouped_refit,Curie(TC) (K),789,536,False,288.0,298.4981226190476,
composition_grouped_refit,Curie(TC) (K),802,543,False,510.15,547.512591666666,
composition_grouped_refit,Curie(TC) (K),814,549,False,601.0,612.4240406746029,
composition_grouped_refit,Curie(TC) (K),817,551,False,816.5,733.4555542327511,
composition_grouped_refit,Curie(TC) (K),822,307,False,728.15,715.2923896534016,
composition_grouped_refit,Curie(TC) (K),823,307,False,729.15,715.2923896534016,
composition_grouped_refit,Curie(TC) (K),824,307,False,728.15,715.2923896534016,
composition_grouped_refit,Curie(TC) (K),825,307,False,727.15,715.2923896534016,
composition_grouped_refit,Curie(TC) (K),826,307,False,725.15,715.2923896534016,
composition_grouped_refit,Curie(TC) (K),827,307,False,724.15,715.2923896534016,
composition_grouped_refit,Curie(TC) (K),830,554,False,695.0,630.1179082016956,
composition_grouped_refit,Curie(TC) (K),847,557,False,518.15,567.0512374546555,
composition_grouped_refit,Curie(TC) (K),848,557,False,518.15,567.0512374546555,
composition_grouped_refit,Curie(TC) (K),849,558,False,589.15,84.31874746873494,
composition_grouped_refit,Curie(TC) (K),872,572,False,580.0,667.1545027777784,
composition_grouped_refit,Curie(TC) (K),876,2,False,540.0,722.891946123285,
composition_grouped_refit,Curie(TC) (K),877,575,False,622.15,586.9049636373248,
composition_grouped_refit,Curie(TC) (K),878,576,False,671.15,626.4463783730155,
composition_grouped_refit,Curie(TC) (K),884,578,False,373.0,613.6531584446598,
composition_grouped_refit,Curie(TC) (K),890,583,False,956.0,860.4983048687425,
composition_grouped_refit,Curie(TC) (K),898,589,False,373.0,464.29058786884406,
composition_grouped_refit,Curie(TC) (K),899,590,False,664.0,622.4106929894177,
composition_grouped_refit,Curie(TC) (K),901,3,False,746.0,731.246034126984,
composition_grouped_refit,Curie(TC) (K),904,594,False,563.0,787.3318887880685,
composition_grouped_refit,Curie(TC) (K),951,30,False,790.0,457.4006548280424,
composition_grouped_refit,Curie(TC) (K),952,30,False,790.0,457.4006548280424,
composition_grouped_refit,Curie(TC) (K),953,30,False,790.0,457.4006548280424,
composition_grouped_refit,Curie(TC) (K),954,30,False,790.0,457.4006548280424,
composition_grouped_refit,Curie(TC) (K),955,30,False,790.0,457.4006548280424,
composition_grouped_refit,Curie(TC) (K),960,626,False,770.0,504.09039597985344,
composition_grouped_refit,Curie(TC) (K),962,628,False,1060.0,970.9321314579944,
composition_grouped_refit,Curie(TC) (K),986,3,False,748.15,731.246034126984,
composition_grouped_refit,Curie(TC) (K),990,649,False,745.15,579.4924975302833,
composition_grouped_refit,Curie(TC) (K),991,649,False,748.15,579.4924975302833,
composition_grouped_refit,Curie(TC) (K),992,649,False,748.15,579.4924975302833,
composition_grouped_refit,Curie(TC) (K),993,650,False,556.15,565.8919867861703,
composition_grouped_refit,Curie(TC) (K),996,652,False,541.55,627.6778810991417,
composition_grouped_refit,Curie(TC) (K),1001,657,False,892.15,730.1992673860916,
composition_grouped_refit,Curie(TC) (K),1006,662,False,796.15,709.8213015923884,
composition_grouped_refit,Curie(TC) (K),1013,665,False,375.0,323.8769810432406,
composition_grouped_refit,Curie(TC) (K),1019,667,False,1126.0,963.8848041946944,
composition_grouped_refit,Curie(TC) (K),1022,113,False,723.15,520.5693342127779,
composition_grouped_refit,Curie(TC) (K),1031,44,False,583.15,1101.761466234322,
composition_grouped_refit,Curie(TC) (K),1037,675,False,793.0,675.7728434526607,
composition_grouped_refit,Curie(TC) (K),1038,675,False,793.0,675.7728434526607,
composition_grouped_refit,Curie(TC) (K),1043,679,False,723.15,633.4478607407407,
composition_grouped_refit,Curie(TC) (K),1046,682,False,506.15,537.4234644576716,
composition_grouped_refit,Curie(TC) (K),1052,684,False,691.0,669.0864419151836,
composition_grouped_refit,Curie(TC) (K),1056,688,False,160.0,196.7979555555556,
composition_grouped_refit,Curie(TC) (K),1060,692,False,538.15,376.9775263492065,
composition_grouped_refit,Curie(TC) (K),1067,695,False,693.15,683.8505779541447,
composition_grouped_refit,Curie(TC) (K),1085,2,False,724.0,722.891946123285,
composition_grouped_refit,Curie(TC) (K),1086,2,False,689.0,722.891946123285,
composition_grouped_refit,Curie(TC) (K),1087,2,False,667.0,722.891946123285,
composition_grouped_refit,Curie(TC) (K),1088,2,False,645.0,722.891946123285,
composition_grouped_refit,Curie(TC) (K),1089,2,False,625.0,722.891946123285,
composition_grouped_refit,Curie(TC) (K),1090,2,False,606.0,722.891946123285,
composition_grouped_refit,Curie(TC) (K),1094,66,False,673.15,514.2120644716443,
composition_grouped_refit,Curie(TC) (K),1095,66,False,673.15,514.2120644716443,
composition_grouped_refit,Curie(TC) (K),1096,657,False,730.0,730.1992673860916,
composition_grouped_refit,Curie(TC) (K),1097,706,False,700.0,721.0860411624377,
composition_grouped_refit,Curie(TC) (K),1099,708,False,655.0,689.3870463959357,
composition_grouped_refit,Curie(TC) (K),1103,712,False,436.0,515.488103519875,
composition_grouped_refit,Curie(TC) (K),1104,3,False,749.0,731.246034126984,
composition_grouped_refit,Curie(TC) (K),1106,657,False,722.15,730.1992673860916,
composition_grouped_refit,Curie(TC) (K),1107,2,False,725.0,722.891946123285,
composition_grouped_refit,Curie(TC) (K),1108,66,False,728.0,514.2120644716443,
composition_grouped_refit,Curie(TC) (K),1134,734,False,687.15,642.4171974287802,
composition_grouped_refit,Curie(TC) (K),1135,30,False,798.15,457.4006548280424,
composition_grouped_refit,Curie(TC) (K),1136,30,False,708.15,457.4006548280424,
composition_grouped_refit,Curie(TC) (K),1140,30,False,450.0,457.4006548280424,
composition_grouped_refit,Curie(TC) (K),1141,737,False,745.05,630.5794004385796,
composition_grouped_refit,Curie(TC) (K),1150,740,False,621.0,614.4093147486773,
composition_grouped_refit,Curie(TC) (K),1151,741,False,609.0,605.6077148809524,
composition_grouped_refit,Curie(TC) (K),1153,743,False,565.0,602.2620148809522,
composition_grouped_refit,Curie(TC) (K),1166,753,False,523.0,587.4889365740739,
composition_grouped_refit,Curie(TC) (K),1167,665,False,370.0,323.8769810432406,
composition_grouped_refit,Curie(TC) (K),1168,754,False,332.0,286.82800246411193,
composition_grouped_refit,Curie(TC) (K),1171,756,False,400.0,593.6622286525969,
composition_grouped_refit,Curie(TC) (K),1175,759,False,428.0,437.32356686896975,
composition_grouped_refit,Curie(TC) (K),1179,761,False,822.0,822.8397262772978,
composition_grouped_refit,Curie(TC) (K),1185,695,False,683.0,683.8505779541447,
composition_grouped_refit,Curie(TC) (K),1206,777,False,365.0,297.80835476190475,
composition_grouped_refit,Curie(TC) (K),1212,781,False,300.0,357.8736931000483,
composition_grouped_refit,Curie(TC) (K),1214,782,False,710.0,613.9922048941794,
composition_grouped_refit,Curie(TC) (K),1216,2,False,730.0,722.891946123285,
composition_grouped_refit,Curie(TC) (K),1217,783,False,363.0,928.631760809114,
composition_grouped_refit,Curie(TC) (K),1231,789,False,64.0,224.17390634920625,
composition_grouped_refit,Curie(TC) (K),1232,790,False,370.0,483.06764937380416,
composition_grouped_refit,Curie(TC) (K),1233,790,False,370.0,483.06764937380416,
composition_grouped_refit,Curie(TC) (K),1234,790,False,370.0,483.06764937380416,
composition_grouped_refit,Curie(TC) (K),1235,790,False,370.0,483.06764937380416,
composition_grouped_refit,Curie(TC) (K),1237,792,False,767.0,624.0662297619042,
composition_grouped_refit,Curie(TC) (K),1238,120,False,633.0,340.5706633141368,
composition_grouped_refit,Curie(TC) (K),1242,790,False,123.0,483.06764937380416,
composition_grouped_refit,Curie(TC) (K),1247,798,False,658.15,614.0589928571426,
composition_grouped_refit,Curie(TC) (K),1248,798,False,658.15,614.0589928571426,
composition_grouped_refit,Curie(TC) (K),1250,30,False,350.0,457.4006548280424,
composition_grouped_refit,Curie(TC) (K),1257,801,False,620.0,728.2173585372963,
composition_grouped_refit,Curie(TC) (K),1260,790,False,360.0,483.06764937380416,
composition_grouped_refit,Curie(TC) (K),1261,790,False,360.0,483.06764937380416,
composition_grouped_refit,Curie(TC) (K),1269,120,False,628.0,340.5706633141368,
composition_grouped_refit,Curie(TC) (K),1270,120,False,628.0,340.5706633141368,
composition_grouped_refit,Curie(TC) (K),1273,809,False,780.0,286.0880626262626,
composition_grouped_refit,Curie(TC) (K),1275,810,False,215.0,255.22733080937783,
composition_grouped_refit,Curie(TC) (K),1291,44,False,175.0,1101.761466234322,
composition_grouped_refit,Curie(TC) (K),1294,816,False,423.15,670.7109710581251,
composition_grouped_refit,Curie(TC) (K),1295,816,False,423.15,670.7109710581251,
composition_grouped_refit,Curie(TC) (K),1306,792,False,761.0,624.0662297619042,
composition_grouped_refit,Curie(TC) (K),1307,792,False,761.0,624.0662297619042,
composition_grouped_refit,Curie(TC) (K),1309,824,False,400.0,534.7617119047616,
composition_grouped_refit,Curie(TC) (K),1324,792,False,763.15,624.0662297619042,
composition_grouped_refit,Curie(TC) (K),1327,44,False,928.0,1101.761466234322,
composition_grouped_refit,Curie(TC) (K),1342,841,False,350.0,354.3166170092871,
composition_grouped_refit,Curie(TC) (K),1349,845,False,400.0,530.759380753968,
composition_grouped_refit,Curie(TC) (K),1351,789,False,30.0,224.17390634920625,
composition_grouped_refit,Curie(TC) (K),1354,665,False,360.0,323.8769810432406,
composition_grouped_refit,Curie(TC) (K),1372,665,False,288.0,323.8769810432406,
composition_grouped_refit,Curie(TC) (K),1375,790,False,350.0,483.06764937380416,
composition_grouped_refit,Curie(TC) (K),1379,792,False,767.0,624.0662297619042,
composition_grouped_refit,Curie(TC) (K),1383,628,False,981.0,970.9321314579944,
composition_grouped_refit,Curie(TC) (K),1384,867,False,952.0,949.6144075286076,
composition_grouped_refit,Curie(TC) (K),1386,869,False,864.0,763.3176922586982,
composition_grouped_refit,Curie(TC) (K),1393,872,False,28.0,187.23433174603164,
composition_grouped_refit,Curie(TC) (K),1394,665,False,350.0,323.8769810432406,
composition_grouped_refit,Curie(TC) (K),1396,873,False,328.0,286.88483677248644,
composition_grouped_refit,Curie(TC) (K),1400,875,False,150.0,235.0379487906583,
composition_grouped_refit,Curie(TC) (K),1405,879,False,47.9,402.6477172435457,
composition_grouped_refit,Curie(TC) (K),1407,810,False,200.0,255.22733080937783,
composition_grouped_refit,Curie(TC) (K),1408,875,False,150.0,235.0379487906583,
composition_grouped_refit,Curie(TC) (K),1409,875,False,150.0,235.0379487906583,
composition_grouped_refit,Curie(TC) (K),1419,886,False,1000.0,973.3863937652446,
composition_grouped_refit,Curie(TC) (K),1420,887,False,130.0,267.79063463203454,
composition_grouped_refit,Curie(TC) (K),1428,810,False,260.0,255.22733080937783,
composition_grouped_refit,Curie(TC) (K),1429,895,False,8.7,287.4313568783068,
composition_grouped_refit,Curie(TC) (K),1430,896,False,80.0,474.70026480648977,
composition_grouped_refit,Curie(TC) (K),1432,845,False,404.0,530.759380753968,
composition_grouped_refit,Curie(TC) (K),1437,900,False,160.0,144.18733162023165,
composition_grouped_refit,Curie(TC) (K),1442,904,False,16.0,250.16756677977796,
composition_grouped_refit,Curie(TC) (K),1459,916,False,204.0,650.9869254339386,
composition_grouped_refit,Curie(TC) (K),1476,925,False,625.0,546.0540764643239,
composition_grouped_refit,Curie(TC) (K),1503,44,False,1388.0,1101.761466234322,
composition_grouped_refit,Curie(TC) (K),1505,946,False,215.5,225.2081675009512,
composition_grouped_refit,Curie(TC) (K),1507,948,False,166.2,219.09331058201064,
composition_grouped_refit,Curie(TC) (K),1515,952,False,9.7,138.21821382275132,
composition_grouped_refit,Curie(TC) (K),1518,954,False,541.0,584.2104262896825,
composition_grouped_refit,Curie(TC) (K),1531,960,False,930.0,241.394646957672,
composition_grouped_refit,Curie(TC) (K),1539,964,False,119.0,447.51560328549465,
composition_grouped_refit,Curie(TC) (K),1542,967,False,707.0,732.6053923299534,
composition_grouped_refit,Curie(TC) (K),1550,974,False,278.0,517.2859695417643,
composition_grouped_refit,Curie(TC) (K),1552,976,False,290.0,555.0355214285712,
composition_grouped_refit,Curie(TC) (K),1555,845,False,415.0,530.759380753968,
composition_grouped_refit,Curie(TC) (K),1556,845,False,470.0,530.759380753968,
composition_grouped_refit,Curie(TC) (K),1557,845,False,520.0,530.759380753968,
composition_grouped_refit,Curie(TC) (K),1558,845,False,570.0,530.759380753968,
composition_grouped_refit,Curie(TC) (K),1559,978,False,830.0,539.4151134495518,
composition_grouped_refit,Curie(TC) (K),1567,981,False,10.6,271.1394457671958,
composition_grouped_refit,Curie(TC) (K),1572,120,False,628.0,340.5706633141368,
composition_grouped_refit,Curie(TC) (K),1580,792,False,761.0,624.0662297619042,
composition_grouped_refit,Curie(TC) (K),1605,485,False,228.0,223.90949987894447,
composition_grouped_refit,Curie(TC) (K),1606,485,False,226.0,223.90949987894447,
composition_grouped_refit,Curie(TC) (K),1607,845,False,450.0,530.759380753968,
composition_grouped_refit,Curie(TC) (K),1608,1002,False,60.0,99.75449057479555,
composition_grouped_refit,Curie(TC) (K),1634,790,False,255.0,483.06764937380416,
composition_grouped_refit,Curie(TC) (K),1635,810,False,250.0,255.22733080937783,
composition_grouped_refit,Curie(TC) (K),1636,810,False,230.0,255.22733080937783,
composition_grouped_refit,Curie(TC) (K),1640,506,False,395.0,185.50415502645504,
composition_grouped_refit,Curie(TC) (K),1642,960,False,365.0,241.394646957672,
composition_grouped_refit,Curie(TC) (K),1646,1016,False,120.0,134.0931455002404,
composition_grouped_refit,Curie(TC) (K),1649,44,False,300.0,1101.761466234322,
composition_grouped_refit,Curie(TC) (K),1655,789,False,68.0,224.17390634920625,
composition_grouped_refit,Curie(TC) (K),1656,790,False,320.0,483.06764937380416,
composition_grouped_refit,Curie(TC) (K),1661,1023,False,423.0,476.4338534646332,
composition_grouped_refit,Curie(TC) (K),1669,1028,False,80.0,206.00471603174609,
composition_grouped_refit,Curie(TC) (K),1674,665,False,290.5,323.8769810432406,
composition_grouped_refit,Curie(TC) (K),1675,665,False,286.0,323.8769810432406,
composition_grouped_refit,Curie(TC) (K),1676,1032,False,380.0,296.7996503968254,
composition_grouped_refit,Curie(TC) (K),1682,1035,False,300.0,345.0736772270323,
composition_grouped_refit,Curie(TC) (K),1685,790,False,200.0,483.06764937380416,
composition_grouped_refit,Curie(TC) (K),1686,790,False,210.0,483.06764937380416,
composition_grouped_refit,Curie(TC) (K),1720,485,False,228.0,223.90949987894447,
composition_grouped_refit,Curie(TC) (K),1721,1052,False,711.0,154.62790416666664,
composition_grouped_refit,Curie(TC) (K),1723,789,False,58.6,224.17390634920625,
composition_grouped_refit,Curie(TC) (K),1724,1054,False,350.0,866.8946232432393,
composition_grouped_refit,Curie(TC) (K),1729,44,False,18.6,1101.761466234322,
composition_grouped_refit,Curie(TC) (K),1730,44,False,16.3,1101.761466234322,
composition_grouped_refit,Curie(TC) (K),1735,1057,False,15.0,382.6446546702707,
composition_grouped_refit,Coercivity (Oe),4,2,False,2.941511432634403,3.170986884695701,
composition_grouped_refit,Coercivity (Oe),5,3,False,3.612783856719736,4.067217127041549,
composition_grouped_refit,Coercivity (Oe),6,3,False,4.012837224705172,4.067217127041549,
composition_grouped_refit,Coercivity (Oe),16,10,False,4.206015876763344,3.1464066244749818,
composition_grouped_refit,Coercivity (Oe),18,12,False,-0.7695510786217261,0.0692160061866044,
composition_grouped_refit,Coercivity (Oe),32,23,False,3.9395192526186182,3.8121565036146974,
composition_grouped_refit,Coercivity (Oe),34,25,False,3.6020599913279625,3.58097610749462,
composition_grouped_refit,Coercivity (Oe),39,30,False,0.2741578492636798,1.459360601849748,
composition_grouped_refit,Coercivity (Oe),40,31,False,3.681241237375587,3.4798015717374224,
composition_grouped_refit,Coercivity (Oe),49,39,False,1.4229179807676624,2.983133410826953,
composition_grouped_refit,Coercivity (Oe),55,44,False,-1.2218487496163564,2.724297120155214,
composition_grouped_refit,Coercivity (Oe),61,49,False,3.9161137495997234,4.099964277054794,
composition_grouped_refit,Coercivity (Oe),62,49,False,4.015137101461757,4.099964277054794,
composition_grouped_refit,Coercivity (Oe),63,49,False,4.1095097022294444,4.099964277054794,
composition_grouped_refit,Coercivity (Oe),71,54,False,3.214843848047698,2.5344683562816925,
composition_grouped_refit,Coercivity (Oe),72,55,False,4.176091259055681,3.915158497874352,
composition_grouped_refit,Coercivity (Oe),75,58,False,1.3502480183341627,1.5278318182110533,
composition_grouped_refit,Coercivity (Oe),76,59,False,1.639486489268586,1.6456097698506444,
composition_grouped_refit,Coercivity (Oe),81,63,False,4.107209969647869,4.064666034368217,
composition_grouped_refit,Coercivity (Oe),85,2,False,3.703291378118661,3.170986884695701,
composition_grouped_refit,Coercivity (Oe),86,66,False,2.9542425094393248,2.216707152617137,
composition_grouped_refit,Coercivity (Oe),87,67,False,3.7437464455911926,3.5548923458162003,
composition_grouped_refit,Coercivity (Oe),90,70,False,3.4771212547196626,2.777712661102586,
composition_grouped_refit,Coercivity (Oe),92,72,False,4.701567985055927,3.6162232832987034,
composition_grouped_refit,Coercivity (Oe),96,76,False,1.0,3.155387191697345,
composition_grouped_refit,Coercivity (Oe),98,78,False,3.380211241711606,3.587592464998191,
composition_grouped_refit,Coercivity (Oe),99,3,False,3.662757831681574,4.067217127041549,
composition_grouped_refit,Coercivity (Oe),107,83,False,1.5247854493212225,2.755037801362725,
composition_grouped_refit,Coercivity (Oe),108,3,False,4.501059262217751,4.067217127041549,
composition_grouped_refit,Coercivity (Oe),111,86,False,3.982271233039568,3.9749013855314574,
composition_grouped_refit,Coercivity (Oe),113,88,False,3.9956351945975497,3.8622358328852178,
composition_grouped_refit,Coercivity (Oe),127,96,False,4.004321373782642,3.923111305362212,
composition_grouped_refit,Coercivity (Oe),132,3,False,3.93363051054507,4.067217127041549,
composition_grouped_refit,Coercivity (Oe),133,100,False,3.6812729035270784,1.6392888399146175,
composition_grouped_refit,Coercivity (Oe),135,101,False,3.249658099106613,2.45822271502138,
composition_grouped_refit,Coercivity (Oe),144,101,False,3.214843848047698,2.45822271502138,
composition_grouped_refit,Coercivity (Oe),145,106,False,4.117271295655764,3.879107834601065,
composition_grouped_refit,Coercivity (Oe),146,107,False,3.722458688843872,3.6828098798260847,
composition_grouped_refit,Coercivity (Oe),148,109,False,-0.8860566476931632,0.1781873293747397,
composition_grouped_refit,Coercivity (Oe),152,3,False,4.043692295012276,4.067217127041549,
composition_grouped_refit,Coercivity (Oe),154,113,False,-0.619788758288394,0.8791421491145659,
composition_grouped_refit,Coercivity (Oe),162,120,False,3.663700925389648,3.9503143120160695,
composition_grouped_refit,Coercivity (Oe),168,44,False,2.550228353055094,2.724297120155214,
composition_grouped_refit,Coercivity (Oe),186,136,False,3.886490725172482,3.606367094803664,
composition_grouped_refit,Coercivity (Oe),190,139,False,2.885361220031512,3.129767413237386,
composition_grouped_refit,Coercivity (Oe),192,139,False,3.23401081758718,3.129767413237386,
composition_grouped_refit,Coercivity (Oe),193,120,False,3.4818008095386106,3.9503143120160695,
composition_grouped_refit,Coercivity (Oe),194,141,False,4.362135126493338,4.02252242032522,
composition_grouped_refit,Coercivity (Oe),209,3,False,4.1003705451175625,4.067217127041549,
composition_grouped_refit,Coercivity (Oe),213,158,False,2.8857568810692675,3.1853527640923094,
composition_grouped_refit,Coercivity (Oe),217,120,False,4.4609375135201335,3.9503143120160695,
composition_grouped_refit,Coercivity (Oe),218,3,False,4.143014800254095,4.067217127041549,
composition_grouped_refit,Coercivity (Oe),228,168,False,3.2624510897304293,3.755589514281956,
composition_grouped_refit,Coercivity (Oe),233,101,False,3.26356269383999,2.45822271502138,
composition_grouped_refit,Coercivity (Oe),236,174,False,2.591064607026499,1.111365631361712,
composition_grouped_refit,Coercivity (Oe),243,178,False,1.400192488592576,2.1197522863025613,
composition_grouped_refit,Coercivity (Oe),254,2,False,3.683947130751512,3.170986884695701,
composition_grouped_refit,Coercivity (Oe),255,2,False,3.546542663478131,3.170986884695701,
composition_grouped_refit,Coercivity (Oe),256,2,False,3.660865478003869,3.170986884695701,
composition_grouped_refit,Coercivity (Oe),257,2,False,3.6464037262230695,3.170986884695701,
composition_grouped_refit,Coercivity (Oe),258,2,False,3.510545010206612,3.170986884695701,
composition_grouped_refit,Coercivity (Oe),259,2,False,3.595496221825574,3.170986884695701,
composition_grouped_refit,Coercivity (Oe),264,184,False,1.5440680443502757,2.0145350846137817,
composition_grouped_refit,Coercivity (Oe),265,66,False,1.4941545940184429,2.216707152617137,
composition_grouped_refit,Coercivity (Oe),275,192,False,3.0,4.085078036178438,
composition_grouped_refit,Coercivity (Oe),285,120,False,3.568201724066995,3.9503143120160695,
composition_grouped_refit,Coercivity (Oe),289,198,False,4.164352855784437,4.00360316039975,
composition_grouped_refit,Coercivity (Oe),290,199,False,3.6232492903979,3.5056044457128603,
composition_grouped_refit,Coercivity (Oe),299,208,False,3.1760912590556813,2.3278727132677157,
composition_grouped_refit,Coercivity (Oe),301,210,False,3.763851598418233,3.351799194391744,
composition_grouped_refit,Coercivity (Oe),302,3,False,3.4971495058611235,4.067217127041549,
composition_grouped_refit,Coercivity (Oe),306,213,False,1.5588285248170115,2.27278397507074,
composition_grouped_refit,Coercivity (Oe),308,215,False,3.4913616938342726,3.915094360310303,
composition_grouped_refit,Coercivity (Oe),311,218,False,4.05307844348342,3.8249916961059514,
composition_grouped_refit,Coercivity (Oe),341,237,False,3.5287881917748964,3.418383476215735,
composition_grouped_refit,Coercivity (Oe),348,3,False,4.130333768495007,4.067217127041549,
composition_grouped_refit,Coercivity (Oe),355,244,False,3.544068044350276,3.5716593508949623,
composition_grouped_refit,Coercivity (Oe),358,247,False,4.152288344383057,3.0171963686951795,
composition_grouped_refit,Coercivity (Oe),359,247,False,4.033423755486949,3.0171963686951795,
composition_grouped_refit,Coercivity (Oe),370,256,False,1.7704101315139062,3.775339415082423,
composition_grouped_refit,Coercivity (Oe),374,260,False,1.4771212547196624,2.014725703787184,
composition_grouped_refit,Coercivity (Oe),392,273,False,-1.2218487496163564,-0.4290898104079956,
composition_grouped_refit,Coercivity (Oe),393,2,False,3.5384480517102173,3.170986884695701,
composition_grouped_refit,Coercivity (Oe),395,275,False,2.661812685537261,2.7262606570013923,
composition_grouped_refit,Coercivity (Oe),397,277,False,1.8195439355418688,2.2689721206583937,
composition_grouped_refit,Coercivity (Oe),400,280,False,3.963787827345555,3.982372941481562,
composition_grouped_refit,Coercivity (Oe),411,286,False,4.03981055414835,3.662720421011339,
composition_grouped_refit,Coercivity (Oe),414,289,False,3.3010299956639813,2.0746767639066257,
composition_grouped_refit,Coercivity (Oe),419,294,False,4.079181246047625,3.771754689426212,
composition_grouped_refit,Coercivity (Oe),421,296,False,3.397940008672037,3.2299205313195074,
composition_grouped_refit,Coercivity (Oe),437,306,False,4.117271295655764,4.005999192743712,
composition_grouped_refit,Coercivity (Oe),439,307,False,3.6599162000698495,3.1225346836370766,
composition_grouped_refit,Coercivity (Oe),440,307,False,3.644438589467839,3.1225346836370766,
composition_grouped_refit,Coercivity (Oe),441,307,False,3.6830470382388496,3.1225346836370766,
composition_grouped_refit,Coercivity (Oe),442,307,False,3.6884198220027113,3.1225346836370766,
composition_grouped_refit,Coercivity (Oe),444,3,False,4.096910013008056,4.067217127041549,
composition_grouped_refit,Coercivity (Oe),445,308,False,3.3654879848909,3.050381388622727,
composition_grouped_refit,Coercivity (Oe),446,309,False,3.4265112613645754,3.014430000196982,
composition_grouped_refit,Coercivity (Oe),447,120,False,4.02530586526477,3.9503143120160695,
composition_grouped_refit,Coercivity (Oe),457,318,False,3.790691816717609,3.786505436973817,
composition_grouped_refit,Coercivity (Oe),458,319,False,3.7947716744956894,3.735304164028267,
composition_grouped_refit,Coercivity (Oe),468,323,False,3.653212513775344,3.2647831671173426,
composition_grouped_refit,Coercivity (Oe),474,327,False,3.462397997898956,3.6455964362768936,
composition_grouped_refit,Coercivity (Oe),475,328,False,3.397940008672037,3.6292641885948993,
composition_grouped_refit,Coercivity (Oe),476,215,False,3.631443769013172,3.915094360310303,
composition_grouped_refit,Coercivity (Oe),480,331,False,3.747569492637394,3.66821021571176,
composition_grouped_refit,Coercivity (Oe),481,332,False,3.93616626845658,3.614870660860494,
composition_grouped_refit,Coercivity (Oe),484,120,False,3.4471580313422194,3.9503143120160695,
composition_grouped_refit,Coercivity (Oe),485,333,False,3.7436484973026496,3.4926041479087453,
composition_grouped_refit,Coercivity (Oe),486,120,False,4.008600171761918,3.9503143120160695,
composition_grouped_refit,Coercivity (Oe),487,334,False,4.0,3.951862868452223,
composition_grouped_refit,Coercivity (Oe),496,120,False,3.8976270912904414,3.9503143120160695,
composition_grouped_refit,Coercivity (Oe),502,346,False,3.903089986991944,2.938549708818797,
composition_grouped_refit,Coercivity (Oe),506,350,False,2.376576957056512,2.473184356072522,
composition_grouped_refit,Coercivity (Oe),507,351,False,-1.0,-0.3242526407494164,
composition_grouped_refit,Coercivity (Oe),508,352,False,-1.0969100130080565,-0.419095910559581,
composition_grouped_refit,Coercivity (Oe),509,2,False,3.557428997797532,3.170986884695701,
composition_grouped_refit,Coercivity (Oe),514,355,False,3.1055101847699738,2.273559699159277,
composition_grouped_refit,Coercivity (Oe),515,355,False,3.0549958615291417,2.273559699159277,
composition_grouped_refit,Coercivity (Oe),516,355,False,3.1172712956557644,2.273559699159277,
composition_grouped_refit,Coercivity (Oe),517,355,False,2.380211241711606,2.273559699159277,
composition_grouped_refit,Coercivity (Oe),524,359,False,-0.1249387366082999,1.665571676030646,
composition_grouped_refit,Coercivity (Oe),529,362,False,2.0791812460476247,2.060170755011002,
composition_grouped_refit,Coercivity (Oe),533,365,False,2.423245873936808,2.884148418825298,
composition_grouped_refit,Coercivity (Oe),538,370,False,-1.2218487496163564,-0.6705121746851994,
composition_grouped_refit,Coercivity (Oe),539,371,False,-1.3979400086720375,-0.690946990935712,
composition_grouped_refit,Coercivity (Oe),556,381,False,2.648925689157213,2.63580186498723,
composition_grouped_refit,Coercivity (Oe),563,388,False,-0.8860566476931632,-0.8774496214020073,
composition_grouped_refit,Coercivity (Oe),581,30,False,0.3424226808222063,1.459360601849748,
composition_grouped_refit,Coercivity (Oe),583,398,False,2.296665190261531,1.7969207009660335,
composition_grouped_refit,Coercivity (Oe),591,404,False,2.5563025007672877,1.9038307207601892,
composition_grouped_refit,Coercivity (Oe),592,405,False,1.564666064252089,1.9541826356676424,
composition_grouped_refit,Coercivity (Oe),597,408,False,3.137670537236755,2.694650437723575,
composition_grouped_refit,Coercivity (Oe),598,409,False,2.9472376078706666,2.7176824181529757,
composition_grouped_refit,Coercivity (Oe),600,411,False,2.2531198338868874,2.7022215894009616,
composition_grouped_refit,Coercivity (Oe),627,425,False,-0.5528419686577808,-0.3372826855150712,
composition_grouped_refit,Coercivity (Oe),632,428,False,3.804480189105993,3.033127550893091,
composition_grouped_refit,Coercivity (Oe),636,429,False,2.92813970687512,3.1873313265918144,
composition_grouped_refit,Coercivity (Oe),637,430,False,0.6127838567197355,1.0043550335282632,
composition_grouped_refit,Coercivity (Oe),638,430,False,0.8750612633917001,1.0043550335282632,
composition_grouped_refit,Coercivity (Oe),645,436,False,3.9522992849085568,3.4725835544076986,
composition_grouped_refit,Coercivity (Oe),654,440,False,3.8946726581414817,4.085499525190247,
composition_grouped_refit,Coercivity (Oe),658,442,False,2.962369335670021,2.809469697068937,
composition_grouped_refit,Coercivity (Oe),663,447,False,3.6720978579357175,3.438668566115785,
composition_grouped_refit,Coercivity (Oe),671,449,False,2.204119982655925,3.247639252687008,
composition_grouped_refit,Coercivity (Oe),675,451,False,1.9211660506377388,2.445084301065574,
composition_grouped_refit,Coercivity (Oe),681,457,False,3.094331349277096,2.930070290196685,
composition_grouped_refit,Coercivity (Oe),687,3,False,3.960470777534299,4.067217127041549,
composition_grouped_refit,Coercivity (Oe),688,428,False,2.62293896921149,3.033127550893091,
composition_grouped_refit,Coercivity (Oe),691,465,False,4.342422680822207,3.397226288166786,
composition_grouped_refit,Coercivity (Oe),693,467,False,0.9030899869919436,1.1619912291960557,
composition_grouped_refit,Coercivity (Oe),705,477,False,0.2810333672477275,0.349797677032148,
composition_grouped_refit,Coercivity (Oe),710,481,False,2.318313817223999,1.4558531215615014,
composition_grouped_refit,Coercivity (Oe),712,482,False,2.4595734061046524,0.9337812102129356,
composition_grouped_refit,Coercivity (Oe),713,30,False,2.471775621020804,1.459360601849748,
composition_grouped_refit,Coercivity (Oe),721,485,False,2.987666264926274,2.882296337732578,
composition_grouped_refit,Coercivity (Oe),730,3,False,4.392696953259666,4.067217127041549,
composition_grouped_refit,Coercivity (Oe),739,2,False,3.779596491257824,3.170986884695701,
composition_grouped_refit,Coercivity (Oe),744,499,False,2.2479732663618064,2.573297955687536,
composition_grouped_refit,Coercivity (Oe),745,499,False,2.444044795918076,2.573297955687536,
composition_grouped_refit,Coercivity (Oe),746,499,False,2.690196080028514,2.573297955687536,
composition_grouped_refit,Coercivity (Oe),747,499,False,3.0342272607705505,2.573297955687536,
composition_grouped_refit,Coercivity (Oe),748,499,False,2.9339931638312424,2.573297955687536,
composition_grouped_refit,Coercivity (Oe),751,501,False,3.7582304084577496,3.4447268269577336,
composition_grouped_refit,Coercivity (Oe),754,504,False,2.868056361823041,3.088252183666925,
composition_grouped_refit,Coercivity (Oe),757,506,False,1.7781512503836436,2.4654761541426504,
composition_grouped_refit,Coercivity (Oe),758,507,False,1.7781512503836436,2.356552166095049,
composition_grouped_refit,Coercivity (Oe),769,518,False,1.9030899869919435,2.297305002287625,
composition_grouped_refit,Coercivity (Oe),775,522,False,-1.2218487496163564,0.5906761352794739,
composition_grouped_refit,Coercivity (Oe),781,528,False,2.977266212427293,2.510509241665882,
composition_grouped_refit,Coercivity (Oe),782,529,False,2.9804578922761,2.665730957194792,
composition_grouped_refit,Coercivity (Oe),789,536,False,3.865991800126275,3.6870329881777577,
composition_grouped_refit,Coercivity (Oe),802,543,False,2.0073636543122784,1.7577886029429086,
composition_grouped_refit,Coercivity (Oe),814,549,False,-1.2218487496163564,-0.8033073158782216,
composition_grouped_refit,Coercivity (Oe),817,551,False,2.6766936096248664,1.8272873423541591,
composition_grouped_refit,Coercivity (Oe),822,307,False,2.44870631990508,3.1225346836370766,
composition_grouped_refit,Coercivity (Oe),823,307,False,2.599883072073688,3.1225346836370766,
composition_grouped_refit,Coercivity (Oe),824,307,False,2.5352941200427703,3.1225346836370766,
composition_grouped_refit,Coercivity (Oe),825,307,False,2.5921767573958667,3.1225346836370766,
composition_grouped_refit,Coercivity (Oe),826,307,False,2.561101383649056,3.1225346836370766,
composition_grouped_refit,Coercivity (Oe),827,307,False,2.494154594018443,3.1225346836370766,
composition_grouped_refit,Coercivity (Oe),830,554,False,2.239799818447098,1.7028897256095834,
composition_grouped_refit,Coercivity (Oe),847,557,False,3.479421257301672,3.430037401948898,
composition_grouped_refit,Coercivity (Oe),848,557,False,3.6555120363564666,3.430037401948898,
composition_grouped_refit,Coercivity (Oe),849,558,False,4.418632687354066,2.452670307003798,
composition_grouped_refit,Coercivity (Oe),872,572,False,3.678993384838101,3.3121956614498567,
composition_grouped_refit,Coercivity (Oe),876,2,False,3.3725438007590705,3.170986884695701,
composition_grouped_refit,Coercivity (Oe),877,575,False,0.2741578492636798,0.1678419751465594,
composition_grouped_refit,Coercivity (Oe),878,576,False,-0.5376020021010439,-0.7670718079524137,
composition_grouped_refit,Coercivity (Oe),884,578,False,2.691656043498147,2.4250777248233644,
composition_grouped_refit,Coercivity (Oe),890,583,False,3.571009672309305,3.23394907701185,
composition_grouped_refit,Coercivity (Oe),898,589,False,3.213156358659705,3.1035264735207537,
composition_grouped_refit,Coercivity (Oe),899,590,False,-1.0,-0.8710556783399399,
composition_grouped_refit,Coercivity (Oe),901,3,False,4.44870631990508,4.067217127041549,
composition_grouped_refit,Coercivity (Oe),904,594,False,3.124514006131383,2.8810995942598665,
composition_grouped_refit,Coercivity (Oe),951,30,False,2.2070146586829003,1.459360601849748,
composition_grouped_refit,Coercivity (Oe),952,30,False,2.841271851779091,1.459360601849748,
composition_grouped_refit,Coercivity (Oe),953,30,False,2.557964113554224,1.459360601849748,
composition_grouped_refit,Coercivity (Oe),954,30,False,2.245586688974213,1.459360601849748,
composition_grouped_refit,Coercivity (Oe),955,30,False,1.7000110623221123,1.459360601849748,
composition_grouped_refit,Coercivity (Oe),960,626,False,2.151982395457474,1.765059332646081,
composition_grouped_refit,Coercivity (Oe),962,628,False,2.5308397786165204,1.3885174364938724,
composition_grouped_refit,Coercivity (Oe),986,3,False,3.9684829485539352,4.067217127041549,
composition_grouped_refit,Coercivity (Oe),990,649,False,-0.6575773191777937,-0.4901471153464854,
composition_grouped_refit,Coercivity (Oe),991,649,False,-0.3372421683184259,-0.4901471153464854,
composition_grouped_refit,Coercivity (Oe),992,649,False,-0.5376020021010439,-0.4901471153464854,
composition_grouped_refit,Coercivity (Oe),993,650,False,4.26245108973043,3.566932114483087,
composition_grouped_refit,Coercivity (Oe),996,652,False,2.506505032404872,2.4259688963395942,
composition_grouped_refit,Coercivity (Oe),1001,657,False,3.322219294733919,3.316597148352265,
composition_grouped_refit,Coercivity (Oe),1006,662,False,1.845098040014257,2.2122549190864285,
composition_grouped_refit,Coercivity (Oe),1013,665,False,1.521007252408604,1.768139660318791,
composition_grouped_refit,Coercivity (Oe),1019,667,False,1.5759956202032677,1.5495955604577845,
composition_grouped_refit,Coercivity (Oe),1022,113,False,1.1139433523068367,0.8791421491145659,
composition_grouped_refit,Coercivity (Oe),1031,44,False,-1.6989700043360187,2.724297120155214,
composition_grouped_refit,Coercivity (Oe),1037,675,False,1.6110857334148727,2.792518811855367,
composition_grouped_refit,Coercivity (Oe),1038,675,False,1.8185557792978029,2.792518811855367,
composition_grouped_refit,Coercivity (Oe),1043,679,False,1.6637951222194076,1.9234705264799885,
composition_grouped_refit,Coercivity (Oe),1046,682,False,2.004321373782642,1.827353560307876,
composition_grouped_refit,Coercivity (Oe),1052,684,False,-0.4089353929735008,-0.6104038396398064,
composition_grouped_refit,Coercivity (Oe),1056,688,False,2.656424040287152,2.2319389077496705,
composition_grouped_refit,Coercivity (Oe),1060,692,False,0.5622928644564746,0.916585558981856,
composition_grouped_refit,Coercivity (Oe),1067,695,False,-1.6989700043360187,-0.2314135927550398,
composition_grouped_refit,Coercivity (Oe),1085,2,False,3.529045170765769,3.170986884695701,
composition_grouped_refit,Coercivity (Oe),1086,2,False,3.5656117249020585,3.170986884695701,
composition_grouped_refit,Coercivity (Oe),1087,2,False,3.6586790285824486,3.170986884695701,
composition_grouped_refit,Coercivity (Oe),1088,2,False,3.5413295776666938,3.170986884695701,
composition_grouped_refit,Coercivity (Oe),1089,2,False,3.545430829465351,3.170986884695701,
composition_grouped_refit,Coercivity (Oe),1090,2,False,3.578295305120826,3.170986884695701,
composition_grouped_refit,Coercivity (Oe),1094,66,False,1.893317811616112,2.216707152617137,
composition_grouped_refit,Coercivity (Oe),1095,66,False,1.5560611590095326,2.216707152617137,
composition_grouped_refit,Coercivity (Oe),1096,657,False,3.4430438286483405,3.316597148352265,
composition_grouped_refit,Coercivity (Oe),1097,706,False,3.4579575512036382,3.3391782463744697,
composition_grouped_refit,Coercivity (Oe),1099,708,False,3.484484909031941,3.419229459514025,
composition_grouped_refit,Coercivity (Oe),1103,712,False,3.7141066863794334,3.216476933000401,
composition_grouped_refit,Coercivity (Oe),1104,3,False,4.501059262217751,4.067217127041549,
composition_grouped_refit,Coercivity (Oe),1106,657,False,3.5055569386638217,3.316597148352265,
composition_grouped_refit,Coercivity (Oe),1107,2,False,3.217220655644519,3.170986884695701,
composition_grouped_refit,Coercivity (Oe),1108,66,False,2.3010299956639813,2.216707152617137,
composition_grouped_refit,Coercivity (Oe),1134,734,False,-0.8860566476931632,3.031257378208418,
composition_grouped_refit,Coercivity (Oe),1135,30,False,1.6720978579357175,1.459360601849748,
composition_grouped_refit,Coercivity (Oe),1136,30,False,0.9030899869919436,1.459360601849748,
composition_grouped_refit,Coercivity (Oe),1140,30,False,1.2041199826559248,1.459360601849748,
composition_grouped_refit,Coercivity (Oe),1141,737,False,2.332034277027518,1.7089413595470122,
composition_grouped_refit,Coercivity (Oe),1150,740,False,-1.3010299956639813,-1.2043792393671402,
composition_grouped_refit,Coercivity (Oe),1151,741,False,-1.154901959985743,-1.1703615624870178,
composition_grouped_refit,Coercivity (Oe),1153,743,False,-0.6575773191777937,-0.9258441660369944,
composition_grouped_refit,Coercivity (Oe),1166,753,False,-1.0457574905606752,-0.3847142390605687,
composition_grouped_refit,Coercivity (Oe),1167,665,False,1.6989700043360187,1.768139660318791,
composition_grouped_refit,Coercivity (Oe),1168,754,False,1.286456469746983,1.526415686606293,
composition_grouped_refit,Coercivity (Oe),1171,756,False,1.2430380486862944,1.909432629285136,
composition_grouped_refit,Coercivity (Oe),1175,759,False,2.2695129442179165,2.0944389280134423,
composition_grouped_refit,Coercivity (Oe),1179,761,False,2.094121595840561,2.437999451869908,
composition_grouped_refit,Coercivity (Oe),1185,695,False,-1.6989700043360187,-0.2314135927550398,
composition_grouped_refit,Coercivity (Oe),1206,777,False,1.0021660617565078,3.6571334283456727,
composition_grouped_refit,Coercivity (Oe),1212,781,False,2.161368002234975,2.005810264645516,
composition_grouped_refit,Coercivity (Oe),1214,782,False,2.8721562727482928,3.419258616956669,
composition_grouped_refit,Coercivity (Oe),1216,2,False,3.7363965022766426,3.170986884695701,
composition_grouped_refit,Coercivity (Oe),1217,783,False,2.798180883926343,3.748052259872201,
composition_grouped_refit,Coercivity (Oe),1231,789,False,2.060697840353612,2.492814769659255,
composition_grouped_refit,Coercivity (Oe),1232,790,False,2.4771212547196626,2.9160398521825863,
composition_grouped_refit,Coercivity (Oe),1233,790,False,2.578639209968072,2.9160398521825863,
composition_grouped_refit,Coercivity (Oe),1234,790,False,2.575187844927661,2.9160398521825863,
composition_grouped_refit,Coercivity (Oe),1235,790,False,2.4913616938342726,2.9160398521825863,
composition_grouped_refit,Coercivity (Oe),1237,792,False,1.2041199826559248,2.572878909886738,
composition_grouped_refit,Coercivity (Oe),1238,120,False,3.492760389026837,3.9503143120160695,
composition_grouped_refit,Coercivity (Oe),1242,790,False,2.7007037171450192,2.9160398521825863,
composition_grouped_refit,Coercivity (Oe),1247,798,False,0.7403626894942439,2.5214378422875527,
composition_grouped_refit,Coercivity (Oe),1248,798,False,0.6989700043360189,2.5214378422875527,
composition_grouped_refit,Coercivity (Oe),1250,30,False,2.5385486002970885,1.459360601849748,
composition_grouped_refit,Coercivity (Oe),1257,801,False,0.0086001717619175,3.886714714298076,
composition_grouped_refit,Coercivity (Oe),1260,790,False,2.361727836017593,2.9160398521825863,
composition_grouped_refit,Coercivity (Oe),1261,790,False,1.9542425094393248,2.9160398521825863,
composition_grouped_refit,Coercivity (Oe),1269,120,False,3.8195439355418688,3.9503143120160695,
composition_grouped_refit,Coercivity (Oe),1270,120,False,3.690196080028514,3.9503143120160695,
composition_grouped_refit,Coercivity (Oe),1273,809,False,1.6532125137753435,2.6505261105540465,
composition_grouped_refit,Coercivity (Oe),1275,810,False,1.6989700043360187,2.1695705605589564,
composition_grouped_refit,Coercivity (Oe),1291,44,False,1.6532125137753435,2.724297120155214,
composition_grouped_refit,Coercivity (Oe),1294,816,False,3.5185139398778875,2.257279613952312,
composition_grouped_refit,Coercivity (Oe),1295,816,False,3.633468455579586,2.257279613952312,
composition_grouped_refit,Coercivity (Oe),1306,792,False,1.0791812460476249,2.572878909886738,
composition_grouped_refit,Coercivity (Oe),1307,792,False,1.1139433523068367,2.572878909886738,
composition_grouped_refit,Coercivity (Oe),1309,824,False,0.9800033715837464,2.0759603250278302,
composition_grouped_refit,Coercivity (Oe),1324,792,False,2.3010299956639813,2.572878909886738,
composition_grouped_refit,Coercivity (Oe),1327,44,False,3.591064607026499,2.724297120155214,
composition_grouped_refit,Coercivity (Oe),1342,841,False,1.740362689494244,1.6631186892750345,
composition_grouped_refit,Coercivity (Oe),1349,845,False,0.0,3.392615003643851,
composition_grouped_refit,Coercivity (Oe),1351,789,False,1.4771212547196624,2.492814769659255,
composition_grouped_refit,Coercivity (Oe),1354,665,False,2.4771212547196626,1.768139660318791,
composition_grouped_refit,Coercivity (Oe),1372,665,False,2.4771212547196626,1.768139660318791,
composition_grouped_refit,Coercivity (Oe),1375,790,False,2.146128035678238,2.9160398521825863,
composition_grouped_refit,Coercivity (Oe),1379,792,False,1.0,2.572878909886738,
composition_grouped_refit,Coercivity (Oe),1383,628,False,1.3010299956639813,1.3885174364938724,
composition_grouped_refit,Coercivity (Oe),1384,867,False,1.3010299956639813,1.361403497095954,
composition_grouped_refit,Coercivity (Oe),1386,869,False,1.3010299956639813,1.4233713030251811,
composition_grouped_refit,Coercivity (Oe),1393,872,False,3.204119982655925,3.844815243386552,
composition_grouped_refit,Coercivity (Oe),1394,665,False,0.4969296480732149,1.768139660318791,
composition_grouped_refit,Coercivity (Oe),1396,873,False,3.3010299956639813,2.2597530337415512,
composition_grouped_refit,Coercivity (Oe),1400,875,False,3.6989700043360183,1.97336978646802,
composition_grouped_refit,Coercivity (Oe),1405,879,False,3.230448921378274,1.6506798365603048,
composition_grouped_refit,Coercivity (Oe),1407,810,False,2.6989700043360187,2.1695705605589564,
composition_grouped_refit,Coercivity (Oe),1408,875,False,3.0,1.97336978646802,
composition_grouped_refit,Coercivity (Oe),1409,875,False,2.3010299956639813,1.97336978646802,
composition_grouped_refit,Coercivity (Oe),1419,886,False,0.9444826721501688,1.5180668387256258,
composition_grouped_refit,Coercivity (Oe),1420,887,False,1.1760912590556811,2.51153654802666,
composition_grouped_refit,Coercivity (Oe),1428,810,False,1.6989700043360187,2.1695705605589564,
composition_grouped_refit,Coercivity (Oe),1429,895,False,2.6989700043360187,2.3113639844472496,
composition_grouped_refit,Coercivity (Oe),1430,896,False,3.431363764158988,3.0207051634434787,
composition_grouped_refit,Coercivity (Oe),1432,845,False,2.0,3.392615003643851,
composition_grouped_refit,Coercivity (Oe),1437,900,False,3.5477747053878224,3.267687801498764,
composition_grouped_refit,Coercivity (Oe),1442,904,False,3.633468455579586,2.9020430557854917,
composition_grouped_refit,Coercivity (Oe),1459,916,False,3.0,1.2742878710350776,
composition_grouped_refit,Coercivity (Oe),1476,925,False,4.41161970596323,3.1956783122291936,
composition_grouped_refit,Coercivity (Oe),1503,44,False,2.1367205671564067,2.724297120155214,
composition_grouped_refit,Coercivity (Oe),1505,946,False,2.7075701760979363,3.419379936242389,
composition_grouped_refit,Coercivity (Oe),1507,948,False,3.3891660843645326,3.2467140120837823,
composition_grouped_refit,Coercivity (Oe),1515,952,False,2.8260748027008264,2.005141336269501,
composition_grouped_refit,Coercivity (Oe),1518,954,False,-1.154901959985743,-0.4778757313561622,
composition_grouped_refit,Coercivity (Oe),1531,960,False,2.4771212547196626,2.5748742762459966,
composition_grouped_refit,Coercivity (Oe),1539,964,False,2.598790506763115,2.5012448913414067,
composition_grouped_refit,Coercivity (Oe),1542,967,False,4.632457292184724,3.7641381385291326,
composition_grouped_refit,Coercivity (Oe),1550,974,False,2.380211241711606,1.519289063506192,
composition_grouped_refit,Coercivity (Oe),1552,976,False,0.3617278360175928,2.95395166049136,
composition_grouped_refit,Coercivity (Oe),1555,845,False,1.5563025007672873,3.392615003643851,
composition_grouped_refit,Coercivity (Oe),1556,845,False,1.99563519459755,3.392615003643851,
composition_grouped_refit,Coercivity (Oe),1557,845,False,2.290034611362518,3.392615003643851,
composition_grouped_refit,Coercivity (Oe),1558,845,False,2.4471580313422194,3.392615003643851,
composition_grouped_refit,Coercivity (Oe),1559,978,False,2.6127838567197355,2.23522370560782,
composition_grouped_refit,Coercivity (Oe),1567,981,False,2.57978359661681,3.012264868448931,
composition_grouped_refit,Coercivity (Oe),1572,120,False,4.204119982655925,3.9503143120160695,
composition_grouped_refit,Coercivity (Oe),1580,792,False,2.0,2.572878909886738,
composition_grouped_refit,Coercivity (Oe),1605,485,False,3.886490725172482,2.882296337732578,
composition_grouped_refit,Coercivity (Oe),1606,485,False,4.008600171761918,2.882296337732578,
composition_grouped_refit,Coercivity (Oe),1607,845,False,2.5563025007672877,3.392615003643851,
composition_grouped_refit,Coercivity (Oe),1608,1002,False,2.255272505103306,2.933952070432219,
composition_grouped_refit,Coercivity (Oe),1634,790,False,1.845098040014257,2.9160398521825863,
composition_grouped_refit,Coercivity (Oe),1635,810,False,2.0,2.1695705605589564,
composition_grouped_refit,Coercivity (Oe),1636,810,False,2.4771212547196626,2.1695705605589564,
composition_grouped_refit,Coercivity (Oe),1640,506,False,1.6720978579357175,2.4654761541426504,
composition_grouped_refit,Coercivity (Oe),1642,960,False,2.544068044350276,2.5748742762459966,
composition_grouped_refit,Coercivity (Oe),1646,1016,False,2.6989700043360187,2.319602301466932,
composition_grouped_refit,Coercivity (Oe),1649,44,False,3.681241237375587,2.724297120155214,
composition_grouped_refit,Coercivity (Oe),1655,789,False,2.342422680822206,2.492814769659255,
composition_grouped_refit,Coercivity (Oe),1656,790,False,1.1760912590556811,2.9160398521825863,
composition_grouped_refit,Coercivity (Oe),1661,1023,False,2.053462604925455,2.333365493563281,
composition_grouped_refit,Coercivity (Oe),1669,1028,False,3.397940008672037,4.00801063621739,
composition_grouped_refit,Coercivity (Oe),1674,665,False,1.9661417327390325,1.768139660318791,
composition_grouped_refit,Coercivity (Oe),1675,665,False,2.337459261290656,1.768139660318791,
composition_grouped_refit,Coercivity (Oe),1676,1032,False,2.255272505103306,2.5535208461485697,
composition_grouped_refit,Coercivity (Oe),1682,1035,False,2.1760912590556813,1.9004105719337676,
composition_grouped_refit,Coercivity (Oe),1685,790,False,1.845098040014257,2.9160398521825863,
composition_grouped_refit,Coercivity (Oe),1686,790,False,2.146128035678238,2.9160398521825863,
composition_grouped_refit,Coercivity (Oe),1720,485,False,3.7323937598229686,2.882296337732578,
composition_grouped_refit,Coercivity (Oe),1721,1052,False,3.812913356642856,2.732603907999979,
composition_grouped_refit,Coercivity (Oe),1723,789,False,1.8750612633917,2.492814769659255,
composition_grouped_refit,Coercivity (Oe),1724,1054,False,2.544068044350276,2.584768675173973,
composition_grouped_refit,Coercivity (Oe),1729,44,False,3.3010299956639813,2.724297120155214,
composition_grouped_refit,Coercivity (Oe),1730,44,False,3.4771212547196626,2.724297120155214,
composition_grouped_refit,Coercivity (Oe),1735,1057,False,2.5563025007672877,2.284803199355975,
