virtual_id,Fe,Co,Ni,Mn,Al,Si,VEC,predicted_Tc_K,predicted_log10_Hc_Oe,predicted_Hc_Oe,passes_point_thresholds,nearest_training_composition_L1
0,0.548,0.14,0.088,0.189,0.035,0.0,7.952000000000001,847.37787,1.7474073428423744,55.89942528701222,False,0.44799999999999995
1,0.5795795795795795,0.14214214214214213,0.0950950950950951,0.1031031031031031,0.026026026026026026,0.05405405405405405,7.882882882882882,966.4974,1.6339704031204778,43.049727138984565,False,0.36636636636636644
2,0.5850000000000001,0.08400000000000002,0.24500000000000002,0.009000000000000001,0.07600000000000001,0.0010000000000000002,8.181000000000001,882.81177,1.928846431059514,84.88802531879328,False,0.3559999999999999
3,0.35,0.159,0.397,0.092,0.002,0.0,8.850999999999999,753.16486,2.1719179768705077,148.56550272024117,False,0.3486666666666667
4,0.5105105105105106,0.041041041041041046,0.1061061061061061,0.21421421421421422,0.12512512512512514,0.003003003003003003,7.401401401401401,778.39014,1.8136241617214548,65.10647190350893,False,0.5505505505505505
5,0.514,0.063,0.043,0.028,0.17,0.182,6.542999999999999,561.3885,2.486081580393627,306.253866468175,False,0.6080000000000001
6,0.5811623246492985,0.15430861723446893,0.16633266533066132,0.07715430861723446,0.001002004008016032,0.02004008016032064,8.324649298597194,781.35864,1.726124315442817,53.22605954005683,False,0.22305811623246502
7,0.5124875124875126,0.15884115884115887,0.19580419580419584,0.11288711288711291,0.018981018981018984,0.0009990009990009992,8.338661338661339,757.90027,1.8466017756941249,70.24279364664763,False,0.3513426573426573
8,0.6783216783216784,0.18381618381618384,0.006993006993006994,0.05394605394605395,0.07592407592407593,0.0009990009990009992,7.760239760239761,842.475,2.131994931002915,135.51735949474588,False,0.2757242757242755
9,0.435,0.272,0.25,0.028,0.001,0.014,8.683000000000002,783.22345,2.0340592041186447,108.15813851495608,False,0.28933333333333333
10,0.6316316316316316,0.2092092092092092,0.11611611611611612,0.016016016016016016,0.014014014014014014,0.013013013013013013,8.303303303303304,958.2795,1.7093452848808648,51.20888088281149,False,0.11134934934934933
11,0.335,0.485,0.132,0.039,0.0,0.009,8.674,897.3827,2.0307788333450354,107.3442617058053,False,0.36
12,0.30000000000000004,0.25500000000000006,0.04800000000000001,0.17600000000000002,0.11900000000000001,0.10200000000000001,7.172000000000001,698.398,1.5962022263993947,39.46410213216367,False,0.35199999999999987
13,0.6136136136136136,0.3053053053053053,0.05205205205205205,0.003003003003003003,0.026026026026026026,0.0,8.276276276276276,1021.886,1.806583473102952,64.05948945890486,True,0.10877277277277274
14,0.573,0.052,0.145,0.227,0.002,0.001,8.100999999999999,788.88904,1.8891603257492358,77.47477537490074,False,0.3999999999999999
15,0.329,0.208,0.28,0.008,0.139,0.036,7.921,708.2416,1.7957292303187335,62.47830376938508,False,0.3659999999999999
16,0.654308617234469,0.12625250501002003,0.07915831663326653,0.0531062124248497,0.0,0.08717434869739478,7.882765531062124,941.4355,1.6130685239557696,41.026883101478326,False,0.33487775551102195
17,0.5035035035035035,0.05305305305305305,0.21421421421421422,0.03903903903903904,0.07007007007007007,0.12012012012012012,7.611611611611611,786.4558,1.7708937788096266,59.0056744478345,False,0.5715715715715716
18,0.32232232232232233,0.15215215215215214,0.05905905905905905,0.40240240240240244,0.01701701701701702,0.04704704704704705,7.594594594594594,485.4701,1.8234172078242492,66.59125622703263,False,0.6016016016016017
19,0.6853146853146853,0.09190809190809189,0.020979020979020976,0.05294705294705294,0.001998001998001998,0.14685314685314682,7.483516483516483,803.03796,1.4594049353106058,28.800825464361203,False,0.33566433566433557
20,0.638,0.211,0.098,0.031,0.013,0.009,8.274999999999999,976.29004,1.7215264097371419,52.66552401766101,False,0.14400000000000002
21,0.596,0.167,0.134,0.014,0.025,0.064,8.04,974.33856,1.6328104823280198,42.93490263076359,False,0.20600000000000002
22,0.384,0.055,0.051,0.247,0.232,0.031,6.6259999999999994,562.0908,2.185499070983033,153.28479273821634,False,0.542
23,0.631,0.255,0.024,0.067,0.0,0.023,8.144,908.96985,1.8329357007810672,68.0668575240042,False,0.17999999999999994
24,0.2802802802802803,0.14914914914914915,0.36836836836836834,0.1951951951951952,0.006006006006006006,0.001001001001001001,8.656656656656656,632.8928,1.95494350767836,90.1453870322151,False,0.47447447447447444
25,0.5924075924075924,0.2657342657342658,0.058941058941058944,0.07892107892107893,0.003996003996003997,0.0,8.284715284715286,952.6915,1.6968736028028788,49.759224450569306,False,0.17971628371628362
26,0.5024975024975026,0.2127872127872128,0.2097902097902098,0.014985014985014986,0.005994005994005995,0.05394605394605395,8.371628371628372,879.7425,1.782931121593944,60.66401098132156,False,0.2634305694305693
27,0.506,0.442,0.05,0.001,0.001,0.0,8.536000000000001,941.08527,1.9598488963386371,91.16935794969487,False,0.104
28,0.48,0.146,0.22,0.038,0.037,0.079,8.047,767.9901,1.8961355710004884,78.72915152231613,False,0.442
29,0.552,0.143,0.209,0.009,0.044,0.043,8.16,869.78046,1.718687180705759,52.32234266287136,False,0.30399999999999994
30,0.6196196196196196,0.018018018018018018,0.13413413413413414,0.03403403403403404,0.1051051051051051,0.08908908908908908,7.370370370370371,977.92096,1.4373688952704737,27.375930854697454,False,0.45769569569569574
31,0.273,0.255,0.28,0.129,0.006,0.057,8.428,726.6133,1.723196893299488,52.86848839205489,False,0.3839999999999999
32,0.48200000000000004,0.19000000000000003,0.19400000000000003,0.05800000000000001,0.07500000000000001,0.0010000000000000002,8.141000000000002,765.69025,2.036508542839932,108.76985331206055,False,0.35
33,0.39560439560439564,0.10089910089910091,0.23576423576423577,0.0009990009990009992,0.009990009990009992,0.25674325674325676,7.4945054945054945,731.9439,1.8191029426344552,65.93301605044833,False,0.5962037962037962
34,0.227,0.445,0.213,0.114,0.001,0.0,8.751999999999999,898.8648,1.7158897038274832,51.98639518306464,False,0.45333333333333337
35,0.5685685685685685,0.11211211211211211,0.1951951951951952,0.12312312312312312,0.001001001001001001,0.0,8.374374374374375,848.10626,1.8233814618520667,66.5857754499731,False,0.33263863863863874
36,0.378,0.202,0.02,0.299,0.083,0.018,7.456,484.03552,1.7631464963402896,57.962418245125285,False,0.43000000000000005
37,0.4034034034034034,0.23523523523523523,0.2092092092092092,0.02302302302302302,0.002002002002002002,0.12712712712712712,8.112112112112111,795.48206,1.8354630123909181,68.46411716930855,False,0.43119319319319316
38,0.465,0.235,0.149,0.085,0.044,0.022,8.14,876.74225,1.9488038680668804,88.87996359907541,False,0.316
39,0.357,0.116,0.195,0.016,0.016,0.3,7.21,581.68823,1.7128335185747272,51.621844537390174,False,0.546
40,0.3363363363363363,0.33733733733733734,0.027027027027027025,0.1071071071071071,0.16816816816816815,0.02402402402402402,7.3473473473473465,968.4851,1.769285463697641,58.78756388382776,False,0.13843843843843842
41,0.468,0.127,0.071,0.013,0.029,0.292,6.9430000000000005,810.5182,2.0811711635136123,120.55109609963016,False,0.48
42,0.26973026973026976,0.23376623376623382,0.07092907092907093,0.17682317682317683,0.07392607392607393,0.17482517482517484,7.129870129870131,683.71265,1.8139776611614917,65.15948770632747,False,0.3291708291708291
43,0.35,0.253,0.275,0.082,0.02,0.02,8.541,664.5223,2.037220228802077,108.94824249759559,False,0.2773333333333333
44,0.583,0.279,0.11,0.013,0.007,0.008,8.419,925.35583,1.474998925250086,29.853752309913872,False,0.15800000000000006
45,0.6596596596596597,0.15415415415415415,0.003003003003003003,0.07707707707707707,0.1041041041041041,0.002002002002002002,7.554554554554555,823.3161,1.9094007421481245,81.17097117636554,False,0.3663663663663663
46,0.49000000000000005,0.41800000000000004,0.014000000000000002,0.07200000000000001,0.0020000000000000005,0.004000000000000001,8.348,969.06305,1.9467822305511562,88.46718951884408,False,0.18399999999999994
47,0.5564435564435566,0.07592407592407593,0.2207792207792208,0.07992007992007993,0.06193806193806194,0.004995004995004996,8.10789210789211,817.9865,2.012907833065398,103.01674728240712,False,0.42926473526473513
48,0.581,0.135,0.17,0.073,0.041,0.0,8.197,833.44507,1.8937190820922927,78.292305504107,False,0.26200000000000007
49,0.385,0.421,0.086,0.033,0.019,0.056,8.241,1013.3499,1.8317826627162586,67.88638186233055,True,0.388
50,0.68,0.101,0.141,0.056,0.001,0.021,8.238000000000001,876.2728,1.9188548707798454,82.95735006393679,False,0.2780000000000001
51,0.617,0.165,0.128,0.046,0.002,0.042,8.197000000000001,901.73926,1.6454043521495516,44.19817652787035,False,0.18000000000000002
52,0.346,0.328,0.276,0.01,0.006,0.034,8.704,754.2162,2.139030138121884,137.73050444740673,False,0.12533333333333324
53,0.644,0.185,0.142,0.018,0.007,0.004,8.4,945.89233,1.4397919538681878,27.529096227926637,False,0.10800000000000005
54,0.5000000000000001,0.08500000000000002,0.09700000000000002,0.21000000000000002,0.10500000000000001,0.0030000000000000005,7.532000000000002,693.82227,1.8323481906198447,67.9748394688887,False,0.5799999999999998
55,0.2212212212212212,0.4434434434434434,0.29329329329329323,0.015015015015015013,0.008008008008008008,0.019019019019019017,8.898898898898898,851.2807,1.7876925070794238,61.33275979067963,False,0.30430430430430433
56,0.722,0.103,0.151,0.007,0.016,0.001,8.314,926.3083,1.9532494420818234,89.7944391211556,False,0.24
57,0.361,0.144,0.316,0.13,0.032,0.017,8.418,769.3417,1.9439087978718015,87.8837940902669,False,0.41333333333333333
58,0.5701402805611222,0.1032064128256513,0.13026052104208416,0.1903807615230461,0.002004008016032064,0.004008016032064128,8.147294589178356,783.2736,1.8606584920775717,72.55352076863966,False,0.39278557114228463
59,0.36363636363636365,0.2067932067932068,0.2247752247752248,0.17582417582417584,0.012987012987012988,0.015984015984015987,8.351648351648352,639.6201,1.8386076069218817,68.96164410932604,False,0.41638361638361643
60,0.237,0.177,0.22,0.111,0.253,0.002,7.2330000000000005,680.917,1.693809385952556,49.40937791275096,False,0.6200000000000001
61,0.5144855144855146,0.09490509490509491,0.09590409590409592,0.09290709290709291,0.19880119880119884,0.0029970029970029974,7.187812187812189,929.78925,1.840475408528099,69.25887112138932,False,0.5734265734265733
62,0.6096096096096096,0.07207207207207207,0.16016016016016016,0.15615615615615616,0.001001001001001001,0.001001001001001001,8.227227227227228,718.0083,1.8476805004702046,70.41748346455022,False,0.33063663663663656
63,0.6090000000000001,0.13200000000000003,0.07500000000000001,0.11500000000000002,0.062000000000000006,0.007000000000000001,7.829000000000001,957.7754,1.8314855367239635,67.83995274342885,False,0.3679999999999999
64,0.16300000000000003,0.40700000000000003,0.13700000000000004,0.08700000000000001,0.0,0.20600000000000002,7.7700000000000005,820.9976,1.5657942082192244,36.795457591479064,False,0.39999999999999997
65,0.271,0.202,0.176,0.096,0.019,0.236,7.4190000000000005,370.67422,1.4936275657748173,31.162160909855952,False,0.256
66,0.404,0.215,0.175,0.073,0.0,0.133,7.960000000000001,738.4394,1.8435414735658113,69.74956020304539,False,0.438
67,0.639,0.26,0.002,0.037,0.058,0.004,7.920999999999999,992.77454,2.0534675871535506,113.10129749111087,False,0.19799999999999993
68,0.5575575575575576,0.17917917917917917,0.12512512512512514,0.13413413413413414,0.0,0.004004004004004004,8.27927927927928,872.23676,1.706835976631719,50.913854443436755,False,0.2762762762762762
69,0.6956956956956957,0.09109109109109109,0.10910910910910912,0.09909909909909911,0.0,0.005005005005005006,8.19019019019019,900.4958,1.8978743036362735,79.04498177073808,False,0.28860860860860865
70,0.5708582834331337,0.17065868263473055,0.08982035928143713,0.09780439121756487,0.04491017964071856,0.02594810379241517,7.924151696606787,957.7754,1.7380450034009902,54.70726499007931,False,0.33732534930139724
71,0.5664335664335665,0.23876123876123878,0.1058941058941059,0.03696303696303697,0.05194805194805195,0.0,8.153846153846153,932.1983,1.7970972934574083,62.675425848653155,False,0.19934465534465534
72,0.481,0.269,0.147,0.008,0.063,0.032,8.112,909.263,1.9919479834486429,98.16303636209196,False,0.28800000000000003
73,0.371,0.417,0.059,0.071,0.07,0.012,8.065999999999999,1023.79816,1.9742356248815929,94.240075392677,True,0.318
74,0.686626746506986,0.0658682634730539,0.08782435129740518,0.06087824351297405,0.04590818363273453,0.0528942115768463,7.7395209580838324,974.7726,1.6613418152726735,45.85026132337229,False,0.33500998003992016
75,0.621,0.09,0.217,0.047,0.0,0.025,8.377,811.2398,1.7612671709760528,57.71213899998519,False,0.276
76,0.553,0.228,0.118,0.023,0.041,0.037,8.088000000000001,907.18884,1.6918419119972423,49.18604604340519,False,0.20199999999999996
77,0.3006993006993007,0.1978021978021978,0.31868131868131866,0.015984015984015984,0.15484515484515482,0.011988011988011986,7.997002997002997,621.8129,1.903764013620234,80.12425669180567,False,0.3656343656343656
78,0.7162837162837163,0.19480519480519484,0.04395604395604396,0.02297702297702298,0.01198801198801199,0.009990009990009992,8.159840159840162,822.6146,1.8046338859926112,63.77256512786357,False,0.18647752247752258
79,0.785,0.036,0.166,0.004,0.009,0.0,8.319,844.5584,2.015140981395701,103.54782507951026,False,0.09800000000000002
80,0.461,0.331,0.051,0.118,0.022,0.017,8.137,896.76495,2.019867746422436,104.6809719656225,False,0.35800000000000004
81,0.525,0.221,0.01,0.224,0.002,0.018,7.9350000000000005,682.9675,1.7750194705247415,59.568884917453666,False,0.48799999999999993
82,0.528,0.153,0.136,0.082,0.084,0.017,7.855,932.7659,1.8048085352966001,63.79821609601791,False,0.366
83,0.4594594594594595,0.12712712712712712,0.1181181181181181,0.1991991991991992,0.015015015015015015,0.08108108108108109,7.764764764764765,666.7844,1.8008243798150028,63.2156168106283,False,0.548948948948949
84,0.526,0.223,0.092,0.01,0.07,0.079,7.731,981.0299,1.7344854755549048,54.26071041979563,False,0.318
85,0.663,0.025,0.281,0.031,0.0,0.0,8.556000000000001,853.4804,1.8074383587537297,64.18571135571102,False,0.274
86,0.416,0.085,0.27,0.162,0.014,0.053,8.181000000000001,562.5432,1.7496162417787382,56.18446396507665,False,0.6000000000000001
87,0.51,0.104,0.01,0.031,0.344,0.001,6.369,872.64545,2.042874701729994,110.37601282043906,False,0.41999999999999993
88,0.22022022022022023,0.14014014014014015,0.18018018018018017,0.4144144144144144,0.005005005005005005,0.04004004004004004,7.9009009009009,438.50656,1.8389123238173248,69.01004710018996,False,0.4792792792792793
89,0.177,0.154,0.164,0.005,0.312,0.188,6.165,522.96655,2.6557513283781677,452.6383306076648,False,0.6240000000000001
90,0.3316683316683317,0.4095904095904096,0.06293706293706294,0.16283716283716287,0.004995004995004996,0.027972027972027975,8.235764235764236,966.9766,1.693457975352087,49.36941434626112,False,0.32667332667332666
91,0.43043043043043044,0.2642642642642643,0.2602602602602603,0.013013013013013013,0.02302302302302302,0.009009009009009009,8.62062062062062,802.858,1.9947905301654345,98.8076408601427,False,0.2842842842842842
92,0.67,0.098,0.129,0.059,0.033,0.011,8.088000000000001,912.5343,1.8867408604061262,77.0443615137876,False,0.30800000000000005
93,0.2012012012012012,0.2422422422422422,0.2582582582582582,0.12812812812812813,0.11611611611611611,0.05405405405405405,7.8338338338338325,710.09814,1.6205020487165926,41.73515672517044,False,0.4356356356356355
94,0.5815815815815816,0.15115115115115116,0.13713713713713716,0.018018018018018018,0.1041041041041041,0.008008008008008008,7.854854854854855,965.6166,1.7616884219804436,57.768144986510116,False,0.2602602602602602
95,0.39360639360639366,0.14885114885114886,0.30369630369630374,0.1188811188811189,0.02497502497502498,0.009990009990009992,8.472527472527473,769.3417,1.9689778583014275,93.10604058700277,False,0.4282384282384283
96,0.5414585414585414,0.12187812187812186,0.14585414585414583,0.006993006993006992,0.03696303696303696,0.14685314685314682,7.634365634365634,962.1736,1.7033571077608933,50.507643657177624,False,0.38161838161838163
97,0.5584415584415584,0.10889110889110888,0.10489510489510488,0.11688311688311688,0.019980019980019977,0.0909090909090909,7.7382617382617385,881.44055,1.6443997564165715,44.096056912832104,False,0.4555444555444556
98,0.15484515484515485,0.2057942057942058,0.06793206793206795,0.3096903096903097,0.0019980019980019984,0.25974025974025977,6.9830169830169835,340.06827,1.7333923012875723,54.12430108474786,False,0.2787212787212788
99,0.297,0.372,0.114,0.004,0.055,0.158,7.689,1002.5824,1.8368370189223455,68.6810646856769,True,0.43999999999999995
100,0.42714570858283435,0.18263473053892215,0.15768463073852296,0.0029940119760479044,0.15868263473053892,0.07085828343313373,7.418163672654691,735.0269,1.6064489924133292,40.4062914816475,False,0.47443912175648706
101,0.7017017017017017,0.1891891891891892,0.04504504504504504,0.05805805805805806,0.0,0.006006006006006006,8.197197197197196,806.16876,1.8633016837734901,72.99644058189807,False,0.19553153153153158
102,0.583,0.035,0.115,0.053,0.086,0.128,7.27,964.8098,1.5019952287823923,31.768391692755333,False,0.534
103,0.256,0.301,0.175,0.154,0.09,0.024,7.951,742.0859,1.7128347464131184,51.62199048299802,False,0.40599999999999997
104,0.547,0.123,0.051,0.154,0.121,0.004,7.450000000000001,808.9879,1.6883502714859708,48.792185501773865,False,0.5120000000000001
105,0.322,0.415,0.126,0.127,0.009,0.001,8.491,1046.0575,1.8932041189612034,78.19952569996187,True,0.38399999999999995
106,0.5145145145145146,0.12212212212212212,0.2672672672672673,0.004004004004004004,0.004004004004004004,0.08808808808808809,8.28028028028028,836.6505,1.7085846633580755,51.11927235784738,False,0.42072672672672673
107,0.6803196803196805,0.08791208791208792,0.09090909090909091,0.09190809190809192,0.04195804195804197,0.006993006993006994,7.940059940059942,952.327,1.9594116699652901,91.07761930056772,False,0.3193606393606392
108,0.4954954954954955,0.1901901901901902,0.0950950950950951,0.13513513513513514,0.07207207207207207,0.012012012012012012,7.836836836836836,868.2828,1.7982065808842518,62.83571784375526,False,0.43843843843843844
109,0.1871871871871872,0.5335335335335336,0.013013013013013013,0.22322322322322322,0.004004004004004004,0.03903903903903904,8.16016016016016,853.70624,1.786830058974424,61.21108236428229,False,0.421921921921922
110,0.31468531468531474,0.2127872127872128,0.13086913086913088,0.31668331668331673,0.0029970029970029974,0.02197802197802198,8.054945054945055,637.27997,1.902886957445532,79.9626093160585,False,0.4943056943056944
111,0.36900000000000005,0.29300000000000004,0.026000000000000002,0.29700000000000004,0.006000000000000001,0.009000000000000001,7.982000000000001,752.90674,2.011382734985203,102.65562110546453,False,0.4020000000000001
112,0.5245245245245245,0.15615615615615613,0.17117117117117117,0.018018018018018014,0.026026026026026022,0.10410410410410409,7.933933933933933,853.2836,1.7319009869877744,53.93876357280255,False,0.3326386386386387
113,0.4724724724724724,0.03303303303303304,0.17817817817817816,0.14114114114114112,0.07207207207207207,0.1031031031031031,7.475475475475474,759.9315,1.6193106792215985,41.620824497712384,False,0.682988988988989
114,0.6092184368737474,0.12224448897795591,0.08717434869739478,0.003006012024048096,0.001002004008016032,0.17735470941883766,7.579158316633267,868.54736,1.5954169044811737,39.392804840631335,False,0.36272545090180364
115,0.445,0.213,0.168,0.077,0.034,0.063,8.05,761.9431,1.8177625573496923,65.7298373106065,False,0.378
116,0.4285714285714285,0.26573426573426573,0.02697302697302697,0.2627372627372627,0.000999000999000999,0.014985014985014982,7.992007992007991,748.69183,1.8922711431192403,78.03171339534747,False,0.46653346653346645
117,0.473,0.059,0.09,0.161,0.176,0.041,7.034,744.6474,1.7324982798718667,54.012997544524424,False,0.582
118,0.45154845154845163,0.2067932067932068,0.013986013986013988,0.3206793206793207,0.0,0.006993006993006994,7.886113886113888,611.9082,1.9377209709829522,86.64050420074281,False,0.45554445554445544
119,0.43743743743743746,0.3443443443443443,0.01001001001001001,0.13213213213213215,0.06106106106106106,0.015015015015015015,7.866866866866866,982.63916,1.8130218506023914,65.0162401057433,False,0.22492492492492497
120,0.42900000000000005,0.21300000000000002,0.17300000000000001,0.07400000000000001,0.08200000000000002,0.029000000000000005,7.959000000000001,752.89124,2.005503367016832,101.27526004957664,False,0.41
121,0.296,0.124,0.344,0.059,0.163,0.014,7.882,621.3013,1.9969064116746815,99.29020598534625,False,0.4933333333333333
122,0.42457542457542463,0.16183816183816185,0.3026973026973027,0.08091908091908093,0.029970029970029972,0.0,8.536463536463536,783.8209,2.0728007952861947,118.24990357900728,False,0.40426240426240434
123,0.507,0.273,0.119,0.081,0.008,0.012,8.342,859.5572,1.8326571338178823,68.02321179787765,False,0.29200000000000004
124,0.576,0.305,0.015,0.052,0.001,0.051,8.074,845.1294,1.7468283816992065,55.82495500469322,False,0.238
125,0.613,0.122,0.212,0.003,0.027,0.023,8.316,809.09436,1.9145951530229888,82.14765169252352,False,0.224
126,0.4694694694694694,0.09509509509509509,0.06106106106106105,0.19119119119119118,0.17717717717717715,0.006006006006006005,7.116116116116115,644.7716,1.8595722767170546,72.3722836594862,False,0.5098098098098097
127,0.5845845845845846,0.0920920920920921,0.12712712712712715,0.07807807807807808,0.0020020020020020024,0.11611611611611614,7.793793793793794,913.2628,1.6119565867262988,40.92197509509002,False,0.39239239239239243
128,0.483,0.262,0.154,0.04,0.023,0.038,8.263,763.05707,1.8685897951313908,73.89070243047978,False,0.272
129,0.589,0.09,0.27,0.014,0.001,0.036,8.467,838.8687,1.640534275553424,43.70531709852311,False,0.336
130,0.736,0.101,0.037,0.007,0.09,0.029,7.602,857.0436,1.9812814504763272,95.78145950464781,False,0.3259999999999999
131,0.378,0.407,0.138,0.041,0.0,0.036,8.498,1047.1525,1.846384177700154,70.20760816039376,True,0.39066666666666666
132,0.7182817182817184,0.10689310689310691,0.03096903096903097,0.07692307692307693,0.06293706293706294,0.003996003996003997,7.761238761238762,866.69794,2.1043560864607493,127.16163007362434,False,0.3414985014985014
133,0.506,0.303,0.056,0.014,0.111,0.01,7.806000000000001,944.6251,1.8522052573960113,71.15497286928901,False,0.3239999999999999
134,0.5974025974025975,0.027972027972027975,0.2087912087912088,0.1058941058941059,0.03096903096903097,0.028971028971028975,8.06893106893107,799.1669,1.864285002691404,73.16190458201898,False,0.4051948051948052
135,0.38400000000000006,0.23100000000000004,0.07500000000000001,0.20000000000000004,0.09400000000000001,0.016000000000000004,7.647000000000002,775.8752,1.7269294472351415,53.32482602740037,False,0.3500000000000001
136,0.628,0.139,0.095,0.012,0.107,0.019,7.706,979.75793,1.8282527981314909,67.3368502767663,False,0.29400000000000004
137,0.4840319361277445,0.3493013972055888,0.1157684630738523,0.003992015968063872,0.0029940119760479044,0.04391217564870259,8.386227544910179,1081.229,1.8231753309800238,66.55417908441898,True,0.3333333333333333
138,0.458,0.283,0.011,0.166,0.008,0.074,7.803,776.96014,1.6699214828454427,46.76505859582945,False,0.4180000000000001
139,0.5594405594405596,0.2667332667332668,0.1098901098901099,0.06093906093906094,0.0019980019980019984,0.0009990009990009992,8.411588411588413,895.9983,1.655067405329699,45.19260808005496,False,0.20533866133866122
140,0.335,0.201,0.261,0.065,0.135,0.003,7.971000000000002,616.8936,1.946834777723173,88.47789419519565,False,0.4093333333333333
141,0.7542457542457544,0.1248751248751249,0.1098901098901099,0.0019980019980019984,0.006993006993006994,0.0019980019980019984,8.2997002997003,922.24506,1.9182332463016392,82.83869455894404,False,0.24000000000000013
142,0.4414414414414414,0.16916916916916916,0.1961961961961962,0.06206206206206206,0.1201201201201201,0.01101101101101101,7.854854854854855,655.9244,1.8948360631979,78.49392810273338,False,0.4727787787787788
143,0.21821821821821819,0.2012012012012012,0.26126126126126126,0.26926926926926925,0.017017017017017015,0.03303303303303303,8.237237237237236,440.19662,1.7901031990883194,61.67415374625017,False,0.33393393393393384
144,0.37262737262737267,0.4575424575424576,0.04595404595404596,0.07392607392607393,0.04895104895104896,0.0009990009990009992,8.226773226773227,957.92633,1.9646485679212833,92.1825182237942,False,0.3396603396603396
145,0.30900000000000005,0.39100000000000007,0.20400000000000001,0.019000000000000003,0.0010000000000000002,0.07600000000000001,8.471,989.0132,1.8741981530056777,74.85109413252815,False,0.30733333333333335
146,0.6106106106106105,0.26426426426426425,0.04204204204204204,0.018018018018018014,0.001001001001001001,0.06406406406406406,8.069069069069068,959.41296,1.6387182925529964,43.52294681726782,False,0.16616616616616625
147,0.3183183183183183,0.15515515515515516,0.32232232232232233,0.15115115115115116,0.04304304304304304,0.01001001001001001,8.393393393393394,680.761,1.8321504892621499,67.94390271914583,False,0.40840840840840836
148,0.7257257257257257,0.04804804804804805,0.005005005005005005,0.21421421421421422,0.004004004004004004,0.003003003003003003,7.811811811811811,782.448,2.13146524676488,135.35217744377198,False,0.4023408023408024
149,0.2162162162162162,0.29229229229229226,0.2162162162162162,0.17117117117117117,0.06006006006006005,0.04404404404404404,8.077077077077075,697.41644,1.6662007557206977,46.366120090190805,False,0.36956956956956943
150,0.385,0.276,0.073,0.087,0.142,0.037,7.477,865.2106,1.533409206802356,34.151454651122556,False,0.29
151,0.3073073073073073,0.32932932932932935,0.2902902902902903,0.03203203203203203,0.011011011011011011,0.03003003003003003,8.702702702702702,743.9397,2.1354222468104815,136.59105102842543,False,0.14614614614614604
152,0.469,0.332,0.112,0.03,0.057,0.0,8.241,913.0503,2.107155040000593,127.9838115598467,False,0.38200000000000006
153,0.36463536463536467,0.1018981018981019,0.08191808191808193,0.3626373626373627,0.06093906093906094,0.027972027972027975,7.486513486513488,619.5884,2.0517836442340838,112.66360515468021,False,0.5938061938061937
154,0.238,0.061,0.516,0.146,0.038,0.001,8.753,690.20905,1.7572535498605821,57.18123748154687,False,0.524
155,0.5905905905905905,0.3253253253253253,0.03603603603603603,0.04104104104104104,0.0,0.007007007007007006,8.328328328328327,919.02374,1.8413985853948471,69.40625082564269,False,0.1681681681681682
156,0.507,0.135,0.273,0.03,0.004,0.051,8.427,870.6837,1.7491094408563885,56.118937618992845,False,0.41
157,0.472,0.234,0.077,0.17,0.014,0.033,8.016,809.5123,1.768055268144591,58.621276097227714,False,0.44600000000000006
158,0.529,0.187,0.074,0.186,0.003,0.021,8.05,829.3611,1.6982187835217142,49.91358726532495,False,0.42
159,0.277,0.27,0.111,0.181,0.107,0.054,7.5600000000000005,710.8387,1.6529668477379074,44.97455218516803,False,0.3919999999999999
160,0.4824824824824825,0.2812812812812813,0.07807807807807808,0.021021021021021023,0.13213213213213215,0.005005005005005005,7.735735735735736,925.8899,1.8638637336452857,73.09097137047597,False,0.37103503503503504
161,0.604,0.153,0.164,0.021,0.041,0.017,8.187,839.2763,1.7666778118574482,58.435640937363104,False,0.18000000000000005
162,0.4194194194194194,0.2112112112112112,0.014014014014014014,0.3463463463463463,0.006006006006006006,0.003003003003003003,7.8508508508508505,605.6668,1.9129572509708708,81.83842279283779,False,0.4842380842380841
163,0.43,0.211,0.188,0.02,0.006,0.145,7.957000000000001,754.348,1.8134530971719982,65.08083212088681,False,0.41200000000000003
164,0.449,0.28,0.219,0.014,0.034,0.004,8.518,802.175,2.0694752049260208,117.34786834328243,False,0.3353333333333333
165,0.333,0.098,0.421,0.067,0.0,0.081,8.549000000000001,669.19977,1.9022300562320515,79.84175162274187,False,0.4713333333333333
166,0.3713713713713714,0.09109109109109109,0.14214214214214213,0.22922922922922923,0.16016016016016016,0.006006006006006006,7.321321321321321,639.1746,1.8730464025190119,74.65285175473026,False,0.5178178178178178
167,0.703,0.122,0.041,0.053,0.001,0.08,7.826,850.3521,1.6296345201370204,42.62206824643828,False,0.3380000000000001
168,0.398,0.033,0.371,0.041,0.155,0.002,7.9510000000000005,696.22345,1.7860038952093802,61.09475045003571,False,0.46199999999999997
169,0.484,0.195,0.05,0.268,0.001,0.002,8.014,762.1796,1.8598193391092446,72.41346667511101,False,0.4959999999999999
170,0.328,0.258,0.135,0.061,0.049,0.169,7.546000000000001,772.24457,1.8707298801609118,74.25571430639886,False,0.47
171,0.634,0.129,0.068,0.166,0.0,0.003,8.087,811.4463,1.818616889965412,65.85926657087829,False,0.368
172,0.3846153846153846,0.30569430569430567,0.24775224775224772,0.03396603396603397,0.01898101898101898,0.00899100899100899,8.636363636363637,730.9365,2.0911074866891433,123.34100610517375,False,0.22644022644022643
173,0.539,0.127,0.095,0.168,0.056,0.015,7.809000000000001,871.64557,1.8541740969107305,71.47828057436392,False,0.478
174,0.728,0.213,0.039,0.009,0.004,0.007,8.233999999999998,902.2049,1.8246214526292512,66.77616177392512,False,0.1600000000000001
175,0.5074925074925075,0.27272727272727276,0.17282717282717283,0.015984015984015987,0.0,0.03096903096903097,8.478521478521479,818.15063,1.8710905975515428,74.31741542260677,False,0.22301498501498504
176,0.518,0.225,0.158,0.078,0.001,0.02,8.378,813.2997,1.7639588009786293,58.07093263521246,False,0.208
177,0.515,0.249,0.136,0.005,0.085,0.01,8.051,913.85785,1.8290747815341597,67.46441852498651,False,0.24199999999999997
178,0.5895895895895895,0.13613613613613612,0.04204204204204204,0.03303303303303303,0.14114114114114112,0.058058058058058054,7.249249249249248,848.9135,1.4439219049167624,27.792134630614687,False,0.46446446446446443
179,0.6566566566566567,0.02002002002002002,0.07707707707707707,0.031031031031031032,0.06106106106106106,0.15415415415415415,7.221221221221221,940.40894,1.4758658207818842,29.913402921162387,False,0.3783783783783783
180,0.47800000000000004,0.3390000000000001,0.07200000000000001,0.0020000000000000005,0.024000000000000004,0.08500000000000002,8.021,1088.7815,1.8691959058051932,73.99389787034775,True,0.3659999999999999
181,0.31300000000000006,0.15700000000000003,0.21300000000000002,0.17500000000000002,0.036000000000000004,0.10600000000000001,7.804,530.7975,1.6075991567980652,40.51344336420881,False,0.32400000000000007
182,0.13613613613613612,0.3993993993993994,0.26726726726726724,0.08708708708708707,0.057057057057057055,0.053053053053053044,8.34934934934935,848.6535,1.567186005945493,36.91356634993796,False,0.5265265265265265
183,0.5644355644355644,0.04795204795204796,0.08191808191808193,0.07192807192807193,0.18681318681318684,0.04695304695304696,7.017982017982018,985.88293,1.6982767657974416,49.92025162949066,False,0.49750249750249753
184,0.51,0.286,0.092,0.048,0.058,0.006,8.108,906.01666,1.9741784145939507,94.22766181860362,False,0.31599999999999984
185,0.40459540459540466,0.30869130869130873,0.05694305694305695,0.03096903096903097,0.19780219780219782,0.0009990009990009992,7.398601398601399,916.4645,2.0588453501113175,114.51051031737728,False,0.32067932067932076
186,0.6073926073926074,0.12687312687312685,0.16683316683316682,0.048951048951048945,0.023976023976023973,0.02597402597402597,8.187812187812188,803.20325,1.8446259557152005,69.92395034214495,False,0.22546853146853152
187,0.509,0.353,0.104,0.009,0.011,0.014,8.441,1087.7255,1.7924205250953154,62.00411671445439,True,0.27599999999999997
188,0.515,0.207,0.089,0.169,0.02,0.0,8.116,722.00146,1.7281475682410008,53.47460290452902,False,0.37800000000000006
189,0.532,0.296,0.128,0.001,0.018,0.025,8.361,925.02594,1.78143776101187,60.4557705629147,False,0.22399999999999992
190,0.409,0.238,0.047,0.134,0.149,0.023,7.361000000000001,799.3388,1.6135263339194856,41.0701542455692,False,0.258
191,0.347,0.073,0.219,0.297,0.022,0.042,7.935999999999999,555.3995,1.8561748822737107,71.80833918253187,False,0.57
192,0.455,0.266,0.224,0.044,0.002,0.009,8.624,757.2123,1.9966505627246665,99.23172996329795,False,0.328
193,0.5425425425425425,0.16616616616616617,0.1151151151151151,0.12812812812812813,0.04304304304304304,0.005005005005005005,8.033033033033032,923.6114,1.8197312510617305,66.02847259478048,False,0.35235235235235235
194,0.494,0.124,0.253,0.106,0.0,0.023,8.432,829.08203,1.9154517810508673,82.30984446816436,False,0.4580000000000001
195,0.286,0.203,0.174,0.15,0.173,0.014,7.48,569.4696,1.5662711499936515,36.83588852348879,False,0.42199999999999993
196,0.643,0.043,0.04,0.1,0.037,0.137,7.29,831.92163,1.4392583915684818,27.49529550224165,False,0.43999999999999984
197,0.577,0.164,0.056,0.173,0.026,0.004,7.957000000000001,801.8077,1.6736785273852743,47.171374097462454,False,0.406
198,0.396,0.173,0.366,0.029,0.029,0.007,8.703,789.59015,2.0856964781455307,121.81379631363295,False,0.3206666666666667
199,0.5630000000000001,0.11100000000000002,0.23600000000000002,0.08500000000000002,0.0010000000000000002,0.004000000000000001,8.477,811.2398,1.8817379828492233,76.16193736339133,False,0.346
200,0.649,0.191,0.013,0.027,0.089,0.031,7.621,809.0262,1.8301095491884112,67.62535363508563,False,0.29399999999999993
201,0.47047047047047047,0.22022022022022025,0.05005005005005006,0.1841841841841842,0.0020020020020020024,0.07307307307307308,7.833833833833834,777.564,1.7712522443903893,59.054397689418664,False,0.5185185185185185
202,0.617,0.167,0.081,0.12,0.002,0.013,8.147,893.7531,1.6836794766919199,48.2702420620309,False,0.27
203,0.4225774225774226,0.1318681318681319,0.09590409590409592,0.18981018981018982,0.15684315684315686,0.0029970029970029974,7.337662337662339,634.53424,1.688491855228177,48.808094767691735,False,0.4362637362637363
204,0.5265265265265265,0.28928928928928926,0.16416416416416418,0.007007007007007007,0.013013013013013013,0.0,8.545545545545545,826.3025,1.8145982494342077,65.2526643892133,False,0.18494694694694694
205,0.6173826173826175,0.18881118881118883,0.15084915084915085,0.009990009990009992,0.031968031968031975,0.0009990009990009992,8.316683316683317,916.39594,1.760730391144489,57.64085194276227,False,0.08591408591408581
206,0.616,0.087,0.042,0.052,0.18,0.023,7.127,808.67346,1.7276908227556402,53.41839347630931,False,0.40800000000000003
207,0.574,0.201,0.055,0.083,0.024,0.063,7.856,913.36255,1.6476627651792284,44.42861400267555,False,0.34
208,0.5024975024975026,0.2187812187812188,0.16683316683316687,0.013986013986013988,0.07492507492507493,0.02297702297702298,8.071928071928072,844.40936,1.9854759573400296,96.71101856865826,False,0.2514425574425574
209,0.679,0.09,0.077,0.154,0.0,0.0,8.09,845.6374,1.8604877362725727,72.52499979925048,False,0.3279999999999999
210,0.4665334665334665,0.0949050949050949,0.08591408591408589,0.18381618381618378,0.009990009990009988,0.15884115884115882,7.397602397602396,578.94196,1.684087745407663,48.31564097125498,False,0.5530469530469532
211,0.4335664335664336,0.2947052947052947,0.1138861138861139,0.1038961038961039,0.0029970029970029974,0.05094905094905095,8.199800199800201,878.23364,1.8339778255001513,68.23038557229586,False,0.4490949050949051
212,0.6726726726726727,0.11511511511511512,0.09009009009009009,0.09809809809809811,0.008008008008008008,0.016016016016016016,8.093093093093094,919.1971,1.815791279822576,65.43216341501248,False,0.3297697697697699
213,0.247,0.159,0.347,0.027,0.054,0.166,7.8919999999999995,516.67566,1.7721527735296672,59.17697668142294,False,0.496
214,0.48551448551448545,0.042957042957042946,0.2777222777222777,0.16283716283716282,0.011988011988011986,0.01898101898101898,8.2997002997003,693.9328,1.8668759023819599,73.5996759811055,False,0.4735264735264736
215,0.744,0.216,0.017,0.002,0.021,0.0,8.142999999999999,845.70306,2.008016202328105,101.86293895955056,False,0.1538461538461539
216,0.763,0.01,0.15,0.002,0.033,0.042,7.9750000000000005,985.5359,1.6421478935057041,43.86800593006986,False,0.17400000000000007
217,0.7697697697697697,0.0940940940940941,0.0970970970970971,0.002002002002002002,0.009009009009009009,0.028028028028028028,8.12912912912913,968.6624,1.8816973342539518,76.1548091795935,False,0.24000000000000002
218,0.441,0.164,0.106,0.198,0.073,0.018,7.7410000000000005,700.4289,1.8506321762323188,70.89770486728273,False,0.526
219,0.29070929070929075,0.10889110889110891,0.3056943056943057,0.003996003996003997,0.2267732267732268,0.06393606393606395,7.326673326673327,695.3418,1.6839460949489835,48.29988480350417,False,0.5894105894105893
220,0.5994005994005994,0.06893106893106894,0.08391608391608393,0.1318681318681319,0.11288711288711291,0.0029970029970029974,7.528471528471529,908.0938,1.8963482679193087,78.76771878458219,False,0.4955044955044955
221,0.212,0.413,0.178,0.056,0.141,0.0,8.008,910.89825,1.5914963779228424,39.038792660378135,False,0.482
222,0.5774225774225774,0.11088911088911091,0.020979020979020983,0.15784215784215785,0.0009990009990009992,0.1318681318681319,7.462537462537464,661.1465,1.3858473885180442,24.3134948048906,False,0.5294705294705294
223,0.4225774225774226,0.08691308691308691,0.08991008991008992,0.019980019980019983,0.0,0.38061938061938067,6.724275724275724,691.57794,2.4305476733026627,269.49311436539557,False,0.39360639360639355
224,0.458,0.307,0.018,0.109,0.001,0.107,7.801,840.70905,1.8618557642712048,72.75381380514146,False,0.466
225,0.5850000000000001,0.17400000000000002,0.19400000000000003,0.018000000000000002,0.023000000000000003,0.006000000000000001,8.405000000000001,853.3924,1.6099371303416985,40.73213085880634,False,0.17599999999999996
226,0.31768231768231775,0.25874125874125875,0.09490509490509491,0.04895104895104896,0.2327672327672328,0.04695304695304696,7.047952047952048,904.895,1.8390490424748902,69.03177532064845,False,0.4492507492507492
227,0.496,0.25,0.225,0.003,0.025,0.001,8.568,839.7244,1.9671232765025215,92.70929456649199,False,0.246
228,0.5284715284715285,0.11788211788211786,0.048951048951048945,0.11488511488511488,0.16183816183816183,0.02797202797202797,7.1798201798201795,810.78265,1.7032660682259142,50.49705703757796,False,0.5344655344655345
229,0.7497497497497497,0.2072072072072072,0.014014014014014014,0.025025025025025027,0.003003003003003003,0.001001001001001001,8.19119119119119,895.5359,1.9817514880366391,95.88518003829928,False,0.1538461538461539
230,0.264,0.187,0.334,0.098,0.005,0.112,8.283999999999999,539.0136,1.7307882513869595,53.800740271847566,False,0.4060000000000001
231,0.2627372627372627,0.5454545454545454,0.1008991008991009,0.029970029970029965,0.046953046953046945,0.013986013986013984,8.426573426573425,1083.1729,1.9486200281904145,88.84234805398664,True,0.3836163836163836
232,0.135,0.262,0.416,0.144,0.003,0.04,8.775,554.7376,1.6636844240633408,46.09824843113885,False,0.5393333333333333
233,0.4034034034034034,0.40540540540540543,0.08008008008008008,0.03903903903903904,0.0,0.07207207207207207,8.238238238238239,1074.903,1.8612682733857024,72.65546278389185,True,0.38238238238238226
234,0.392,0.04,0.081,0.239,0.005,0.243,6.966,532.33673,1.790526220712387,61.7342563080978,False,0.456
235,0.5675675675675675,0.01901901901901902,0.2902902902902903,0.10010010010010012,0.023023023023023025,0.0,8.384384384384385,856.3976,1.8953850578614988,78.59321556285768,False,0.4194194194194194
236,0.4395604395604395,0.27172827172827174,0.030969030969030965,0.05694305694305694,0.020979020979020976,0.17982017982017978,7.452547452547452,677.1929,1.7816068340168476,60.47931087740188,False,0.5154845154845155
237,0.498,0.222,0.187,0.021,0.064,0.008,8.223,836.21234,1.9865944507326123,96.96041166982198,False,0.254
238,0.47352647352647353,0.15684315684315686,0.15084915084915085,0.19980019980019983,0.016983016983016987,0.0019980019980019984,8.165834165834166,796.3425,1.8385648790511018,68.95485968217669,False,0.43756243756243757
239,0.2937062937062937,0.38561438561438566,0.09890109890109891,0.10889110889110891,0.08991008991008992,0.02297702297702298,7.933066933066933,1040.0641,1.7603198545678906,57.58639005582892,True,0.31498501498501497
240,0.552,0.23,0.066,0.014,0.129,0.009,7.667000000000002,900.44946,1.7035325221740905,50.52804814893114,False,0.30799999999999994
241,0.404,0.216,0.207,0.173,0.0,0.0,8.456999999999999,681.53784,1.8364752602986858,68.62387855220628,False,0.45399999999999996
242,0.759,0.049,0.017,0.098,0.063,0.014,7.614,848.49585,1.9666875049026415,92.61631660491491,False,0.35876190476190456
243,0.419,0.162,0.375,0.024,0.019,0.001,8.789000000000001,751.938,2.0536594011029154,113.1512617412259,False,0.3426666666666667
244,0.644,0.182,0.094,0.017,0.014,0.049,8.087,971.8468,1.5793155242409787,37.959066556462396,False,0.21000000000000002
245,0.34500000000000003,0.04000000000000001,0.015000000000000001,0.13900000000000004,0.4600000000000001,0.0010000000000000002,5.627000000000002,706.328,2.2616035492937696,182.6432175323323,False,0.6519999999999999
246,0.53,0.127,0.108,0.126,0.062,0.047,7.719,946.39276,1.6700003727968074,46.773554278951856,False,0.47
247,0.6726726726726726,0.039039039039039033,0.10210210210210209,0.1301301301301301,0.05605605605605605,0.0,7.832832832832832,961.48157,1.9797327170230796,95.44050244904707,False,0.4165765765765766
248,0.512,0.244,0.106,0.02,0.049,0.069,7.915000000000001,965.188,1.7658058656698108,58.31843562852592,False,0.308
249,0.36626746506986035,0.21457085828343317,0.21856287425149706,0.18762475049900204,0.01097804391217565,0.0019960079840319364,8.401197604790422,676.4866,1.831335282392798,67.81648598513983,False,0.42075848303393226
250,0.6833166833166833,0.12887112887112886,0.0869130869130869,0.009990009990009988,0.03196803196803197,0.05894105894105893,7.897102897102897,1002.7184,1.6726032002234497,47.054720730245975,True,0.30225774225774227
251,0.551,0.228,0.021,0.133,0.067,0.0,7.802,849.29944,1.874458423333943,74.89596543162021,False,0.39999999999999986
252,0.2912912912912913,0.1971971971971972,0.3433433433433434,0.12812812812812813,0.028028028028028028,0.012012012012012012,8.567567567567568,698.5756,1.9748635005913078,94.37642031578102,False,0.35635635635635643
253,0.607,0.06,0.167,0.158,0.008,0.0,8.196,714.5152,1.850248070496431,70.83502809562908,False,0.36000000000000004
254,0.5654345654345655,0.18381618381618384,0.06293706293706294,0.16083916083916086,0.018981018981018984,0.007992007992007994,8.021978021978022,773.18915,1.6960644934786333,49.6666071741337,False,0.37562437562437556
255,0.7532467532467534,0.08291708291708293,0.07192807192807193,0.04695304695304696,0.007992007992007994,0.03696303696303697,7.992007992007993,936.14166,1.6660467313637128,46.349679067114394,False,0.2561438561438564
256,0.4145854145854146,0.18081918081918083,0.14285714285714285,0.23376623376623382,0.007992007992007994,0.019980019980019983,8.112887112887114,639.5978,1.899320957572464,79.30872308932432,False,0.5126873126873128
257,0.601,0.012,0.137,0.16,0.058,0.032,7.708,840.84576,1.8861822840206752,76.94533309098256,False,0.5000000000000001
258,0.642,0.237,0.041,0.017,0.0,0.063,8.05,959.41296,1.6181260854093489,41.50745305706016,False,0.15999999999999995
259,0.5115115115115114,0.28528528528528524,0.16116116116116114,0.035035035035035036,0.0,0.007007007007007006,8.544544544544543,786.26013,1.8818456649490727,76.18082384367504,False,0.214976976976977
260,0.174,0.28,0.432,0.065,0.047,0.002,8.836,604.11255,1.8000693706569248,63.105813650775445,False,0.4253333333333333
261,0.6853146853146853,0.13086913086913085,0.13886113886113885,0.03896103896103895,0.001998001998001998,0.003996003996003996,8.343656343656342,916.54144,1.6687383388249366,46.637830406342594,False,0.22253946053946055
262,0.4365634365634365,0.2537462537462537,0.02897102897102897,0.23276723276723274,0.000999000999000999,0.046953046953046945,7.886113886113884,772.8569,1.8133535333289654,65.06591377554413,False,0.44055944055944046
263,0.22777222777222775,0.25574425574425574,0.26373626373626374,0.15784215784215783,0.019980019980019977,0.07492507492507491,8.225774225774227,599.74384,1.6322176382604716,42.87633330007828,False,0.33446553446553445
264,0.463,0.078,0.103,0.217,0.004,0.135,7.507,616.454,1.8175642448225846,65.69982985015656,False,0.5680000000000001
265,0.6256256256256255,0.18518518518518517,0.10410410410410409,0.06106106106106105,0.01101101101101101,0.013013013013013011,8.225225225225223,893.7531,1.7477037519421545,55.9375900682126,False,0.18342142142142132
266,0.4155844155844156,0.1228771228771229,0.24875124875124877,0.0009990009990009992,0.1158841158841159,0.09590409590409592,7.656343656343657,720.08105,1.7765018038472866,59.77255273436177,False,0.5900765900765901
267,0.2912912912912913,0.3163163163163163,0.22022022022022023,0.12412412412412413,0.04504504504504504,0.003003003003003003,8.395395395395395,779.5179,2.0678654610312264,116.91371509278545,False,0.3443443443443443
268,0.4,0.176,0.31,0.065,0.032,0.017,8.503,746.95447,2.1400815200823495,138.06433966101167,False,0.36133333333333334
269,0.663,0.088,0.034,0.05,0.162,0.003,7.284,808.67346,1.7662617465919184,58.37968490076733,False,0.35
270,0.273,0.413,0.054,0.028,0.222,0.01,7.343,990.0274,1.7443737406031272,55.51032123846261,False,0.39799999999999996
271,0.547,0.054,0.17,0.088,0.08,0.061,7.662000000000001,845.4234,1.6895776067712924,48.93026938520402,False,0.49199999999999994
272,0.492,0.1,0.149,0.103,0.01,0.146,7.6610000000000005,820.8998,1.7438966742097426,55.449377408725546,False,0.518
273,0.27972027972027974,0.1558441558441558,0.27672327672327673,0.013986013986013984,0.09790209790209789,0.17582417582417578,7.502497502497502,589.4996,1.7730836600521849,59.30395533894919,False,0.5086913086913087
274,0.336,0.165,0.188,0.128,0.092,0.091,7.5889999999999995,639.4329,1.6716156458588805,46.94784324710535,False,0.45600000000000007
275,0.449,0.183,0.264,0.047,0.018,0.039,8.418000000000001,776.68005,1.8716329802452192,74.41028710852463,False,0.43
276,0.19700000000000004,0.28600000000000003,0.10200000000000001,0.3430000000000001,0.059000000000000004,0.013000000000000001,7.800000000000001,785.7758,1.8920373980166931,77.98972662354164,False,0.5760000000000001
277,0.2132132132132132,0.37037037037037035,0.14814814814814814,0.17417417417417416,0.08308308308308308,0.011011011011011011,8.033033033033032,933.8836,1.5040356866638895,31.91800119585069,False,0.40740740740740733
278,0.431,0.27,0.268,0.01,0.0,0.021,8.712,806.94403,2.0530504869976895,112.99272617695415,False,0.2573333333333333
279,0.255,0.049,0.606,0.06,0.005,0.025,9.076,632.6135,1.9131476586529306,81.87431107023727,False,0.38800000000000007
280,0.35435435435435436,0.14014014014014015,0.13213213213213215,0.20320320320320323,0.04504504504504504,0.12512512512512514,7.475475475475476,603.0975,1.639117320778712,43.56295392242388,False,0.4052052052052052
281,0.43556443556443564,0.1028971028971029,0.2047952047952048,0.2547452547452548,0.0009990009990009992,0.0009990009990009992,8.248751248751251,664.3348,2.00652636139233,101.51409830994577,False,0.5922077922077923
282,0.665,0.195,0.073,0.036,0.03,0.001,8.151,937.62164,1.8651809028434374,73.31298505255742,False,0.1759999999999999
283,0.49100000000000005,0.29800000000000004,0.09900000000000002,0.07800000000000001,0.03300000000000001,0.0010000000000000002,8.249000000000002,896.76495,2.020659717260193,104.8720402793897,False,0.354
284,0.587,0.217,0.078,0.016,0.043,0.059,7.906000000000001,1049.0786,1.6446819828149564,44.12472206156634,True,0.23600000000000004
285,0.705,0.086,0.028,0.012,0.029,0.14,7.425,868.3926,1.398224812206704,25.01639998617346,False,0.30999999999999994
286,0.421,0.325,0.055,0.096,0.084,0.019,7.843,919.8425,1.9874345825804869,97.14816070825118,False,0.29
287,0.4475524475524476,0.19380619380619382,0.033966033966033975,0.07892107892107893,0.2267732267732268,0.018981018981018984,6.9730269730269745,645.689,1.8784032378788191,75.57936484725701,False,0.45454545454545464
288,0.42142142142142136,0.24624624624624622,0.16916916916916916,0.07707707707707706,0.051051051051051045,0.035035035035035036,8.112112112112111,773.1424,1.786349032669211,61.14332225723841,False,0.39515715715715716
289,0.479,0.384,0.066,0.048,0.007,0.016,8.369,1064.133,1.8611372351974862,72.6335440065801,True,0.27399999999999997
290,0.49,0.235,0.069,0.083,0.12,0.003,7.678000000000001,900.03815,1.803444902250814,63.598211441320416,False,0.42
291,0.612,0.178,0.068,0.0,0.109,0.033,7.637,940.61456,1.713574176927515,51.70995703545647,False,0.28400000000000003
292,0.462,0.059,0.245,0.036,0.005,0.193,7.716,590.24207,1.8809588396241892,76.02542202283479,False,0.5860000000000001
293,0.546,0.118,0.206,0.108,0.019,0.003,8.315000000000001,706.61694,1.9308587251352685,85.2822647902603,False,0.36599999999999994
294,0.6316316316316316,0.1091091091091091,0.21521521521521522,0.009009009009009009,0.0,0.035035035035035036,8.39039039039039,838.8687,1.5900189648913123,38.906213429600285,False,0.23778178178178178
295,0.646,0.152,0.072,0.122,0.001,0.007,8.141,897.2462,1.7478604121227734,55.95777170547285,False,0.29999999999999993
296,0.655,0.093,0.13,0.095,0.027,0.0,8.123000000000001,895.9209,1.94028110678758,87.15275230504132,False,0.31600000000000006
297,0.353,0.084,0.204,0.305,0.047,0.007,7.9239999999999995,532.9861,2.083100497438731,121.08783031000453,False,0.6179999999999999
298,0.28228228228228225,0.3983983983983984,0.17117117117117117,0.036036036036036036,0.06706706706706707,0.04504504504504504,8.18918918918919,950.6213,1.783381533779127,60.7269590147815,False,0.4264264264264264
299,0.628,0.106,0.099,0.045,0.118,0.004,7.6530000000000005,908.0938,1.9225323337471472,83.66278813903826,False,0.352
300,0.37962037962037964,0.29570429570429574,0.019980019980019983,0.15384615384615385,0.1018981018981019,0.04895104895104896,7.476523476523477,844.123,1.445294240079022,27.88009441030953,False,0.2047952047952048
301,0.328,0.05,0.298,0.158,0.128,0.038,7.696000000000001,520.5555,1.5756375340930087,37.63895299198988,False,0.648
302,0.524,0.159,0.205,0.097,0.013,0.002,8.399000000000001,844.28326,1.7747034941951423,59.5255605998785,False,0.328
303,0.538,0.222,0.027,0.098,0.019,0.096,7.699,756.1069,1.6241088292945667,42.08320709388868,False,0.42599999999999993
304,0.608,0.255,0.039,0.026,0.0,0.072,8.018999999999998,934.087,1.62605715745122,42.272424529831916,False,0.19599999999999995
305,0.486,0.078,0.137,0.038,0.261,0.0,7.009,977.64795,1.8295743597142309,67.54206893349439,False,0.506
306,0.371,0.245,0.016,0.305,0.04,0.023,7.68,784.7349,1.9448552992506705,88.07553689430918,False,0.43000000000000005
307,0.533,0.027,0.221,0.036,0.015,0.168,7.686,791.6898,1.7037283267904217,50.55083419879678,False,0.534
308,0.4594594594594595,0.20120120120120122,0.0850850850850851,0.13113113113113115,0.07507507507507508,0.04804804804804805,7.6726726726726735,810.39386,1.697431122304452,49.82314318158787,False,0.48518518518518516
309,0.36963036963036966,0.2077922077922078,0.30669330669330674,0.09990009990009992,0.014985014985014986,0.0009990009990009992,8.642357642357643,768.8769,1.9644279813575916,92.13570882930325,False,0.3043623043623043
310,0.3603603603603603,0.3313313313313313,0.28828828828828823,0.018018018018018014,0.002002002002002002,0.0,8.879879879879878,837.35754,2.2804418071310097,190.7400126631335,False,0.09409409409409408
311,0.2837162837162837,0.2857142857142857,0.19280719280719283,0.06993006993006995,0.09790209790209792,0.06993006993006995,7.8321678321678325,754.0532,1.8917300435734865,77.93455205898512,False,0.4755244755244755
312,0.483,0.1,0.114,0.142,0.014,0.147,7.527999999999999,828.7553,1.7002379894754542,50.14619549954185,False,0.594
313,0.48351648351648346,0.40259740259740256,0.010989010989010986,0.03396603396603397,0.0,0.06893106893106893,8.114885114885114,1003.11847,1.8915091176024013,77.89491676839714,True,0.2277722277722278
314,0.531,0.333,0.059,0.002,0.031,0.044,8.118,947.5893,1.7832849711715826,60.71345826380027,False,0.2719999999999999
315,0.368,0.387,0.047,0.083,0.114,0.001,7.824,967.0809,1.673070787381067,47.1054099116992,False,0.20600000000000002
316,0.3990000000000001,0.05800000000000001,0.15400000000000003,0.17600000000000002,0.005000000000000001,0.20800000000000002,7.333000000000001,436.21884,1.6946081722900512,49.5003388982726,False,0.4240000000000001
317,0.222,0.544,0.145,0.069,0.01,0.01,8.675,858.3261,1.8490276511817734,70.63625263675036,False,0.46799999999999975
318,0.483,0.103,0.131,0.172,0.005,0.106,7.743999999999999,738.3002,1.6574490150892027,45.441118752441135,False,0.566
319,0.5740000000000001,0.09800000000000002,0.10500000000000001,0.09800000000000002,0.0030000000000000005,0.12200000000000001,7.707000000000001,937.9424,1.611817063638309,40.90883045814315,False,0.44599999999999995
320,0.42542542542542544,0.14414414414414414,0.4084084084084084,0.0030030030030030034,0.015015015015015017,0.004004004004004005,8.866866866866868,778.2424,2.1280124087845476,134.280332754553,False,0.3323323323323323
321,0.4065934065934066,0.09090909090909091,0.07092907092907093,0.14985014985014986,0.14185814185814186,0.1398601398601399,6.814185814185814,768.3438,1.840572732941601,69.27439361735301,False,0.5347652347652347
322,0.406,0.065,0.057,0.012,0.398,0.062,5.929,726.7324,2.8115200247628844,647.9179692486056,False,0.6279999999999999
323,0.49350649350649356,0.13886113886113888,0.24675324675324678,0.06193806193806194,0.020979020979020983,0.03796203796203797,8.313686313686315,682.89777,1.9005987818312606,79.54241670274111,False,0.42926473526473524
324,0.47452547452547444,0.1678321678321678,0.13886113886113885,0.13686313686313686,0.000999000999000999,0.08091908091908091,7.980019980019979,839.6896,1.6993590502711644,50.04481063648002,False,0.4375624375624376
325,0.261,0.389,0.295,0.045,0.006,0.004,8.888,875.39655,1.97856579355052,95.18440370397597,False,0.22133333333333333
326,0.47252747252747257,0.03696303696303697,0.2117882117882118,0.1018981018981019,0.008991008991008992,0.16783216783216787,7.642357642357644,693.3259,1.787275469426026,61.273892376157725,False,0.5866133866133866
327,0.4674674674674674,0.05505505505505505,0.4054054054054054,0.030030030030030026,0.04204204204204204,0.0,8.625625625625624,892.59985,2.035476187849561,108.51160516282623,False,0.2542542542542543
328,0.4664664664664665,0.2902902902902903,0.07107107107107107,0.12712712712712712,0.031031031031031032,0.014014014014014014,8.094094094094094,886.30865,1.9328914745473926,85.68237075801028,False,0.40306706706706696
329,0.35335335335335327,0.2962962962962962,0.3063063063063063,0.039039039039039033,0.0,0.005005005005005005,8.849849849849848,754.7197,2.2294718244901617,169.61795564822663,False,0.12812812812812813
330,0.451,0.292,0.169,0.024,0.001,0.063,8.349,816.25195,1.8977153146402603,79.01604982998185,False,0.33599999999999997
331,0.5374625374625376,0.30669330669330674,0.09990009990009992,0.027972027972027975,0.0,0.027972027972027975,8.36663336663337,956.9859,1.785612201663493,61.03967346387965,False,0.2610749250749249
332,0.52,0.144,0.215,0.088,0.016,0.017,8.338000000000001,777.53564,1.8912039557339113,77.84020226022673,False,0.36600000000000005
333,0.7849999999999998,0.05699999999999999,0.05099999999999998,0.033999999999999996,0.015999999999999997,0.05699999999999999,7.816999999999998,938.5825,1.6823367558598417,48.12123402109575,False,0.2666666666666666
334,0.6227544910179641,0.06487025948103793,0.10079840319361279,0.027944111776447105,0.0688622754491018,0.11477045908183633,7.435129740518963,973.8329,1.4399886645174833,27.541568163923817,False,0.43066267465069863
335,0.362,0.481,0.109,0.002,0.008,0.038,8.504999999999999,929.3624,1.868132457266659,73.812932091001,False,0.314
336,0.323,0.11,0.532,0.007,0.0,0.028,9.055,727.5568,2.14127506729322,138.44429602349763,False,0.35400000000000004
337,0.3303303303303303,0.34234234234234234,0.17017017017017017,0.1131131131131131,0.006006006006006005,0.038038038038038034,8.387387387387388,950.5839,1.685133166740961,48.43208510324617,False,0.3323323323323323
338,0.44,0.318,0.056,0.098,0.025,0.063,7.955,920.93,1.880747686709185,75.98846763286768,False,0.418
339,0.5954045954045954,0.03796203796203797,0.2127872127872128,0.028971028971028975,0.12387612387612389,0.0009990009990009992,7.811188811188812,874.7591,1.940796131983015,87.2561671318864,False,0.40919080919080925
340,0.30500000000000005,0.14600000000000002,0.018000000000000002,0.41500000000000004,0.014000000000000002,0.10200000000000001,7.2890000000000015,443.63992,1.8287911437012778,67.42037188166731,False,0.5040000000000001
341,0.319,0.061,0.325,0.114,0.166,0.015,7.707,621.3013,1.7682206891241388,58.6436089528422,False,0.59
342,0.247,0.622,0.046,0.033,0.0,0.052,8.472999999999999,1021.5891,1.7948280448743177,62.34879219800054,True,0.26199999999999996
343,0.362,0.326,0.06,0.077,0.167,0.008,7.502000000000001,890.61273,1.967495888097723,92.78887048309497,False,0.194
344,0.43256743256743263,0.059940059940059943,0.3096903096903097,0.06693306693306694,0.04395604395604396,0.08691308691308691,8.044955044955046,680.0894,1.8746866657269892,74.93533716634869,False,0.5154845154845153
345,0.463,0.197,0.081,0.258,0.0,0.001,8.097000000000001,757.77277,1.8510871834077944,70.97202280229871,False,0.5179999999999999
346,0.817,0.112,0.027,0.004,0.029,0.011,7.972999999999999,858.28265,2.012132744359331,102.8330564662329,False,0.24999999999999997
347,0.44155844155844154,0.19980019980019978,0.013986013986013984,0.10289710289710288,0.13386613386613386,0.10789210789210787,7.023976023976024,665.3436,1.770741848528652,58.98503596133625,False,0.42687312687312695
348,0.597,0.141,0.155,0.08,0.027,0.0,8.236,818.3319,1.7953634281229915,62.42570103274414,False,0.21800000000000003
349,0.4545454545454546,0.4265734265734266,0.09590409590409592,0.018981018981018984,0.003996003996003997,0.0,8.579420579420582,936.06415,2.0701047796854835,117.51810497870706,False,0.23776223776223768
350,0.487,0.197,0.084,0.132,0.051,0.049,7.782,881.9096,1.714084102494711,51.77070778505036,False,0.46399999999999997
351,0.43,0.174,0.022,0.267,0.106,0.001,7.417,487.79758,1.685712059462819,48.49668568416256,False,0.44000000000000006
352,0.31200000000000006,0.29200000000000004,0.24800000000000003,0.07700000000000001,0.0,0.07100000000000001,8.427000000000001,775.362,1.8317880581238537,67.88722524623425,False,0.2959999999999998
353,0.44955044955044954,0.11288711288711288,0.09990009990009989,0.00899100899100899,0.2697302697302697,0.05894105894105893,6.71928071928072,897.8091,2.083063566505552,121.07753384844526,False,0.5614385614385614
354,0.33000000000000007,0.15200000000000002,0.28900000000000003,0.09400000000000001,0.012000000000000002,0.12300000000000001,8.084000000000001,598.5806,1.7069956666305348,50.93257890036003,False,0.45799999999999985
355,0.591,0.14,0.099,0.043,0.074,0.053,7.712999999999999,974.18713,1.6518095528118157,44.85486488610657,False,0.33999999999999997
356,0.6313686313686313,0.1678321678321678,0.10989010989010987,0.043956043956043946,0.024975024975024972,0.021978021978021973,8.13086913086913,908.8281,1.7614221509820107,57.73273752035167,False,0.20655544455544453
357,0.29740518962075846,0.05389221556886228,0.3003992015968064,0.22654690618762477,0.11177644710578842,0.00998003992015968,7.8293413173652695,520.5555,1.7662140930287844,58.373279460467586,False,0.6722554890219561
358,0.2710000000000001,0.29800000000000004,0.08300000000000002,0.22200000000000003,0.09100000000000001,0.03500000000000001,7.647000000000001,695.9398,1.7500588408381512,56.24175197493531,False,0.37999999999999995
359,0.5055055055055054,0.29529529529529525,0.03303303303303303,0.12712712712712712,0.03703703703703703,0.002002002002002002,8.041041041041039,832.4212,1.9863304002254578,96.90147777728758,False,0.3629229229229229
360,0.7477477477477478,0.03003003003003003,0.08908908908908908,0.10110110110110111,0.0,0.03203203203203203,7.978978978978979,946.4362,1.820792296688843,66.18998713685443,False,0.32632632632632635
361,0.37,0.285,0.108,0.174,0.03,0.033,8.045,801.6594,1.8412935823378087,69.38947191671328,False,0.37
362,0.778,0.101,0.057,0.025,0.008,0.031,8.026,916.13696,1.9250333480904056,84.14597521795787,False,0.28600000000000003
363,0.444,0.247,0.036,0.072,0.137,0.064,7.306,838.30707,1.6508723539528316,44.75817334604737,False,0.38799999999999996
364,0.408,0.305,0.162,0.117,0.008,0.0,8.472000000000001,832.3162,2.027670701036911,106.57876931076508,False,0.3993333333333333
365,0.6070000000000001,0.09700000000000002,0.06500000000000002,0.08200000000000002,0.061000000000000006,0.08800000000000001,7.488000000000001,943.34076,1.6089346648878236,40.63821885699556,False,0.4619999999999999
366,0.32867132867132864,0.2627372627372627,0.14485514485514484,0.15284715284715283,0.05794205794205794,0.05294705294705294,7.898101898101897,849.61,1.6697233659863207,46.74373013326085,False,0.40129870129870127
367,0.239,0.226,0.486,0.028,0.017,0.004,9.068999999999999,605.418,1.7959460210465668,62.509499418178386,False,0.4033333333333333
368,0.33099999999999996,0.4639999999999999,0.06499999999999999,0.022999999999999996,0.006999999999999998,0.10999999999999997,8.095999999999998,1064.7916,1.796643060508125,62.60990726213597,True,0.35200000000000004
369,0.588,0.105,0.154,0.103,0.01,0.04,8.1,809.0216,1.635242204865117,43.17598009762982,False,0.308
370,0.285,0.303,0.057,0.279,0.01,0.066,7.824,793.42084,1.8574049783798645,72.01201750432102,False,0.368
371,0.4014014014014014,0.1971971971971972,0.2452452452452452,0.027027027027027025,0.1291291291291291,0.0,8.015015015015015,723.0988,1.923600341899619,83.86878315073872,False,0.44844844844844844
372,0.5740000000000001,0.10600000000000001,0.22800000000000004,0.06700000000000002,0.0030000000000000005,0.022000000000000002,8.392000000000001,807.7467,1.8379094951617885,68.85087995386331,False,0.33399999999999996
373,0.518,0.096,0.197,0.137,0.041,0.011,8.104000000000001,817.9865,1.8668846144198659,73.60115242076824,False,0.4660000000000001
374,0.522,0.125,0.098,0.02,0.177,0.058,7.184,988.77875,1.6875632726667542,48.703847697350625,False,0.51
375,0.5014985014985015,0.15284715284715286,0.1328671328671329,0.18781218781218784,0.02297702297702298,0.0019980019980019984,8.10789210789211,778.76935,1.8119452868554942,64.85527226456233,False,0.42557442557442554
376,0.2187812187812188,0.30369630369630374,0.1018981018981019,0.08491508491508493,0.1318681318681319,0.15884115884115887,7.127872127872129,834.6686,1.6650263082149082,46.24090318581452,False,0.5086913086913087
377,0.381,0.028,0.201,0.086,0.304,0.0,6.824,745.4443,1.7308518847348973,53.80862379832364,False,0.6779999999999999
378,0.298,0.159,0.235,0.017,0.001,0.29,7.447,557.9496,1.6158690717106015,41.292299787103524,False,0.4479999999999999
379,0.693,0.015,0.151,0.14,0.001,0.0,8.172,879.85913,1.9383201002851664,86.76011126184792,False,0.31200000000000017
380,0.33866133866133874,0.08691308691308691,0.35564435564435565,0.15084915084915085,0.06293706293706294,0.004995004995004996,8.312687312687315,566.24774,1.9590938147087342,91.01098500072712,False,0.4928404928404929
381,0.39560439560439564,0.07992007992007993,0.36663336663336665,0.03096903096903097,0.1158841158841159,0.01098901098901099,8.15884115884116,686.23236,1.8947417165511038,78.47687784105086,False,0.4755244755244755
382,0.576,0.053,0.274,0.075,0.012,0.01,8.426,807.7467,1.8905520976191923,77.72345496374419,False,0.43600000000000005
383,0.56,0.324,0.092,0.018,0.001,0.005,8.465,954.2115,1.7381316185725944,54.71817682960824,False,0.21599999999999986
384,0.3706293706293707,0.2097902097902098,0.1138861138861139,0.0019980019980019984,0.03096903096903097,0.27272727272727276,7.189810189810191,821.0145,1.7380914971648032,54.71312203620567,False,0.534965034965035
385,0.5945945945945945,0.16816816816816815,0.16216216216216214,0.05405405405405405,0.018018018018018014,0.0030030030030030025,8.336336336336336,777.86554,1.6665598419060217,46.404472680148125,False,0.16847447447447453
386,0.48500000000000004,0.10000000000000002,0.29900000000000004,0.10500000000000001,0.0010000000000000002,0.010000000000000002,8.548000000000002,806.6948,1.9849703861624546,96.59850077903796,False,0.43199999999999994
387,0.6060000000000001,0.09200000000000001,0.07800000000000001,0.22200000000000003,0.0010000000000000002,0.0010000000000000002,8.017000000000001,833.1841,1.865393938637571,73.34895631609412,False,0.386769230769231
388,0.5424575424575424,0.06893106893106893,0.05394605394605394,0.16683316683316682,0.10389610389610388,0.06393606393606394,7.234765234765234,761.2955,1.5677426137150463,36.9609064631841,False,0.5814185814185814
389,0.42000000000000004,0.35700000000000004,0.022000000000000002,0.09500000000000001,0.10400000000000001,0.0020000000000000005,7.7780000000000005,995.05756,1.665787526030085,46.32202387004701,False,0.2020000000000001
390,0.674,0.141,0.083,0.048,0.047,0.007,7.996,952.327,1.8213280779291317,66.27169491608844,False,0.2780000000000002
391,0.6406406406406406,0.3013013013013013,0.025025025025025023,0.029029029029029027,0.0,0.004004004004004004,8.306306306306306,939.3651,1.8982181951859167,79.10759750152732,False,0.10866866866866856
392,0.45190380761523047,0.16933867735470942,0.044088176352705406,0.32665330661322645,0.003006012024048096,0.00501002004008016,7.895791583166332,535.70197,1.9597654221183092,91.15183629085989,False,0.44288577154308606
393,0.4044044044044044,0.16416416416416416,0.2312312312312312,0.016016016016016016,0.17217217217217215,0.01201201201201201,7.7017017017017,697.309,1.932237373614688,85.55341969629647,False,0.5425425425425425
394,0.4844844844844845,0.13113113113113115,0.0810810810810811,0.11911911911911913,0.1741741741741742,0.010010010010010012,7.263263263263264,843.69336,1.7189894901401417,52.35877656888022,False,0.4994994994994995
395,0.235,0.18,0.257,0.07,0.148,0.11,7.444,554.9941,1.4821361508644364,30.34842455000916,False,0.48
396,0.533,0.256,0.174,0.005,0.014,0.018,8.457,817.72437,1.7548951658646397,56.87156322813239,False,0.17199999999999993
397,0.588,0.031,0.015,0.099,0.017,0.25,6.877000000000001,847.2894,1.5205678839003651,33.15643920801419,False,0.32400000000000007
398,0.7947947947947948,0.11811811811811809,0.058058058058058054,0.02002002002002002,0.0,0.009009009009009007,8.178178178178177,897.8923,1.9617662721288327,91.57275327866077,False,0.28388388388388386
399,0.6076076076076076,0.05005005005005005,0.12312312312312312,0.1181181181181181,0.07107107107107107,0.03003003003003003,7.702702702702702,922.5576,1.8633877667302048,73.01091088373106,False,0.43843843843843844
400,0.396,0.216,0.294,0.056,0.025,0.013,8.571000000000002,749.34424,2.093913784110842,124.14058399601485,False,0.31333333333333335
401,0.3999999999999999,0.27599999999999997,0.18999999999999995,0.019999999999999997,0.06599999999999999,0.04799999999999999,8.113999999999997,819.45746,1.935776243912304,86.25340406944518,False,0.40133333333333326
402,0.5475475475475475,0.02002002002002002,0.17117117117117117,0.23623623623623619,0.025025025025025023,0.0,8.001001001001,747.7075,1.9015693343963762,79.72037526931946,False,0.43243243243243235
403,0.422,0.198,0.008,0.017,0.014,0.341,6.763,549.6636,2.4123295059474548,258.4220134847483,False,0.422
404,0.4235764235764235,0.16083916083916083,0.2487512487512487,0.05894105894105893,0.024975024975024972,0.08291708291708291,8.142857142857142,675.51447,1.8779146856499944,75.49439092358216,False,0.5141525141525141
405,0.49,0.313,0.029,0.046,0.007,0.115,7.83,835.6578,1.9135950234029913,81.95869287502045,False,0.39399999999999996
406,0.6466466466466466,0.06606606606606606,0.16216216216216214,0.06706706706706707,0.057057057057057055,0.001001001001001001,8.034034034034033,855.18286,2.007271832978406,101.68849809045366,False,0.3238678678678678
407,0.6223776223776224,0.06693306693306694,0.28771228771228774,0.01198801198801199,0.0019980019980019984,0.008991008991008992,8.584415584415584,816.4815,1.7585023984655208,57.34590335627674,False,0.3221338661338662
408,0.6173826173826175,0.11688311688311691,0.2037962037962038,0.03796203796203797,0.0,0.02397602397602398,8.390609390609391,832.1997,1.7362735420479407,54.484571795933554,False,0.22546853146853138
409,0.3456543456543456,0.07692307692307691,0.06993006993006994,0.11888111888111887,0.27972027972027974,0.10889110889110888,6.263736263736263,709.6872,2.4802109199358187,302.1418749687281,False,0.6170829170829171
410,0.248,0.301,0.359,0.035,0.021,0.036,8.735,658.45294,1.83054792901047,67.69364959323318,False,0.23533333333333334
411,0.513,0.369,0.09,0.012,0.0,0.016,8.472999999999999,1094.9684,1.824328100610438,66.73107184456724,True,0.23599999999999993
412,0.4574574574574574,0.09309309309309308,0.1251251251251251,0.04604604604604604,0.1291291291291291,0.14914914914914912,7.055055055055055,803.0179,1.8371658591415143,68.73308848516044,False,0.6486486486486487
413,0.46346346346346345,0.1131131131131131,0.10010010010010009,0.18618618618618615,0.015015015015015013,0.1221221221221221,7.563563563563562,611.8136,1.7710219943920997,59.023097104826334,False,0.556956956956957
414,0.76,0.06,0.134,0.018,0.005,0.023,8.193,931.0756,1.8826744986222883,76.32635072530864,False,0.21200000000000005
415,0.5645645645645645,0.0970970970970971,0.16416416416416418,0.12312312312312312,0.001001001001001001,0.05005005005005005,8.097097097097096,812.5147,1.6538374223272343,45.064797337653424,False,0.3706766766766768
416,0.46753246753246763,0.24075924075924077,0.09590409590409592,0.11688311688311691,0.07492507492507493,0.003996003996003997,7.9250749250749255,901.4218,1.9767348062715433,94.78395062494153,False,0.417126873126873
417,0.358,0.144,0.271,0.039,0.076,0.112,7.818999999999999,701.0493,1.825055665818543,66.84295882303498,False,0.5033333333333333
418,0.7352647352647353,0.10089910089910091,0.03596403596403597,0.10089910089910091,0.020979020979020983,0.005994005994005995,7.943056943056945,767.9116,1.993771247838739,98.57601279924693,False,0.32767232767232746
419,0.542,0.029,0.081,0.281,0.003,0.064,7.639000000000001,765.38885,1.7921165020537941,61.96072660850085,False,0.35399999999999987
420,0.3370000000000001,0.14200000000000002,0.06800000000000002,0.29700000000000004,0.014000000000000002,0.14200000000000002,7.343000000000001,556.0022,1.690018209215305,48.979935537642326,False,0.4320000000000001
421,0.38861138861138866,0.17582417582417584,0.12187812187812189,0.03896103896103897,0.2737262737262738,0.0009990009990009992,7.007992007992009,899.2485,1.9754588490069989,94.50588404111818,False,0.5704295704295704
422,0.469,0.238,0.134,0.12,0.0,0.039,8.23,872.8286,1.77935140082579,60.166036221658146,False,0.338
423,0.537,0.116,0.224,0.035,0.083,0.005,8.094000000000001,838.9464,1.982856743659136,96.12951333488945,False,0.38799999999999996
424,0.664,0.168,0.028,0.071,0.069,0.0,7.808,838.7688,1.9986990652247048,99.70089690520898,False,0.2799999999999999
425,0.5770000000000001,0.10100000000000002,0.08200000000000002,0.18900000000000003,0.0020000000000000005,0.04900000000000001,7.870000000000001,862.68066,1.7060330980657747,50.81981714329548,False,0.46799999999999986
426,0.30999999999999994,0.22899999999999995,0.17399999999999996,0.028999999999999995,0.028999999999999995,0.22899999999999995,7.486999999999998,708.3291,1.7769436026038767,59.8333890493574,False,0.3939999999999998
427,0.568,0.275,0.047,0.071,0.003,0.036,8.139,807.34485,1.7687953708186563,58.72126067894697,False,0.22
428,0.42400000000000004,0.16300000000000003,0.12100000000000001,0.28900000000000003,0.0,0.0030000000000000005,8.104000000000001,731.9031,1.88403167431819,76.56524460615697,False,0.5739999999999998
429,0.4504504504504504,0.42942942942942935,0.057057057057057055,0.027027027027027025,0.02302302302302302,0.013013013013013011,8.34934934934935,1054.8851,1.890943058607783,77.79345474867259,True,0.2402402402402403
430,0.754,0.098,0.081,0.057,0.008,0.002,8.155000000000001,914.4039,1.9786538414430732,95.20370313352817,False,0.24000000000000005
431,0.624,0.262,0.051,0.053,0.007,0.003,8.264,971.3485,1.707227878196913,50.95981916448829,False,0.12599999999999995
432,0.209,0.193,0.218,0.225,0.002,0.153,7.782,420.46237,1.7495126136174555,56.17105924004603,False,0.10799999999999998
433,0.227,0.314,0.192,0.25,0.009,0.008,8.371,685.64484,1.8358657495260962,68.5276358927974,False,0.39999999999999997
434,0.476,0.373,0.051,0.057,0.015,0.028,8.231,1019.8349,1.9379227817441458,86.68077422483732,True,0.302
435,0.569,0.115,0.029,0.186,0.1,0.001,7.483,664.5091,1.7921269301751752,61.96221440482866,False,0.49
436,0.6606606606606606,0.12612612612612611,0.13513513513513514,0.019019019019019017,0.005005005005005005,0.05405405405405405,8.136136136136136,947.16724,1.6387334118664554,43.52446203000349,False,0.23947747747747747
437,0.749,0.066,0.048,0.117,0.005,0.015,7.959999999999999,842.4737,1.856796132302442,71.91113315622356,False,0.332
438,0.39960039960039967,0.1158841158841159,0.19580419580419584,0.17782217782217782,0.025974025974025976,0.08491508491508493,7.86013986013986,579.17633,1.7844016723343226,60.86977162378644,False,0.45114885114885117
439,0.4105894105894106,0.08491508491508493,0.2037962037962038,0.09890109890109891,0.04095904095904097,0.16083916083916086,7.545454545454547,654.9401,1.8254096966215574,66.89747048612851,False,0.5106893106893107
440,0.4065934065934066,0.33066933066933074,0.17082917082917087,0.06093906093906094,0.03096903096903097,0.0,8.456543456543457,849.65,2.19425616354482,156.40699190526774,False,0.3303363303363302
441,0.284,0.117,0.107,0.048,0.348,0.096,6.158999999999999,640.60956,2.679306117756115,477.86598463693434,False,0.7653333333333333
442,0.49000000000000005,0.20000000000000004,0.21100000000000002,0.08200000000000002,0.017000000000000005,0.0,8.455000000000002,860.8972,1.9870662413024787,97.06580067671014,False,0.31399999999999995
443,0.6523476523476525,0.031968031968031975,0.07692307692307693,0.13486513486513488,0.1028971028971029,0.0009990009990009992,7.532467532467534,904.05743,2.0185159556995664,104.35564716170317,False,0.47752247752247745
444,0.41441441441441446,0.2942942942942943,0.20720720720720723,0.0840840840840841,0.0,0.0,8.624624624624627,808.3962,2.1206068385624004,132.01000228144247,False,0.3303303303303303
445,0.5664335664335665,0.09590409590409592,0.020979020979020983,0.18581418581418582,0.06193806193806194,0.06893106893106894,7.366633366633367,690.7833,1.5586709271533497,36.19686242549511,False,0.4955044955044954
446,0.5440000000000002,0.14700000000000002,0.06900000000000002,0.09000000000000001,0.07800000000000001,0.07200000000000001,7.517000000000002,943.34076,1.6111650457201037,40.8474590179419,False,0.4799999999999998
447,0.38138138138138133,0.2732732732732733,0.13113113113113112,0.057057057057057055,0.13413413413413414,0.02302302302302302,7.7157157157157155,874.16846,1.975203848162934,94.45041014594733,False,0.371071071071071
448,0.4914914914914914,0.03203203203203203,0.1961961961961962,0.26226226226226224,0.009009009009009007,0.009009009009009007,8.08108108108108,605.85754,1.83205163386252,67.92843888627463,False,0.4924924924924925
449,0.5215215215215216,0.21121121121121122,0.10410410410410412,0.060060060060060066,0.0900900900900901,0.013013013013013015,7.856856856856858,934.8823,1.8563293015463975,71.83387614778125,False,0.3263263263263262
450,0.26,0.281,0.156,0.155,0.122,0.026,7.724,668.0735,1.602825547240525,40.070572488106585,False,0.37399999999999994
451,0.6193806193806194,0.2817182817182817,0.007992007992007994,0.009990009990009992,0.07692307692307693,0.003996003996003997,7.887112887112887,965.21466,2.0071454660763526,101.65891403700537,False,0.18525474525474514
452,0.5225225225225225,0.29829829829829824,0.10010010010010009,0.008008008008008008,0.05405405405405405,0.017017017017017015,8.152152152152151,938.5374,1.915518685723437,82.32252558115302,False,0.29095495495495477
453,0.231,0.301,0.335,0.126,0.005,0.002,8.812000000000001,746.70557,1.8817225071682802,76.15922345176726,False,0.2693333333333333
454,0.704,0.041,0.124,0.061,0.029,0.041,7.919,969.741,1.6402795887105242,43.67969414805895,False,0.3440000000000001
455,0.41341341341341337,0.3153153153153153,0.03203203203203203,0.021021021021021023,0.006006006006006006,0.2122122122122122,7.479479479479479,778.2931,1.8047817652509857,63.794283675528824,False,0.44494494494494496
456,0.4234234234234234,0.13313313313313313,0.3143143143143143,0.08308308308308308,0.004004004004004004,0.04204204204204204,8.49049049049049,776.68005,1.8404702696525725,69.25805160691945,False,0.4384384384384384
457,0.288,0.32,0.037,0.027,0.177,0.151,6.878,794.6021,1.6629219788717216,46.01738957826262,False,0.42999999999999994
458,0.37900000000000006,0.26300000000000007,0.29200000000000004,0.059000000000000004,0.006000000000000001,0.0010000000000000002,8.754000000000001,809.9402,2.145797919804862,139.89362365005204,False,0.22333333333333327
459,0.5514485514485515,0.09590409590409592,0.2037962037962038,0.012987012987012988,0.003996003996003997,0.1318681318681319,7.943056943056945,835.26685,1.7114637846156169,51.459289383551386,False,0.3992947052947053
460,0.2432432432432432,0.46646646646646645,0.13613613613613612,0.025025025025025023,0.0,0.1291291291291291,8.197197197197196,999.1762,1.680914573013309,47.963909295351456,False,0.3223223223223224
461,0.4645354645354645,0.06093906093906093,0.1728271728271728,0.12087912087912087,0.14685314685314682,0.03396603396603397,7.415584415584416,659.3144,1.7689635838314743,58.744009283336574,False,0.6426573426573426
462,0.3766233766233766,0.3816183816183816,0.05694305694305694,0.020979020979020976,0.15684315684315683,0.006993006993006992,7.662337662337661,1029.5746,1.804451122078079,63.74573339957718,True,0.258041958041958
463,0.49550449550449543,0.12287712287712287,0.21078921078921076,0.04195804195804195,0.03696303696303696,0.09190809190809189,7.950049950049948,740.3297,1.88259707400878,76.31274472358339,False,0.4572367632367632
464,0.278,0.462,0.014,0.232,0.007,0.007,8.195,901.68933,1.8632068630785992,72.98050481029385,False,0.43
465,0.653,0.129,0.048,0.129,0.009,0.032,7.923000000000001,796.4843,1.8721069058719093,74.49153195948946,False,0.33999999999999997
466,0.38500000000000006,0.12000000000000001,0.09400000000000001,0.08300000000000002,0.20700000000000002,0.11100000000000002,6.746,779.17926,1.9519575241551177,89.52771993549382,False,0.5940000000000002
467,0.529,0.231,0.045,0.056,0.073,0.066,7.636000000000001,835.1947,1.75778920049423,57.2518072535637,False,0.3899999999999999
468,0.428,0.424,0.016,0.013,0.001,0.118,7.965999999999999,1008.4857,1.8252178753653086,66.86792941698752,True,0.29600000000000004
469,0.582,0.074,0.324,0.001,0.0,0.019,8.645,816.4815,1.771771473933687,59.125043590495764,False,0.352
470,0.3503503503503504,0.4654654654654655,0.061061061061061066,0.02502502502502503,0.09409409409409411,0.004004004004004005,8.076076076076077,1046.2635,1.779327062879602,60.162664599905256,True,0.3617617617617619
471,0.6103896103896103,0.1868131868131868,0.13386613386613386,0.05494505494505494,0.0029970029970029966,0.010989010989010986,8.34065934065934,883.4904,1.5625472898733088,36.52138928497764,False,0.137862137862138
472,0.526,0.079,0.334,0.053,0.003,0.005,8.659,785.7126,1.9213171070867572,83.4290132607395,False,0.332
473,0.433,0.193,0.221,0.015,0.046,0.092,8.021999999999998,707.7183,1.8626060238783806,72.87960730551222,False,0.44200000000000006
474,0.346,0.05,0.162,0.36,0.043,0.039,7.643,512.71106,1.8555609389744776,71.70689856153753,False,0.631076923076923
475,0.133,0.37,0.381,0.011,0.015,0.09,8.686,768.36615,1.6765138626038556,47.48034463426282,False,0.4006666666666667
476,0.49950049950049946,0.13086913086913085,0.03896103896103895,0.16983016983016982,0.15684315684315683,0.003996003996003996,7.238761238761239,578.89984,1.6102720747694095,40.763557144844626,False,0.4382617382617382
477,0.24324324324324323,0.18218218218218218,0.07207207207207207,0.14514514514514515,0.0960960960960961,0.26126126126126126,6.655655655655655,682.37573,2.042407562415694,110.25735311644434,False,0.3588588588588589
478,0.32567432567432575,0.3346653346653347,0.12987012987012989,0.1188811188811189,0.08891108891108891,0.0019980019980019984,8.022977022977024,1029.7526,2.005455179000506,101.26402347313169,False,0.2637362637362635
479,0.548,0.256,0.119,0.001,0.027,0.049,8.162,922.9097,1.6783324721369497,47.67958559934334,False,0.20999999999999996
480,0.3233233233233233,0.33733733733733734,0.0950950950950951,0.012012012012012012,0.23223223223223224,0.0,7.354354354354355,1048.89,2.063449990525177,115.73107588454712,False,0.3546546546546547
481,0.43000000000000005,0.23700000000000002,0.17400000000000002,0.059000000000000004,0.07100000000000001,0.029000000000000005,8.055000000000001,774.3325,2.0697945933384316,117.43419993600953,False,0.378
482,0.511,0.096,0.227,0.15,0.001,0.015,8.335,725.71375,1.8700292403048777,74.13601541321711,False,0.48000000000000004
483,0.491,0.064,0.257,0.017,0.169,0.002,7.708,806.88135,1.8554622139569314,71.69059980450606,False,0.504
484,0.429,0.059,0.246,0.053,0.202,0.011,7.443999999999999,674.26025,1.874179115185716,74.84781301687842,False,0.65
485,0.7142857142857143,0.09290709290709291,0.018981018981018984,0.1288711288711289,0.008991008991008992,0.03596403596403597,7.813186813186814,833.568,1.6727635013711912,47.07209216437384,False,0.37346653346653347
486,0.5994005994005993,0.16083916083916083,0.14485514485514484,0.007992007992007992,0.021978021978021973,0.06493506493506493,8.072927072927072,971.1234,1.627178284271699,42.381691341887134,False,0.1898101898101899
487,0.6593406593406593,0.17982017982017978,0.10189810189810188,0.02597402597402597,0.019980019980019977,0.012987012987012984,8.205794205794206,863.103,1.7775061166340023,59.91093764504933,False,0.1985634365634366
488,0.3156843156843157,0.19780219780219782,0.26473526473526476,0.20279720279720284,0.015984015984015987,0.0029970029970029974,8.432567432567433,617.1461,1.8754728146551245,75.07110607117842,False,0.3984015984015985
489,0.429,0.23,0.154,0.11,0.01,0.067,8.11,765.3676,1.763175859184769,57.9663372426703,False,0.38
490,0.316,0.074,0.081,0.457,0.056,0.016,7.4350000000000005,562.9258,2.0168238693647424,103.94985057092259,False,0.6910769230769229
491,0.6426426426426427,0.14914914914914915,0.0850850850850851,0.019019019019019017,0.02902902902902903,0.07507507507507508,7.854854854854857,988.4799,1.5814883389875678,38.14945508326306,False,0.29353153153153155
492,0.6536536536536536,0.1111111111111111,0.1191191191191191,0.025025025025025023,0.035035035035035036,0.05605605605605605,7.924924924924924,967.66956,1.670282902630628,46.80399266690888,False,0.3015395395395395
493,0.4084084084084084,0.3653653653653654,0.12612612612612614,0.09609609609609611,0.0010010010010010012,0.0030030030030030034,8.504504504504505,912.34924,1.937753446209689,86.64698315761943,False,0.4058058058058059
494,0.7002997002997003,0.12987012987012989,0.06793206793206795,0.07092907092907093,0.027972027972027975,0.0029970029970029974,8.042957042957044,961.4368,1.9484676269741772,88.81117725378529,False,0.30025974025974045
495,0.609,0.057,0.207,0.003,0.113,0.011,7.859000000000001,844.56165,1.800097857131207,63.10995305657132,False,0.36200000000000004
496,0.61,0.089,0.146,0.03,0.124,0.001,7.726999999999999,945.1942,1.8792916077286805,75.73412423323381,False,0.31000000000000005
497,0.559,0.199,0.201,0.03,0.011,0.0,8.516000000000002,842.85596,1.7120524000157493,51.529081349941265,False,0.17799999999999996
498,0.6196196196196196,0.10510510510510511,0.11411411411411414,0.07007007007007009,0.0030030030030030034,0.08808808808808809,7.895895895895897,913.2628,1.640602719804365,43.71220554299252,False,0.32356156156156163
499,0.477,0.176,0.042,0.131,0.013,0.161,7.42,651.0279,1.5609150446652813,36.38438551629269,False,0.564
500,0.38,0.059,0.241,0.251,0.001,0.068,8.013000000000002,576.749,1.795221179074543,62.4052574332513,False,0.546
501,0.6000000000000001,0.25200000000000006,0.07700000000000001,0.06800000000000002,0.0030000000000000005,0.0,8.323000000000002,967.1084,1.7008963103737127,50.22226674419538,False,0.18999999999999995
502,0.5694305694305695,0.16083916083916086,0.04195804195804197,0.008991008991008992,0.2057942057942058,0.012987012987012988,7.154845154845155,835.28143,1.6638709213356202,46.1180484611674,False,0.44955044955044954
503,0.4864864864864864,0.3893893893893894,0.025025025025025023,0.008008008008008008,0.03603603603603603,0.05505505505505505,8.03103103103103,989.0618,1.809207883875067,64.44776840278593,False,0.24824824824824826
504,0.561,0.093,0.288,0.018,0.026,0.014,8.465,853.3924,1.9202927824140865,83.23246990460284,False,0.3859999999999999
505,0.5144855144855146,0.1208791208791209,0.034965034965034975,0.18981018981018982,0.13886113886113888,0.0009990009990009992,7.302697302697304,666.6183,1.6383881783898084,43.48987690122887,False,0.4805194805194806
506,0.6970000000000001,0.08900000000000001,0.06400000000000002,0.045000000000000005,0.013000000000000001,0.09200000000000001,7.739000000000001,965.8656,1.6246379911957527,42.13451422058256,False,0.31799999999999995
507,0.639,0.043,0.19,0.101,0.027,0.0,8.187000000000001,827.1625,1.9374870529946018,86.59385079787523,False,0.3420000000000001
508,0.787,0.14,0.024,0.002,0.033,0.014,7.965000000000001,869.0382,1.93786554628903,86.66935136116834,False,0.24307692307692313
509,0.239,0.242,0.153,0.058,0.093,0.215,7.165,745.72296,1.6552717549816571,45.21387767283973,False,0.378
510,0.3433433433433434,0.10210210210210209,0.05305305305305305,0.20220220220220222,0.28228228228228225,0.01701701701701702,6.526526526526527,480.05212,2.2047066493436382,160.2162820445571,False,0.509109109109109
511,0.6026026026026027,0.20320320320320323,0.06906906906906908,0.07807807807807808,0.044044044044044044,0.0030030030030030034,8.031031031031032,983.56824,1.7985517750977749,62.885681980140596,False,0.2502502502502501
512,0.5254745254745254,0.29770229770229767,0.12987012987012986,0.0029970029970029966,0.005994005994005993,0.03796203796203796,8.372627372627372,925.02594,1.7301207856460354,53.718117601058765,False,0.2333106893106893
513,0.603,0.21,0.011,0.121,0.048,0.007,7.843,880.7977,1.8053111372361748,63.87209147289051,False,0.352
514,0.5384615384615384,0.03496503496503497,0.15084915084915082,0.009990009990009988,0.24975024975024973,0.015984015984015984,7.013986013986014,982.8358,1.7539036546510385,56.74187133685672,False,0.42357642357642367
515,0.5365365365365365,0.15115115115115113,0.07707707707707706,0.02202202202202202,0.018018018018018014,0.19519519519519518,7.412412412412412,858.38525,1.4605249729564196,28.87519813610841,False,0.47047047047047047
516,0.452,0.141,0.064,0.248,0.065,0.03,7.5760000000000005,620.7785,1.9495781240369707,89.03855926142968,False,0.5880000000000001
517,0.263,0.23,0.359,0.108,0.002,0.038,8.678,705.69977,1.767207655339094,58.50697649246258,False,0.34733333333333327
518,0.5680000000000001,0.13800000000000004,0.06300000000000001,0.21500000000000002,0.012000000000000002,0.004000000000000001,7.973000000000001,829.691,1.7508788570106772,56.348045551357224,False,0.43399999999999994
519,0.46046046046046046,0.15215215215215214,0.08308308308308308,0.29729729729729726,0.007007007007007007,0.0,7.985985985985986,668.6826,1.9108761262396103,81.44719391579139,False,0.48448448448448445
520,0.518,0.303,0.098,0.061,0.001,0.019,8.357000000000001,931.13416,1.877067290949694,75.34723000520471,False,0.2999999999999999
521,0.683,0.166,0.022,0.057,0.063,0.009,7.8020000000000005,842.475,1.9476402934047365,88.64215248094466,False,0.28800000000000014
522,0.5780000000000001,0.10500000000000001,0.08600000000000001,0.09300000000000001,0.0,0.13800000000000004,7.6320000000000014,913.7039,1.55509141796571,35.899749481935444,False,0.46199999999999997
523,0.45,0.169,0.172,0.138,0.067,0.004,8.024000000000001,657.30804,1.891082568429519,77.8184486060838,False,0.45599999999999996
524,0.465,0.129,0.094,0.1,0.212,0.0,7.157,772.1776,1.8590550112852384,72.28613613257552,False,0.542
525,0.5670000000000001,0.21800000000000003,0.12000000000000001,0.016000000000000004,0.07300000000000001,0.006000000000000001,8.053,933.89886,1.833057503750904,68.0859503480358,False,0.18999999999999995
526,0.6753246753246753,0.10989010989010987,0.010989010989010986,0.12087912087912087,0.0,0.08291708291708291,7.6793206793206785,826.12915,1.5788805525139171,37.92106732840192,False,0.42224175824175825
527,0.6503496503496503,0.16683316683316682,0.06293706293706293,0.03296703296703297,0.024975024975024972,0.06193806193806193,7.887112887112886,992.3491,1.6392397518765203,43.57523639972449,False,0.2616343656343656
528,0.6316316316316316,0.013013013013013011,0.12312312312312311,0.03303303303303303,0.02302302302302302,0.17617617617617615,7.406406406406406,881.00494,1.3867660925541785,24.36498186975156,False,0.38438438438438444
529,0.458,0.065,0.373,0.019,0.077,0.008,8.375,729.235,2.0119091680624113,102.78013127835456,False,0.33799999999999997
530,0.47900000000000004,0.22000000000000003,0.12500000000000003,0.06400000000000002,0.031000000000000003,0.08100000000000002,7.927000000000001,935.8686,1.8849710859966018,76.7310402472475,False,0.3519999999999999
531,0.467,0.195,0.037,0.219,0.082,0.0,7.640000000000001,559.3136,1.7936370586166035,62.178044393997546,False,0.446
532,0.4184184184184184,0.35935935935935936,0.08808808808808809,0.0900900900900901,0.04004004004004005,0.004004004004004005,8.22922922922923,1051.7745,1.8280940402482597,67.31223955163293,True,0.3397397397397398
533,0.3883883883883884,0.3763763763763764,0.12912912912912913,0.07807807807807808,0.02002002002002002,0.008008008008008008,8.424424424424425,981.7615,1.8883109761394052,77.32340604077315,False,0.4038038038038038
534,0.379,0.228,0.137,0.037,0.02,0.199,7.569,793.9548,1.829888826208769,67.59099290117692,False,0.454
535,0.8211788211788212,0.06793206793206795,0.06493506493506494,0.027972027972027975,0.009990009990009992,0.007992007992007994,8.08791208791209,951.2378,2.0278551608100837,106.62404658702329,False,0.2500000000000001
536,0.38238238238238237,0.2132132132132132,0.12712712712712712,0.04004004004004004,0.004004004004004004,0.23323323323323325,7.474474474474475,761.9731,1.5730354111092901,37.414109340528185,False,0.4656656656656657
537,0.6673326673326675,0.04095904095904097,0.18581418581418582,0.09290709290709291,0.004995004995004996,0.007992007992007994,8.262737262737264,763.44867,1.9676872414606046,92.82976295424893,False,0.2937062937062936
538,0.6117764471057886,0.01696606786427146,0.20658682634730544,0.08283433133732537,0.06886227544910181,0.012974051896207588,7.95109780439122,831.559,1.8916394745798788,77.91830106271975,False,0.3764471057884231
539,0.2457542457542458,0.4215784215784216,0.15784215784215785,0.05594405594405595,0.09190809190809192,0.026973026973026976,8.113886113886114,887.405,1.6709504018616244,46.87598448698243,False,0.5127872127872127
540,0.8091908091908093,0.08591408591408592,0.059940059940059943,0.032967032967032975,0.01098901098901099,0.0009990009990009992,8.113886113886116,898.999,2.0700534605203345,117.50421906724611,False,0.2566183816183815
541,0.4,0.077,0.128,0.302,0.088,0.005,7.571000000000001,619.5884,1.8728389323250019,74.61719727748718,False,0.5959999999999999
542,0.46,0.186,0.221,0.105,0.001,0.027,8.41,757.5663,1.8778321296749025,75.48004139583556,False,0.402
543,0.406,0.15,0.129,0.256,0.047,0.012,7.869,685.0974,1.9171555553976378,82.63338724633603,False,0.6060000000000001
544,0.47247247247247237,0.15215215215215214,0.19819819819819817,0.014014014014014012,0.16016016016016016,0.0030030030030030025,7.721721721721721,770.0149,1.9123858841218262,81.7308252567502,False,0.4447507507507508
545,0.3976023976023976,0.12587412587412586,0.4005994005994006,0.042957042957042946,0.022977022977022973,0.009990009990009988,8.729270729270729,782.86487,2.0829218690601374,121.03803627375044,False,0.4035964035964036
546,0.618,0.239,0.053,0.07,0.009,0.011,8.186,971.3485,1.7449548790368177,55.58465046771254,False,0.182
547,0.38,0.274,0.035,0.257,0.035,0.019,7.836,760.4672,1.968557845948256,93.01603994206646,False,0.382
548,0.30600000000000005,0.29800000000000004,0.07000000000000002,0.25600000000000006,0.06700000000000002,0.0030000000000000005,7.835000000000001,791.4566,2.0177037162615012,104.16065836433458,False,0.35799999999999993
549,0.5359999999999999,0.16299999999999998,0.06399999999999999,0.024999999999999994,0.021999999999999995,0.18999999999999995,7.395999999999999,887.2373,1.4860010562252883,30.619708805436264,False,0.47400000000000003
550,0.3436563436563437,0.04295704295704296,0.24275724275724278,0.2097902097902098,0.15984015984015987,0.0009990009990009992,7.515484515484515,539.1683,1.7948571835880662,62.35297559114228,False,0.6267732267732267
551,0.4975024975024974,0.12887112887112886,0.1828171828171828,0.16183816183816183,0.001998001998001998,0.02697302697302697,8.214785214785213,698.9841,1.873404593416852,74.71444821344676,False,0.4412527472527473
552,0.344,0.195,0.353,0.057,0.032,0.019,8.608,712.6394,2.114915472190349,130.29131645591437,False,0.2766666666666666
553,0.327,0.325,0.11,0.069,0.169,0.0,7.631,830.1609,2.0550308664566783,113.50914867575621,False,0.25799999999999995
554,0.433,0.235,0.049,0.052,0.185,0.046,7.171999999999999,852.70264,1.7261692313279815,53.23156460472603,False,0.426
555,0.6153846153846153,0.09390609390609389,0.05694305694305694,0.044955044955044945,0.1728271728271728,0.015984015984015984,7.234765234765233,874.5452,1.7311568513098363,53.84642210182741,False,0.42357642357642367
556,0.5885885885885885,0.20320320320320323,0.18518518518518517,0.022022022022022022,0.0,0.001001001001001001,8.547547547547548,907.26227,1.4819884299530484,30.338103593223597,False,0.11041641641641645
557,0.505,0.246,0.037,0.117,0.095,0.0,7.728,846.2326,1.7649692558274008,58.20620115177187,False,0.38399999999999995
558,0.441,0.27,0.001,0.209,0.016,0.063,7.731,811.189,1.7841538064385827,60.8350411898504,False,0.428
559,0.355,0.419,0.082,0.067,0.071,0.006,8.137,1020.41187,1.999140383211023,99.80226167992224,True,0.324
560,0.3509999999999999,0.33999999999999997,0.16399999999999998,0.018999999999999996,0.025999999999999992,0.09999999999999998,8.118999999999998,965.4874,1.9046018583721607,80.27898231682852,False,0.33866666666666656
561,0.6263736263736265,0.06593406593406595,0.0009990009990009992,0.2997002997002997,0.005994005994005995,0.0009990009990009992,7.734265734265735,761.30255,2.1101527884416043,128.87028484234028,False,0.23136863136863153
562,0.599,0.187,0.047,0.11,0.048,0.009,7.895,829.61426,1.7205842231500967,52.551391865257294,False,0.33399999999999996
563,0.6067864271457085,0.10878243512974052,0.07285429141716566,0.04091816367265469,0.00499001996007984,0.16566866267465072,7.525948103792414,881.1769,1.6219070821536006,41.87039732964929,False,0.42315369261477054
564,0.5965965965965966,0.13713713713713716,0.24624624624624625,0.006006006006006006,0.003003003003003003,0.011011011011011011,8.564564564564565,812.9884,1.6297720150053328,42.63556425818193,False,0.22653253253253255
565,0.567,0.266,0.068,0.054,0.034,0.011,8.134,891.2334,1.8055309382818479,63.90442599787682,False,0.23
566,0.5680000000000001,0.059000000000000004,0.18000000000000002,0.17600000000000002,0.016000000000000004,0.0010000000000000002,8.159000000000002,723.34576,1.8748066242922499,74.9560382746724,False,0.44
567,0.5255255255255256,0.1951951951951952,0.23823823823823823,0.016016016016016016,0.004004004004004004,0.021021021021021023,8.551551551551553,812.6585,1.8652604508876351,73.32641473899048,False,0.2525585585585585
568,0.506,0.09,0.252,0.044,0.083,0.025,8.035,739.50635,2.030294335238368,107.22457542277778,False,0.496
569,0.5234765234765235,0.18381618381618384,0.18481518481518483,0.004995004995004996,0.1018981018981019,0.0009990009990009992,8.034965034965037,882.4819,1.8533645853057827,71.34517134418762,False,0.27941458541458536
570,0.748,0.207,0.019,0.003,0.006,0.017,8.144,902.2049,1.9469806016870448,88.50760759042767,False,0.1538461538461539
571,0.658,0.053,0.084,0.17,0.0,0.035,7.9110000000000005,842.3386,1.6055544295319164,40.32314797252124,False,0.418
572,0.731,0.097,0.077,0.059,0.032,0.004,8.016,954.15845,1.981936225138664,95.92597567119823,False,0.24600000000000002
573,0.37500000000000006,0.17400000000000002,0.20600000000000002,0.23800000000000002,0.0010000000000000002,0.006000000000000001,8.319,626.2782,1.9280969658261191,84.74165974744041,False,0.44000000000000006
574,0.367,0.155,0.171,0.171,0.082,0.054,7.699999999999999,594.2895,1.5892738938974313,38.83952356622455,False,0.498
575,0.571,0.27,0.011,0.094,0.054,0.0,7.928,840.4748,1.9138600285294944,82.00871907292077,False,0.296
576,0.363,0.252,0.171,0.02,0.043,0.151,7.755000000000001,818.0738,1.8287989564199214,67.42158474795087,False,0.4873333333333333
577,0.6446446446446445,0.1051051051051051,0.019019019019019017,0.02402402402402402,0.19319319319319317,0.014014014014014012,7.097097097097096,821.47125,1.7114043552349443,51.45224811410996,False,0.32432432432432445
578,0.405,0.317,0.091,0.007,0.041,0.139,7.731000000000001,956.72394,1.9247010482354703,84.08161566050653,False,0.5173333333333334
579,0.5344655344655346,0.09690309690309691,0.17482517482517484,0.04195804195804197,0.02397602397602398,0.1278721278721279,7.773226773226774,829.49243,1.719513409975909,52.42197874130408,False,0.4312627372627371
580,0.2967032967032967,0.07092907092907093,0.24375624375624377,0.2287712287712288,0.15484515484515485,0.004995004995004996,7.535464535464537,473.2922,1.8146973408618874,65.26755455627642,False,0.6481518481518482
581,0.72,0.106,0.135,0.003,0.021,0.015,8.207999999999998,873.0216,1.8818951279470426,76.18950078220817,False,0.24
582,0.45845845845845845,0.25125125125125125,0.008008008008008008,0.09209209209209208,0.1091091091091091,0.08108108108108109,7.305305305305305,838.30707,1.5871106969397628,38.646547034603834,False,0.39509509509509505
583,0.602,0.265,0.104,0.006,0.0,0.023,8.375,1081.1036,1.4857883738825348,30.604717417466603,True,0.132
584,0.536,0.059,0.076,0.035,0.294,0.0,6.7059999999999995,1029.0406,1.743141219359383,55.353007110233015,True,0.36799999999999994
585,0.2677322677322677,0.2367632367632367,0.20479520479520477,0.1948051948051948,0.000999000999000999,0.0949050949050949,8.066933066933066,636.30914,1.694805177649733,49.52279841510002,False,0.22057942057942048
586,0.7642357642357643,0.1048951048951049,0.09090909090909091,0.005994005994005995,0.01198801198801199,0.02197802197802198,8.132867132867133,968.6624,1.9207873679659837,83.32731114224504,False,0.24000000000000013
587,0.553,0.214,0.072,0.153,0.008,0.0,8.165,837.28284,1.6325846365981902,42.91258104025912,False,0.32199999999999995
588,0.30699999999999994,0.3779999999999999,0.10099999999999998,0.052999999999999985,0.052999999999999985,0.10799999999999997,7.829999999999998,1054.8812,1.8454772964240376,70.0611556096888,True,0.4739999999999999
589,0.673,0.178,0.031,0.016,0.085,0.017,7.731,858.54474,1.8344980735330636,68.3121687744467,False,0.24600000000000016
590,0.556,0.041,0.32,0.059,0.006,0.018,8.52,785.0296,1.968627569630363,93.03097437411176,False,0.36000000000000004
591,0.391,0.17,0.135,0.024,0.097,0.183,7.199,769.65045,1.7572890950738997,57.18591772167811,False,0.576
592,0.7657657657657658,0.011011011011011011,0.07807807807807808,0.016016016016016016,0.12912912912912913,0.0,7.505505505505505,978.77264,1.9244512446661446,84.03326632823357,False,0.2417417417417418
593,0.14785214785214784,0.0989010989010989,0.16583416583416583,0.5264735264735264,0.03896103896103895,0.021978021978021973,7.621378621378621,384.74335,1.93575123851096,86.24843799461354,False,0.49833166833166825
594,0.291,0.335,0.249,0.011,0.088,0.026,8.278,944.41705,2.0654505005892534,116.26540280919855,False,0.25333333333333335
595,0.604,0.21,0.028,0.028,0.101,0.029,7.617,816.29675,1.7487435116098502,56.07167265850018,False,0.31600000000000006
596,0.444,0.388,0.065,0.016,0.014,0.073,8.14,1066.0645,1.820258160144264,66.10863045321108,True,0.33599999999999997
597,0.36063936063936064,0.33566433566433573,0.2047952047952048,0.07692307692307693,0.016983016983016987,0.004995004995004996,8.563436563436564,812.50726,2.1768259377093266,150.25396376702722,False,0.2570762570762572
598,0.238,0.393,0.231,0.079,0.02,0.039,8.52,757.53076,1.7124620236382753,51.577706159184,False,0.39533333333333337
599,0.24,0.547,0.093,0.052,0.016,0.052,8.393,1060.6969,1.8379414314991325,68.8559431675801,True,0.41600000000000004
600,0.6376376376376377,0.0940940940940941,0.13513513513513514,0.001001001001001001,0.12212212212212212,0.01001001001001001,7.7127127127127135,955.07837,1.8439613741796514,69.81703065806016,False,0.30354154154154156
601,0.5125125125125125,0.28728728728728725,0.12812812812812813,0.014014014014014014,0.019019019019019017,0.03903903903903904,8.278278278278277,848.3911,1.7967899164197367,62.63108227158265,False,0.26271871871871866
602,0.3696303696303696,0.22777222777222775,0.12987012987012986,0.05094905094905094,0.009990009990009988,0.21178821178821175,7.5394605394605385,758.1354,1.817014864767274,65.61677248281856,False,0.43836163836163833
603,0.276,0.374,0.168,0.156,0.0,0.026,8.450000000000001,860.74976,1.683633936790374,48.2651807340277,False,0.44533333333333336
604,0.24324324324324326,0.31831831831831836,0.41041041041041043,0.007007007007007008,0.0010010010010010012,0.020020020020020023,9.047047047047048,721.6319,1.9184567170479543,82.88133104009454,False,0.21021021021021014
605,0.6056056056056056,0.0950950950950951,0.2792792792792793,0.02002002002002002,0.0,0.0,8.633633633633634,847.36194,1.6467561704019729,44.33596549077405,False,0.2925985985985986
606,0.485,0.082,0.322,0.076,0.015,0.02,8.495,824.03076,1.9574434165037677,90.66578299674039,False,0.386
607,0.2537462537462537,0.26873126873126874,0.2707292707292707,0.06193806193806193,0.14485514485514484,0.0,8.023976023976024,768.49603,1.8437218238262658,69.77853124495392,False,0.41358641358641357
608,0.43286573146292584,0.11923847695390781,0.1472945891783567,0.24248496993987975,0.05711422845691383,0.001002004008016032,7.881763527054108,683.0724,1.9438353921791935,87.8689409759031,False,0.6012024048096193
609,0.233,0.431,0.06,0.02,0.105,0.151,7.402,1027.5261,1.5302915653304316,33.90717168915692,True,0.37
610,0.77,0.059,0.097,0.023,0.046,0.005,7.9799999999999995,1008.5426,2.034236837455033,108.20238595867296,False,0.266
611,0.553,0.125,0.208,0.035,0.062,0.017,8.128,838.9464,1.9947052159168082,98.78823266578407,False,0.33799999999999997
612,0.251,0.194,0.22,0.227,0.071,0.037,7.904,459.96045,1.7877096983428935,61.33518765597776,False,0.33799999999999997
613,0.66,0.159,0.16,0.007,0.0,0.014,8.416,838.8687,1.4931764893919124,31.12981139104516,False,0.13800000000000007
614,0.54,0.18,0.102,0.012,0.004,0.162,7.703999999999999,932.9511,1.6547270484461445,45.157204476809866,False,0.356
615,0.28571428571428564,0.33066933066933063,0.3116883116883116,0.003996003996003996,0.04195804195804195,0.02597402597402597,8.636363636363633,760.2815,2.170839610632808,148.1970677233748,False,0.14385614385614398
616,0.5224775224775224,0.03596403596403596,0.22877122877122877,0.16483516483516483,0.021978021978021973,0.02597402597402597,8.114885114885114,713.03705,1.8412954699193014,69.38977350601056,False,0.5424575424575424
617,0.407,0.212,0.261,0.012,0.096,0.012,8.193999999999999,770.1755,1.9394386148396958,86.98384774433613,False,0.3873333333333333
618,0.48851148851148846,0.30269730269730266,0.05894105894105893,0.05194805194805194,0.00899100899100899,0.0889110889110889,7.968031968031967,912.06775,1.9215231481087545,83.46860362665512,False,0.3589770229770229
619,0.5324675324675324,0.25574425574425574,0.0869130869130869,0.001998001998001998,0.007992007992007992,0.11488511488511488,7.928071928071928,928.18884,1.685211001623756,48.44076594919483,False,0.30523876123876126
620,0.523,0.231,0.182,0.011,0.02,0.033,8.352,761.22253,1.8199228362080018,66.05760689362985,False,0.19199999999999998
621,0.587,0.224,0.062,0.123,0.001,0.003,8.208,917.03265,1.677282517877973,47.56445423028335,False,0.254
622,0.7142857142857143,0.04095904095904097,0.08291708291708293,0.03096903096903097,0.09790209790209792,0.032967032967032975,7.5544455544455555,961.8747,1.832573478042711,68.01011011983066,False,0.3295104895104895
623,0.601,0.203,0.068,0.078,0.001,0.049,8.06,942.81915,1.596818102529903,39.520106159901815,False,0.256
624,0.324,0.44,0.178,0.042,0.016,0.0,8.674,825.50476,2.0962042732928263,124.79703673645064,False,0.32933333333333337
625,0.597,0.105,0.154,0.129,0.0,0.015,8.224,766.9418,1.808755210095529,64.38062820833723,False,0.29000000000000004
626,0.396,0.313,0.155,0.134,0.001,0.001,8.48,837.3675,1.9672564176227871,92.7377206969145,False,0.3973333333333333
627,0.579,0.237,0.147,0.021,0.0,0.016,8.446,922.17993,1.5132920122609121,32.60558617579978,False,0.09200000000000003
628,0.305,0.291,0.012,0.085,0.104,0.203,6.898,695.67255,1.694657621036962,49.505975325136525,False,0.42399999999999993
629,0.634,0.071,0.122,0.021,0.133,0.019,7.553,933.94556,1.8203395464369632,66.12102029636631,False,0.3760000000000001
630,0.29,0.447,0.054,0.17,0.039,0.0,8.19,972.1299,1.7264393370445696,53.26468181577148,False,0.342
631,0.5204795204795205,0.1098901098901099,0.2967032967032967,0.06193806193806194,0.005994005994005995,0.004995004995004996,8.591408591408591,785.0296,1.991202235499268,97.99462052844515,False,0.40659340659340665
632,0.23323323323323328,0.3653653653653654,0.029029029029029034,0.19819819819819823,0.0,0.1741741741741742,7.52852852852853,774.2723,1.6779071460204904,47.63291347532321,False,0.2887887887887888
633,0.268,0.067,0.451,0.007,0.025,0.182,8.109,448.2877,1.8073117435339503,64.16700123219383,False,0.5619999999999999
634,0.384,0.263,0.036,0.17,0.02,0.127,7.557,645.7268,1.660716560907174,45.784298133851976,False,0.406
635,0.426,0.257,0.09,0.033,0.099,0.095,7.529,925.3902,1.8190276135296852,65.9215808502175,False,0.512
636,0.6043956043956044,0.13586413586413587,0.1858141858141858,0.009990009990009988,0.013986013986013984,0.049950049950049945,8.227772227772228,836.6505,1.6636491201235444,46.09450124182612,False,0.2134805194805195
637,0.408,0.155,0.277,0.14,0.018,0.002,8.471,788.19135,1.9476430746616162,88.64272015425416,False,0.46933333333333327
638,0.204,0.408,0.255,0.056,0.002,0.075,8.552,806.8834,1.7660162458148523,58.3466929829494,False,0.41533333333333333
639,0.538,0.103,0.135,0.113,0.111,0.0,7.705,922.2277,1.84225100135389,69.54261243676945,False,0.44799999999999995
640,0.271,0.103,0.092,0.345,0.037,0.152,7.149,501.99997,1.9437956475596057,87.86089998532482,False,0.49
641,0.516,0.25,0.19,0.031,0.006,0.007,8.541,782.767,1.8577094382698587,72.06251885481265,False,0.206
642,0.561,0.24,0.154,0.029,0.009,0.007,8.446000000000002,811.38525,1.6528823609314296,44.96580377396189,False,0.11599999999999994
643,0.5,0.227,0.2,0.059,0.009,0.005,8.503,805.56134,2.0279241583821843,106.64098759151965,False,0.24000000000000002
644,0.672,0.053,0.063,0.038,0.102,0.072,7.343,977.53314,1.4263480529046402,26.68996798864371,False,0.42399999999999993
645,0.72,0.09,0.017,0.06,0.077,0.036,7.534999999999999,817.01636,1.675367674962186,47.355199979354055,False,0.366
646,0.4315684315684316,0.11788211788211789,0.06693306693306694,0.3326673326673327,0.04995004995004996,0.0009990009990009992,7.665334665334667,631.3167,2.048376668591851,111.78323362921331,False,0.4715284715284713
647,0.618,0.132,0.088,0.143,0.014,0.005,8.075,902.5837,1.8160369903144495,65.46919339956459,False,0.324
648,0.674,0.185,0.072,0.037,0.021,0.011,8.143,866.8092,1.7988594268878055,62.9302456291594,False,0.19000000000000014
649,0.5054945054945056,0.13886113886113888,0.2637362637362638,0.058941058941058944,0.029970029970029972,0.0029970029970029974,8.445554445554446,843.57556,1.9781821756195601,95.10036321201375,False,0.40528871128871125
650,0.592,0.103,0.024,0.259,0.001,0.021,7.803000000000001,721.41223,1.991250810280191,98.00558160124955,False,0.3127692307692308
651,0.30569430569430567,0.12687312687312685,0.09590409590409589,0.12387612387612386,0.020979020979020976,0.32667332667332666,6.7832167832167825,594.7639,2.1876145205315156,154.03326478621608,False,0.4985014985014985
652,0.32800000000000007,0.48300000000000004,0.06300000000000001,0.11200000000000002,0.012000000000000002,0.0020000000000000005,8.429,1070.737,1.8972516091429434,78.93172772961312,True,0.37799999999999995
653,0.495,0.304,0.136,0.008,0.02,0.037,8.32,834.0481,1.8949286200495996,78.51065851353772,False,0.282
654,0.441,0.267,0.274,0.002,0.008,0.008,8.741,801.89276,2.0507732153942233,112.40178688405571,False,0.2513333333333333
655,0.7077077077077076,0.16216216216216214,0.058058058058058054,0.04304304304304304,0.014014014014014012,0.015015015015015013,8.105105105105103,880.4928,1.7829649928734035,60.668742443230464,False,0.2356756756756757
656,0.621,0.118,0.107,0.023,0.106,0.025,7.679,973.0889,1.923510374082361,83.85141081429887,False,0.31200000000000006
657,0.22,0.302,0.05,0.266,0.026,0.136,7.462,725.51447,1.6989885859970482,50.002139338550855,False,0.288
658,0.47752247752247745,0.13786213786213786,0.03496503496503497,0.043956043956043946,0.004995004995004994,0.3006993006993007,6.936063936063936,611.55634,2.048776782008632,111.88626643909356,False,0.44355644355644364
659,0.335,0.393,0.062,0.191,0.0,0.019,8.25,970.5955,1.761609063152529,57.75758995153365,False,0.33
660,0.7392607392607393,0.11788211788211789,0.07392607392607393,0.04295704295704296,0.0019980019980019984,0.02397602397602398,8.116883116883118,942.7496,1.8730754359506188,74.6578426100278,False,0.25214785214785224
661,0.4494494494494495,0.1901901901901902,0.14014014014014015,0.13313313313313313,0.001001001001001001,0.08608608608608607,7.987987987987988,768.1738,1.722710550296199,52.809316956537316,False,0.44044044044044034
662,0.387,0.406,0.088,0.092,0.019,0.008,8.363,1006.44104,1.8714011085727265,74.37056974308354,True,0.3780000000000001
663,0.533,0.098,0.227,0.015,0.054,0.073,7.9750000000000005,868.3968,1.7793922560484925,60.171696464960405,False,0.432
664,0.5625625625625625,0.38538538538538536,0.015015015015015013,0.01101101101101101,0.0,0.026026026026026022,8.3003003003003,978.5327,1.8569280152871366,71.93297385511347,False,0.10410410410410409
665,0.0989010989010989,0.22877122877122877,0.0869130869130869,0.2007992007992008,0.000999000999000999,0.38361638361638356,6.662337662337662,180.18242,2.25946550553043,181.7462695750044,False,0.42837162837162834
666,0.5694305694305695,0.2167832167832168,0.05094905094905095,0.08891108891108891,0.0,0.07392607392607393,7.934065934065935,892.5118,1.6609357614946827,45.80741258408181,False,0.3256743256743256
667,0.399,0.377,0.095,0.098,0.031,0.0,8.314,1013.42676,1.8849871406082295,76.733876824437,True,0.3420000000000001
668,0.391,0.395,0.11,0.096,0.002,0.006,8.485,1038.9464,1.929039158226647,84.92570449722452,True,0.404
669,0.365,0.292,0.072,0.051,0.202,0.018,7.302999999999999,895.2531,1.9546815848768833,90.09103678187836,False,0.31400000000000006
670,0.6453546453546455,0.03896103896103897,0.1118881118881119,0.1098901098901099,0.07692307692307693,0.016983016983016987,7.700299700299702,922.5576,1.87317249344771,74.6745292440866,False,0.4603016983016984
671,0.4425574425574426,0.3216783216783217,0.1288711288711289,0.014985014985014986,0.08691308691308691,0.004995004995004996,8.10989010989011,909.263,2.063358997108808,115.7068304398383,False,0.4011428571428571
672,0.24824824824824823,0.18218218218218216,0.5275275275275275,0.017017017017017015,0.0030030030030030025,0.02202202202202202,9.117117117117116,620.78613,1.8795001070371553,75.7704919611429,False,0.4724724724724725
673,0.25974025974025977,0.6113886113886114,0.016983016983016987,0.027972027972027975,0.07392607392607393,0.009990009990009992,8.20779220779221,979.4907,1.9670695362196298,92.69782328218399,False,0.2577422577422576
674,0.5625625625625627,0.1921921921921922,0.007007007007007007,0.006006006006006006,0.18118118118118118,0.051051051051051045,7.09009009009009,863.3872,1.6660240170758451,46.347254969029564,False,0.4156156156156157
675,0.339,0.391,0.159,0.083,0.008,0.02,8.506,825.5063,1.9104961050182334,81.375956252149,False,0.3486666666666668
676,0.30600000000000005,0.17000000000000004,0.42000000000000004,0.09700000000000002,0.007000000000000001,0.0,8.878,739.1011,2.0859774937937274,121.89264295279646,False,0.3813333333333333
677,0.6443556443556444,0.09890109890109891,0.09090909090909091,0.007992007992007994,0.15084915084915085,0.006993006993006994,7.490509490509491,940.61456,1.7728704265784185,59.27484494261129,False,0.3823796203796204
678,0.464,0.149,0.19,0.019,0.053,0.125,7.745,707.7183,1.8349364215479917,68.38115335037067,False,0.46799999999999997
679,0.322,0.108,0.193,0.357,0.002,0.018,8.055,488.8092,1.9938673419065895,98.59782661108989,False,0.562
680,0.652,0.196,0.098,0.044,0.0,0.01,8.308,897.2462,1.69285720990117,49.30116817917797,False,0.17400000000000004
681,0.207,0.229,0.217,0.109,0.006,0.232,7.595999999999999,638.9359,1.599119936407661,39.730125453845474,False,0.18199999999999997
682,0.322,0.149,0.138,0.05,0.333,0.008,6.678,822.861,2.081217063587465,120.56383767673765,False,0.658
683,0.383,0.245,0.058,0.257,0.009,0.048,7.867,842.8319,1.7927719637436221,62.05431183075976,False,0.41400000000000003
684,0.3233233233233233,0.44844844844844844,0.13213213213213215,0.07407407407407407,0.022022022022022022,0.0,8.528528528528527,909.1912,2.0536514807018693,113.14919817551863,False,0.4224224224224224
685,0.431,0.226,0.227,0.053,0.056,0.007,8.319,743.7367,2.0731310279475554,118.33985367586564,False,0.38
686,0.395,0.291,0.235,0.044,0.023,0.012,8.553999999999998,783.81226,2.1051660696950485,127.39901484746116,False,0.2813333333333334
687,0.48251748251748244,0.05194805194805194,0.3456543456543456,0.005994005994005993,0.02897102897102897,0.08491508491508491,8.252747252747252,774.6591,1.8413009914950522,69.39065572612232,False,0.3436563436563438
688,0.47252747252747257,0.2497502497502498,0.2047952047952048,0.05294705294705295,0.006993006993006994,0.012987012987012988,8.51948051948052,756.5293,2.0323819580596822,107.74123714737065,False,0.29294505494505496
689,0.5680000000000001,0.08400000000000002,0.21300000000000002,0.037000000000000005,0.09200000000000001,0.006000000000000001,7.989000000000001,848.43085,2.0026467795576637,100.61130440081185,False,0.39
690,0.527,0.111,0.175,0.037,0.129,0.021,7.695,837.56274,1.8883862878607447,77.3368159826438,False,0.4179999999999999
691,0.3656343656343657,0.39860139860139865,0.09590409590409592,0.12687312687312688,0.0019980019980019984,0.01098901098901099,8.409590409590411,1068.6771,1.7673517265324392,58.526388593142,True,0.3422577422577424
692,0.5820000000000001,0.044000000000000004,0.08300000000000002,0.28800000000000003,0.0010000000000000002,0.0020000000000000005,7.909000000000001,833.1841,1.923076982724066,83.76777551171432,False,0.25999999999999984
693,0.3553553553553553,0.34034034034034033,0.1071071071071071,0.029029029029029027,0.1191191191191191,0.04904904904904905,7.733733733733732,1093.7577,1.7794376956880407,60.177992476892555,True,0.32302302302302294
694,0.186,0.087,0.537,0.166,0.017,0.007,8.882000000000001,338.7705,1.7518411061013839,56.47303209791954,False,0.554
695,0.5375375375375375,0.14114114114114112,0.18718718718718716,0.04004004004004004,0.03103103103103103,0.06306306306306306,8.068068068068067,840.03064,1.7278731702250456,53.44082699660666,False,0.33664264264264265
696,0.847,0.01,0.089,0.003,0.022,0.029,7.959,978.84576,1.898442883149987,79.14853544686439,False,0.206
697,0.625,0.247,0.055,0.06,0.004,0.009,8.241,971.3485,1.7478436176640235,55.95560782276868,False,0.15199999999999997
698,0.439,0.438,0.059,0.034,0.029,0.001,8.373000000000001,1084.7664,1.894938334084977,78.51241461193513,True,0.24599999999999997
699,0.437,0.415,0.036,0.056,0.029,0.027,8.177999999999999,948.7451,1.948489968792023,88.8157461678886,False,0.29600000000000004
700,0.593,0.169,0.047,0.125,0.058,0.008,7.816,838.7688,1.7916924219121282,61.90025269084458,False,0.382
701,0.26626626626626626,0.4944944944944945,0.12912912912912913,0.03303303303303304,0.06406406406406406,0.013013013013013013,8.347347347347348,1028.6125,1.9122688085752761,81.70879552391649,True,0.4784784784784784
702,0.377,0.513,0.054,0.032,0.023,0.001,8.469999999999999,1072.7054,2.1269017951267504,133.9373787179524,False,0.23399999999999999
703,0.3913913913913914,0.04304304304304304,0.48348348348348347,0.08008008008008008,0.001001001001001001,0.001001001001001001,8.92092092092092,792.5312,2.0009165216211886,100.21125974183644,False,0.2502502502502503
704,0.45945945945945943,0.1151151151151151,0.10310310310310308,0.03103103103103103,0.06706706706706707,0.2242242242242242,7.058058058058057,757.3872,1.8477001037728065,70.42066205983426,False,0.6326326326326326
705,0.645,0.134,0.163,0.032,0.008,0.018,8.316,784.40857,1.8134042508178794,65.07351270344587,False,0.18800000000000003
706,0.656,0.091,0.078,0.085,0.023,0.067,7.779000000000001,955.95917,1.6356799237847606,43.2195184600374,False,0.37199999999999994
707,0.6683316683316683,0.23076923076923075,0.05594405594405594,0.014985014985014982,0.022977022977022973,0.006993006993006992,8.184815184815184,1021.886,1.7963854414454752,62.572778716160975,True,0.09846153846153859
708,0.363,0.324,0.082,0.167,0.011,0.053,8.054,844.13367,1.7251806328913524,53.1105296996534,False,0.32999999999999996
709,0.58,0.035,0.351,0.02,0.001,0.013,8.659999999999998,816.61395,1.8416235969232821,69.44222008989142,False,0.298
710,0.273,0.033,0.379,0.281,0.0,0.034,8.374,510.20874,1.8913619133795774,77.86851874101657,False,0.614
711,0.356,0.373,0.15,0.002,0.069,0.05,8.126,1043.1519,1.8205438479791072,66.15213237550019,True,0.36666666666666664
712,0.4365634365634366,0.19180819180819184,0.1038961038961039,0.10089910089910091,0.04795204795204796,0.1188811188811189,7.583416583416584,785.7291,1.7416516879713386,55.163484069994304,False,0.5354645354645354
713,0.35064935064935066,0.4155844155844156,0.006993006993006994,0.2247752247752248,0.0019980019980019984,0.0,8.194805194805195,907.82996,1.8304767365289234,67.68255370296167,False,0.2960039960039961
714,0.40459540459540455,0.05994005994005993,0.10889110889110888,0.25574425574425574,0.0839160839160839,0.0869130869130869,7.254745254745254,649.5839,1.8418317552598007,69.47551188227149,False,0.6793206793206792
715,0.426,0.27,0.064,0.001,0.002,0.237,7.439,846.29034,1.642132534691873,43.86645456653503,False,0.486
716,0.406,0.15,0.302,0.069,0.069,0.004,8.324,714.24054,2.1365024851757384,136.9312224023302,False,0.42933333333333334
717,0.54,0.26,0.081,0.049,0.0,0.07,8.093,900.54486,1.6739787461161089,47.20399395941375,False,0.29599999999999993
718,0.5254745254745254,0.27672327672327673,0.06393606393606394,0.010989010989010986,0.02897102897102897,0.09390609390609389,7.873126873126872,946.2056,1.769730143203226,58.847788026358145,False,0.29160439560439555
719,0.47200000000000003,0.07600000000000001,0.19900000000000004,0.24100000000000002,0.005000000000000001,0.007000000000000001,8.180000000000001,693.9328,1.9405814601019484,87.21304704264614,False,0.574
720,0.4444444444444444,0.025025025025025023,0.25625625625625625,0.2212212212212212,0.045045045045045036,0.008008008008008008,8.05905905905906,575.5962,1.9342211277596777,85.94510129083552,False,0.5985985985985987
721,0.4264264264264264,0.1691691691691692,0.3883883883883884,0.007007007007007007,0.001001001001001001,0.008008008008008008,8.901901901901901,783.29364,2.1676375487555966,147.1084260074278,False,0.3283283283283283
722,0.6196196196196196,0.021021021021021023,0.1991991991991992,0.041041041041041046,0.07507507507507508,0.044044044044044044,7.826826826826827,848.69366,1.6870517247671153,48.64651405692699,False,0.3623623623623624
723,0.685,0.169,0.059,0.074,0.01,0.003,8.151,844.32446,1.8668281675804836,73.59158683192778,False,0.22200000000000014
724,0.3173173173173173,0.4824824824824825,0.13013013013013014,0.03903903903903904,0.008008008008008008,0.02302302302302302,8.571571571571571,928.08966,1.9816108349258885,95.85413114007646,False,0.40040040040040037
725,0.491,0.07,0.154,0.273,0.0,0.012,8.057,614.9452,1.897646832823495,79.00359114983807,False,0.47199999999999986
726,0.651,0.282,0.011,0.018,0.018,0.02,8.116,932.0847,1.9983033442619114,99.61009269915625,False,0.11599999999999985
727,0.6536536536536536,0.08408408408408408,0.03203203203203203,0.026026026026026022,0.01101101101101101,0.19319319319319317,7.294294294294293,751.5261,1.4637817396900217,29.092546670430735,False,0.3063063063063064
728,0.48800000000000004,0.08100000000000002,0.09500000000000001,0.23300000000000004,0.09900000000000002,0.004000000000000001,7.527000000000001,692.29425,1.7619864360979007,57.80779925694951,False,0.5579999999999999
729,0.33566433566433573,0.37962037962037964,0.1118881118881119,0.012987012987012988,0.14285714285714285,0.016983016983016987,7.808191808191809,1014.73926,1.7825041335521599,60.6043968738588,True,0.3169830169830169
730,0.255,0.401,0.283,0.031,0.015,0.015,8.800999999999998,871.1155,1.9773098950272174,94.90954579759757,False,0.25733333333333336
731,0.456,0.179,0.279,0.011,0.036,0.039,8.39,822.32574,1.8929501809264297,78.15381471292659,False,0.41733333333333333
732,0.314,0.5,0.011,0.17,0.002,0.003,8.33,907.37646,1.9336796294680476,85.83800777259631,False,0.36800000000000005
733,0.6053946053946053,0.06893106893106893,0.004995004995004994,0.06093906093906093,0.03596403596403596,0.22377622377622375,6.943056943056943,791.146,1.5550135279282205,35.89331149523629,False,0.34165834165834175
734,0.501,0.279,0.035,0.15,0.008,0.027,8.051,803.9481,1.805848711003967,63.951201896252776,False,0.37
735,0.6833166833166833,0.0819180819180819,0.15384615384615383,0.03996003996003995,0.023976023976023973,0.016983016983016984,8.161838161838162,827.8693,1.8542786340771036,71.49548787628707,False,0.2921638361638361
736,0.542,0.317,0.079,0.033,0.01,0.019,8.316,909.19476,1.8884849690382037,77.35439059040144,False,0.2519999999999999
737,0.47752247752247745,0.06193806193806193,0.13886113886113885,0.05294705294705294,0.18781218781218778,0.08091908091908091,7.023976023976023,889.47955,1.7839761431077692,60.81015958054439,False,0.6433566433566436
738,0.6073926073926075,0.2057942057942058,0.14685314685314685,0.032967032967032975,0.006993006993006994,0.0,8.431568431568433,995.9085,1.4375378427619199,27.38658260085409,False,0.07992007992007985
739,0.4944944944944945,0.15615615615615616,0.1691691691691692,0.0850850850850851,0.002002002002002002,0.09309309309309309,8.027027027027028,729.0134,1.7662972774182755,58.38446129878056,False,0.3926986986986988
740,0.3136863136863137,0.15284715284715286,0.11088911088911091,0.2147852147852148,0.034965034965034975,0.17282717282717283,7.293706293706295,521.9377,1.808245612386438,64.3051287924241,False,0.326873126873127
741,0.19119119119119118,0.39539539539539537,0.26626626626626626,0.04804804804804804,0.09909909909909909,0.0,8.384384384384385,904.50555,1.5594228288662177,36.259584973869046,False,0.4184184184184183
742,0.305,0.149,0.155,0.149,0.139,0.103,7.202999999999999,684.3396,1.5272599770121327,33.67130719651118,False,0.48800000000000016
743,0.7692307692307694,0.04095904095904097,0.06993006993006995,0.08391608391608393,0.0009990009990009992,0.034965034965034975,7.952047952047954,939.63477,1.7237751207802254,52.93892532803988,False,0.30969030969030925
744,0.5815815815815816,0.27127127127127126,0.08908908908908908,0.01701701701701702,0.03403403403403404,0.007007007007007007,8.234234234234233,923.75415,1.7447723109643711,55.56128878521785,False,0.19029429429429429
745,0.6986986986986987,0.09809809809809811,0.07107107107107108,0.06206206206206207,0.02602602602602603,0.044044044044044044,7.871871871871871,994.4206,1.6789304033834955,47.74527547049711,False,0.30046046046046043
746,0.583,0.197,0.049,0.139,0.018,0.014,8.010000000000002,796.4843,1.6493487227078107,44.60142378985286,False,0.342
747,0.2677322677322677,0.26573426573426573,0.10589410589410587,0.1898101898101898,0.06693306693306693,0.10389610389610388,7.537462537462536,710.8387,1.6949069405668107,49.53440384670649,False,0.40079920079920084
748,0.473,0.036,0.194,0.205,0.091,0.001,7.76,674.4703,1.905468841305594,80.43940347931773,False,0.644
749,0.4565434565434566,0.15884115884115887,0.2837162837162837,0.026973026973026976,0.06193806193806194,0.01198801198801199,8.341658341658343,776.7237,2.0694140117540956,117.33133490179733,False,0.4482184482184482
750,0.568,0.05,0.247,0.016,0.106,0.013,7.945999999999999,844.56165,1.946583103496674,88.42663599205439,False,0.4580000000000001
751,0.30700000000000005,0.10900000000000001,0.25800000000000006,0.15000000000000002,0.09800000000000002,0.07800000000000001,7.673000000000003,576.39557,1.6182120373420918,41.51566867808408,False,0.526
752,0.39039039039039036,0.035035035035035036,0.3183183183183183,0.1211211211211211,0.04904904904904905,0.08608608608608607,7.960960960960961,676.05304,1.7369221857528436,54.5660084272703,False,0.5825825825825826
753,0.5770000000000001,0.19800000000000004,0.07700000000000001,0.012000000000000002,0.13200000000000003,0.004000000000000001,7.6640000000000015,940.61456,1.7111125183177025,51.41768488081622,False,0.29599999999999993
754,0.3796203796203796,0.42257742257742253,0.045954045954045945,0.05594405594405594,0.06993006993006994,0.02597402597402597,8.004995004995003,957.92633,1.9623520926456366,91.69635925849155,False,0.3482517482517482
755,0.38361638361638367,0.19480519480519484,0.1248751248751249,0.2667332667332668,0.01198801198801199,0.017982017982017984,8.045954045954048,642.8129,1.8770342807069988,75.34150316332875,False,0.5246753246753247
756,0.41241241241241233,0.08608608608608607,0.35335335335335327,0.06206206206206206,0.05405405405405405,0.03203203203203203,8.332332332332332,670.5348,2.1844236321396684,152.9056848074513,False,0.4684684684684686
757,0.5005005005005005,0.07107107107107107,0.15215215215215214,0.13913913913913914,0.09109109109109109,0.04604604604604604,7.596596596596596,855.55774,1.6367118260915319,43.32233198497711,False,0.5525525525525525
758,0.23,0.305,0.125,0.053,0.279,0.008,7.075,934.69476,1.8831307305525704,76.40657466766227,False,0.524
759,0.7457457457457457,0.12812812812812813,0.03303303303303303,0.03303303303303303,0.06006006006006005,0.0,7.8608608608608606,900.05615,2.033858527691164,108.10817293652632,False,0.2668206668206668
760,0.547,0.103,0.061,0.003,0.278,0.008,6.800000000000001,994.9199,1.9423602685248145,87.57099182300027,False,0.3499999999999999
761,0.696,0.05,0.049,0.131,0.031,0.043,7.6899999999999995,882.93604,1.6263406155936253,42.300024176335405,False,0.41000000000000003
762,0.4124124124124124,0.11411411411411412,0.16216216216216217,0.07807807807807808,0.10110110110110111,0.13213213213213215,7.326326326326326,692.45215,1.604930668206316,40.265274876134484,False,0.6270270270270271
763,0.4,0.145,0.344,0.11,0.0,0.001,8.719,792.5312,2.044647724909286,110.82754802561692,False,0.37666666666666665
764,0.624,0.164,0.088,0.068,0.027,0.029,8.021,933.5077,1.784447683611189,60.876220806073185,False,0.258
765,0.638,0.177,0.138,0.017,0.029,0.001,8.286999999999999,919.6111,1.7742584849636398,59.46459768592435,False,0.132
766,0.402,0.189,0.029,0.063,0.013,0.304,6.9030000000000005,534.5768,2.0957347345816424,124.66218497695611,False,0.49600000000000005
767,0.5004995004995005,0.09290709290709291,0.2937062937062937,0.06493506493506494,0.04795204795204796,0.0,8.375624375624376,895.5552,2.1679357337112832,147.2094647811538,False,0.41258741258741266
768,0.7777777777777777,0.10010010010010009,0.050050050050050046,0.02302302302302302,0.004004004004004004,0.045045045045045036,7.976976976976976,939.9662,1.6686858471667958,46.63219379521441,False,0.27301587301587305
769,0.4590000000000001,0.28400000000000003,0.08200000000000002,0.061000000000000006,0.07600000000000001,0.038000000000000006,7.855,910.57635,1.9325082893592411,85.60680512965462,False,0.4179999999999999
770,0.33333333333333337,0.4264264264264264,0.02002002002002002,0.20320320320320323,0.0,0.01701701701701702,8.195195195195195,904.72375,1.757848389486217,57.25961050188929,False,0.3333333333333333
771,0.49,0.212,0.111,0.01,0.175,0.002,7.5409999999999995,954.78723,1.8329484850241489,68.06886122448047,False,0.374
772,0.231,0.217,0.449,0.063,0.009,0.031,8.883000000000001,601.5803,1.8647206282341464,73.23532753695865,False,0.43733333333333335
773,0.4314314314314315,0.05105105105105105,0.3613613613613614,0.08208208208208209,0.005005005005005006,0.06906906906906908,8.39039039039039,692.6412,1.7762934051996764,59.74387741960275,False,0.41441441441441434
774,0.553,0.201,0.201,0.019,0.013,0.013,8.467,835.0457,1.8022299553496106,63.4205428918018,False,0.18599999999999997
775,0.5795795795795795,0.16316316316316318,0.14314314314314314,0.08808808808808809,0.007007007007007007,0.019019019019019017,8.250250250250248,865.8584,1.7283334499514225,53.49749538546367,False,0.22822822822822827
776,0.514,0.216,0.069,0.127,0.06,0.014,7.871,934.8823,1.7760971273118076,59.71688248158886,False,0.402
777,0.434,0.123,0.389,0.041,0.013,0.0,8.795,792.50775,2.1023059855493877,126.56277412673863,False,0.354
778,0.5104895104895104,0.12187812187812186,0.31568431568431565,0.014985014985014982,0.013986013986013984,0.022977022977022973,8.576423576423576,812.6585,1.9969084391218266,99.29066950980473,False,0.3686313686313686
779,0.609,0.271,0.014,0.057,0.024,0.025,8.022,923.4935,1.8656625005438294,73.39432835816355,False,0.21199999999999994
780,0.681,0.024,0.097,0.106,0.053,0.039,7.691,978.86066,1.6414464361611945,43.797209042135286,False,0.42999999999999994
781,0.333,0.134,0.261,0.236,0.008,0.028,8.268,572.8481,1.9717340352702115,93.69880137082527,False,0.476
782,0.354,0.199,0.158,0.144,0.141,0.004,7.65,606.99744,1.6718722413469778,46.97558977560547,False,0.33199999999999996
783,0.3616383616383616,0.24375624375624372,0.16483516483516483,0.15084915084915082,0.06893106893106893,0.009990009990009988,8.037962037962037,773.1424,1.7941551282262942,62.252260800937805,False,0.3746253746253746
784,0.492,0.083,0.339,0.052,0.0,0.034,8.573,806.6948,2.072655647949267,118.21038939804774,False,0.33799999999999997
785,0.298,0.07,0.143,0.014,0.336,0.139,6.106,745.68445,2.8115348735594194,647.940122342808,False,0.7373333333333334
786,0.3273453093812376,0.34730538922155696,0.08283433133732537,0.07684630738522956,0.12475049900199603,0.0409181636726547,7.648702594810381,1053.739,1.6020498685853561,39.999067671816604,True,0.24750499001995985
787,0.7192807192807193,0.032967032967032975,0.12687312687312688,0.11488511488511491,0.0009990009990009992,0.004995004995004996,8.146853146853148,907.29724,1.9076069156345041,80.83639095426463,False,0.3076923076923077
788,0.5425425425425425,0.19419419419419418,0.039039039039039033,0.16516516516516516,0.004004004004004004,0.05505505505505505,7.866866866866866,750.9088,1.5713352990506169,37.267932399677576,False,0.4484484484484484
789,0.5414585414585414,0.1558441558441558,0.1898101898101898,0.006993006993006992,0.05994005994005993,0.045954045954045945,8.044955044955044,878.935,1.7265040296873946,53.2726167305319,False,0.29939460539460544
790,0.397,0.287,0.193,0.068,0.002,0.053,8.383,809.66565,1.9402998661099935,87.15651694391798,False,0.37333333333333335
791,0.276,0.335,0.36,0.022,0.0,0.007,9.004999999999999,795.02454,2.1613357308189483,144.9892257864948,False,0.11466666666666667
792,0.5235235235235234,0.20020020020020016,0.05805805805805805,0.18118118118118112,0.01301301301301301,0.02402402402402402,7.973973973973973,783.461,1.7387963596581384,54.8019938546566,False,0.4364364364364366
793,0.658,0.218,0.073,0.01,0.038,0.003,8.152,1016.089,1.7691520303388288,58.769504669355335,True,0.14399999999999993
794,0.703,0.186,0.072,0.033,0.005,0.001,8.267999999999999,947.534,1.784379593425065,60.86667717046308,False,0.18800000000000006
795,0.26899999999999996,0.19899999999999995,0.36599999999999994,0.039999999999999994,0.04399999999999999,0.08199999999999999,8.342999999999998,543.79767,1.8114568554673658,64.78237346982269,False,0.3973333333333333
796,0.592,0.056,0.208,0.102,0.042,0.0,8.16,855.18286,1.9059605450733061,80.53052772393085,False,0.398
797,0.63,0.174,0.028,0.168,0.0,0.0,8.062000000000001,699.67444,1.7590912700296604,57.423712948535666,False,0.33599999999999997
798,0.264,0.599,0.012,0.087,0.037,0.001,8.347,964.05164,2.044284680450912,110.73494147330761,False,0.27399999999999997
799,0.444,0.116,0.103,0.251,0.086,0.0,7.641,620.7785,1.8908443596349969,77.77577720041418,False,0.596
800,0.2952952952952953,0.3953953953953955,0.15315315315315317,0.0870870870870871,0.061061061061061066,0.00800800800800801,8.277277277277278,915.8931,1.8964793958320496,78.79150496290939,False,0.4131131131131131
801,0.209,0.352,0.263,0.103,0.038,0.035,8.445,951.0402,1.6563065253501081,45.321734816641055,False,0.3893333333333333
802,0.6233766233766235,0.16083916083916086,0.07092907092907093,0.04395604395604396,0.07192807192807193,0.028971028971028975,7.783216783216783,947.2372,1.7993035103150057,62.99462722570827,False,0.29846353646353657
803,0.403,0.307,0.109,0.047,0.121,0.013,7.821,895.16296,1.9737508074186425,94.13493074212452,False,0.35000000000000003
804,0.5245245245245245,0.2312312312312312,0.12612612612612611,0.057057057057057055,0.014014014014014012,0.04704704704704704,8.168168168168167,872.3722,1.757869077777539,57.262338217225484,False,0.2426986986986987
805,0.5174825174825174,0.15284715284715283,0.07692307692307691,0.1868131868131868,0.05594405594405594,0.009990009990009988,7.800199800199799,871.64557,1.7281399226339058,53.47366151056334,False,0.5054945054945056
806,0.29,0.102,0.113,0.0,0.374,0.121,5.974,662.0098,2.715705748930746,519.6437987478602,False,0.7533333333333333
807,0.5154845154845156,0.1018981018981019,0.15384615384615385,0.20179820179820182,0.0019980019980019984,0.02497502497502498,8.097902097902098,702.54974,1.8879726900781182,77.26319978263871,False,0.4592347652347651
808,0.25574425574425574,0.27972027972027974,0.26873126873126874,0.0819180819180819,0.024975024975024972,0.0889110889110889,8.254745254745254,727.98334,1.7451729076310525,55.61256260170157,False,0.3916083916083915
809,0.443,0.041,0.17,0.113,0.072,0.161,7.264,679.8518,1.7701903467449642,58.91017959585171,False,0.63
810,0.5459999999999999,0.33999999999999997,0.04299999999999999,0.004999999999999999,0.028999999999999995,0.03699999999999999,8.127999999999998,988.2725,1.7413920203736923,55.13051130939618,False,0.22800000000000004
811,0.4135864135864135,0.10389610389610388,0.2627372627372627,0.05694305694305694,0.14485514485514484,0.01798201798201798,7.776223776223775,654.73425,2.0257598569571607,106.11086551412997,False,0.6000666000665998
812,0.33266733266733267,0.3356643356643356,0.15684315684315683,0.13886113886113885,0.005994005994005993,0.029970029970029965,8.360639360639361,950.5839,1.890971179849116,77.79849215862052,False,0.3543123543123542
813,0.405,0.134,0.394,0.009,0.005,0.053,8.676,781.92175,1.9385166760129438,86.79939058293877,False,0.3986666666666667
814,0.41500000000000004,0.36400000000000005,0.17600000000000002,0.004000000000000001,0.0,0.04100000000000001,8.548,863.8573,1.8667890566513685,73.58495974855846,False,0.31466666666666676
815,0.349,0.24,0.104,0.145,0.122,0.04,7.5329999999999995,865.2234,1.5378274031466446,34.50065999289618,False,0.288
816,0.561,0.111,0.016,0.189,0.09,0.033,7.372000000000002,664.5091,1.8610853192083716,72.62486184030581,False,0.4999999999999999
817,0.7197197197197197,0.04804804804804805,0.07807807807807808,0.13913913913913914,0.004004004004004004,0.011011011011011011,8.001001001001,943.42004,1.7632643282251137,57.97814662272552,False,0.3083083083083083
818,0.754,0.045,0.002,0.076,0.018,0.105,7.463,853.3563,1.3568297249194479,22.74205601653054,False,0.2819999999999999
819,0.36100000000000004,0.043000000000000003,0.26200000000000007,0.027000000000000003,0.22800000000000004,0.07900000000000001,7.084000000000001,746.12836,1.7662728804219348,58.38118157605797,False,0.7233333333333334
820,0.6393606393606392,0.044955044955044945,0.05594405594405594,0.2007992007992008,0.003996003996003996,0.05494505494505494,7.716283716283716,806.2424,1.6758365023305861,47.406348226462505,False,0.42917082917082905
821,0.523,0.27,0.055,0.137,0.014,0.001,8.169,872.8867,1.77268421959286,59.24943586003565,False,0.30999999999999994
822,0.618,0.141,0.08,0.125,0.014,0.022,8.018,915.4909,1.72972328425591,53.66897293474569,False,0.32200000000000006
823,0.274,0.159,0.329,0.096,0.015,0.127,8.138,486.2958,1.6487253999674996,44.53745535001423,False,0.436
824,0.426,0.101,0.189,0.078,0.036,0.17,7.541,605.85657,1.8062431321948709,64.00930801472977,False,0.524
825,0.7767767767767768,0.015015015015015015,0.0960960960960961,0.08008008008008008,0.031031031031031032,0.001001001001001001,7.967967967967968,947.9261,2.0322108746814305,107.69880256569391,False,0.25425425425425424
826,0.7002997002997003,0.07392607392607393,0.004995004995004996,0.15584415584415587,0.06393606393606395,0.0009990009990009992,7.604395604395605,729.03796,2.069255071507392,117.28840260574177,False,0.4415584415584416
827,0.224,0.07,0.165,0.04,0.054,0.447,6.3020000000000005,424.86612,2.561400809907488,364.2510479489553,False,0.518
828,0.524,0.207,0.132,0.041,0.088,0.008,7.958,914.04047,1.8678590225807077,73.76647360626518,False,0.274
829,0.391,0.159,0.347,0.095,0.003,0.005,8.723,750.61346,2.0267655712928367,106.35687572914429,False,0.3486666666666667
830,0.51,0.054,0.227,0.013,0.077,0.119,7.6339999999999995,877.6927,1.750551369323076,56.3055712945224,False,0.546
831,0.5630000000000001,0.28300000000000003,0.07100000000000001,0.014000000000000002,0.052000000000000005,0.017000000000000005,8.083,938.8673,1.8279687398504614,67.29282177370168,False,0.2099999999999999
832,0.514,0.314,0.063,0.062,0.001,0.046,8.189,911.00116,1.8595777475358353,72.37319534075078,False,0.3079999999999999
833,0.4574574574574574,0.09609609609609608,0.24124124124124122,0.038038038038038034,0.14914914914914912,0.018018018018018014,7.722722722722722,676.8843,2.020756876185699,104.89550453005835,False,0.5868928928928929
834,0.30530530530530525,0.21221221221221218,0.26926926926926925,0.038038038038038034,0.17017017017017017,0.005005005005005005,7.841841841841841,716.51843,1.9302257789545287,85.1580638845628,False,0.4264264264264264
835,0.5255255255255254,0.15315315315315314,0.2202202202202202,0.004004004004004004,0.059059059059059046,0.038038038038038034,8.142142142142141,845.6154,1.7597989942520313,57.517366646156084,False,0.33664264264264265
836,0.36363636363636365,0.24775224775224777,0.11088911088911091,0.14385614385614387,0.003996003996003997,0.12987012987012989,7.7862137862137875,866.3937,1.6507675945763702,44.7473781988432,False,0.4307692307692308
837,0.5184815184815185,0.17182817182817178,0.22777222777222775,0.03296703296703297,0.03196803196803197,0.016983016983016984,8.366633366633366,846.3935,1.8195586624771127,66.00223809936965,False,0.3133806193806194
838,0.406,0.344,0.1,0.112,0.024,0.014,8.256,1032.2074,1.8049719307581467,63.822223539423184,True,0.3400000000000001
839,0.5750000000000001,0.019000000000000003,0.07100000000000001,0.21100000000000002,0.06700000000000002,0.05700000000000001,7.387000000000001,806.64325,1.6313766666587979,42.79338753075381,False,0.4279999999999998
840,0.17617617617617617,0.12112112112112111,0.1921921921921922,0.3303303303303303,0.16816816816816818,0.012012012012012012,7.286286286286286,265.13214,1.797753442703397,62.770189924614144,False,0.596996996996997
841,0.6980000000000001,0.07700000000000001,0.14700000000000002,0.06900000000000002,0.0010000000000000002,0.008000000000000002,8.265,897.28064,1.8809342132782734,76.02111117998854,False,0.2899999999999999
842,0.389,0.081,0.226,0.004,0.101,0.199,7.228,673.5103,1.759135868170398,57.4296101506378,False,0.632
843,0.685,0.113,0.084,0.08,0.038,0.0,8.011000000000001,952.327,1.93177968791154,85.4633058377357,False,0.30999999999999994
844,0.5424575424575424,0.07292707292707291,0.33666333666333664,0.009990009990009988,0.022977022977022973,0.014985014985014982,8.56143856143856,830.6753,1.9906694495291486,97.8744759055908,False,0.3266733266733266
845,0.33166833166833165,0.1978021978021978,0.37062937062937057,0.05194805194805194,0.03496503496503497,0.012987012987012984,8.660339660339659,698.5756,2.094834638227734,124.40408411477034,False,0.2743922743922743
846,0.469,0.358,0.107,0.033,0.001,0.032,8.406,1095.036,1.8953083410079925,78.57933352671077,True,0.346
847,0.44855144855144863,0.18381618381618384,0.29870129870129875,0.04495504495504496,0.0029970029970029974,0.020979020979020983,8.637362637362639,730.1278,2.0442223751847175,110.71905622628313,False,0.3682983682983683
848,0.683,0.188,0.059,0.01,0.045,0.015,8.011,931.71295,1.7805957448035725,60.338671623634305,False,0.18400000000000016
849,0.38,0.194,0.094,0.135,0.098,0.099,7.361,790.3695,1.4705785999647925,29.551436711685145,False,0.44599999999999995
850,0.3073073073073073,0.29229229229229226,0.2652652652652653,0.006006006006006006,0.12712712712712712,0.002002002002002002,8.173173173173172,777.0875,1.9839967792368327,96.38218758161179,False,0.27027027027027023
851,0.7699999999999998,0.022999999999999996,0.040999999999999995,0.04899999999999999,0.002999999999999999,0.11399999999999998,7.584999999999999,833.1513,1.6222119512486735,41.8998001246506,False,0.2320000000000002
852,0.717,0.068,0.152,0.018,0.014,0.031,8.16,948.0461,1.829278619924192,67.49609073539543,False,0.2620000000000001
853,0.5720000000000001,0.11100000000000002,0.07400000000000001,0.07300000000000001,0.13400000000000004,0.036000000000000004,7.372000000000002,912.7342,1.4781797126072653,30.073204851413198,False,0.486
854,0.248,0.209,0.055,0.052,0.352,0.084,6.170999999999999,619.0278,2.5483540721180185,353.4712307930623,False,0.5860000000000001
855,0.517,0.256,0.11,0.02,0.0,0.097,8.068000000000001,910.8716,1.713002052013889,51.64188093124352,False,0.2899999999999999
856,0.43843843843843844,0.14714714714714713,0.22422422422422422,0.06006006006006006,0.015015015015015015,0.11511511511511512,8.0,646.9595,1.8873304268678017,77.14902233444766,False,0.5228288288288288
857,0.48,0.356,0.114,0.043,0.007,0.0,8.506,911.6029,1.9064205505805651,80.61587099565592,False,0.32799999999999996
858,0.488,0.05,0.156,0.282,0.006,0.018,7.978,609.8939,1.8875581965273138,77.18949444735267,False,0.45999999999999996
859,0.399,0.196,0.11,0.027,0.187,0.081,7.13,856.0788,1.8353651882418616,68.44869747128266,False,0.5539999999999999
860,0.604,0.064,0.115,0.108,0.05,0.059,7.700000000000001,946.39276,1.6168849036211186,41.38899714919002,False,0.434
861,0.32132132132132135,0.4124124124124124,0.07907907907907907,0.049049049049049054,0.09209209209209208,0.04604604604604604,7.876876876876878,1065.419,1.7852295305215145,60.98591308989182,True,0.37507507507507504
862,0.5844155844155843,0.05594405594405594,0.03996003996003995,0.17082917082917082,0.022977022977022973,0.12587412587412586,7.346653346653345,698.3708,1.3711801573892066,23.506077158641077,False,0.4895104895104895
863,0.4255744255744256,0.17582417582417584,0.09990009990009992,0.2547452547452548,0.008991008991008992,0.034965034965034975,7.9360639360639365,667.4925,1.8229140281949885,66.51414734939,False,0.5784215784215785
864,0.387,0.165,0.307,0.103,0.035,0.003,8.489,769.3417,2.0212519087938556,105.01513833395856,False,0.3893333333333333
865,0.6343656343656344,0.09490509490509491,0.11088911088911091,0.026973026973026976,0.09490509490509491,0.03796203796203797,7.663336663336664,933.94556,1.6700035518881469,46.77389666862468,False,0.3504115884115884
866,0.2982982982982983,0.07707707707707707,0.5235235235235235,0.019019019019019017,0.008008008008008008,0.07407407407407407,8.76876876876877,748.6101,1.8427288484969782,69.61917115070271,False,0.4034034034034034
867,0.494,0.269,0.08,0.001,0.065,0.091,7.739000000000001,956.72394,1.889154965135244,77.47381908874227,False,0.37
868,0.579,0.164,0.11,0.048,0.085,0.014,7.8549999999999995,933.0958,1.780738429962313,60.358498832462374,False,0.29400000000000004
869,0.286,0.039,0.299,0.17,0.056,0.15,7.587,508.0214,1.7451912921880344,55.614916842911974,False,0.482
870,0.541,0.117,0.139,0.002,0.178,0.023,7.411,962.31,1.7931171514997402,62.10365370483023,False,0.4059999999999999
871,0.47,0.068,0.077,0.124,0.228,0.033,6.826,832.1661,2.106349179991306,127.74654995399926,False,0.604
872,0.5565565565565566,0.11611611611611612,0.11011011011011011,0.2072072072072072,0.0,0.01001001001001001,8.08908908908909,795.2674,1.8161268458372566,65.48274037623635,False,0.4344344344344344
873,0.587,0.183,0.009,0.133,0.03,0.058,7.686,836.9526,1.6036341380887544,40.14524734787166,False,0.44199999999999995
874,0.366,0.151,0.184,0.063,0.235,0.001,7.277,709.9366,2.023520367861952,105.56510107523296,False,0.572
875,0.323,0.439,0.103,0.134,0.0,0.001,8.507,942.70776,1.8352193729716122,68.42571953724195,False,0.386
876,0.7497497497497497,0.03203203203203203,0.07307307307307306,0.06806806806806807,0.03303303303303304,0.044044044044044044,7.768768768768769,972.5676,1.6220896037048007,41.887997958538264,False,0.3497897897897898
877,0.5934065934065934,0.12687312687312688,0.2087912087912088,0.01198801198801199,0.0019980019980019984,0.05694305694305695,8.294705294705295,840.1436,1.6869266360623252,48.632504546257096,False,0.25344055944055943
878,0.492,0.034,0.281,0.028,0.126,0.039,7.782000000000001,768.5287,1.7337518112905885,54.169123859302154,False,0.45399999999999996
879,0.491,0.401,0.03,0.027,0.0,0.051,8.23,1003.11847,1.825406740048538,66.89701506569077,True,0.21599999999999991
880,0.5325325325325325,0.07707707707707707,0.03403403403403404,0.3463463463463463,0.006006006006006006,0.004004004004004004,7.752752752752752,744.804,1.9808056543501198,95.67658252668217,False,0.2580118580118579
881,0.6756756756756757,0.06406406406406406,0.1081081081081081,0.03203203203203203,0.11811811811811809,0.002002002002002002,7.64964964964965,937.65173,1.8674501797687706,73.6970628665834,False,0.3605205205205205
882,0.2197802197802198,0.16183816183816185,0.03796203796203797,0.15384615384615385,0.09590409590409592,0.33066933066933074,6.281718281718282,344.06052,2.4566809239455165,286.20744318497134,False,0.42907092907092914
883,0.7999999999999998,0.029999999999999992,0.05799999999999999,0.016999999999999998,0.0,0.09499999999999997,7.748999999999999,955.5461,1.6268754389806037,42.35214774394493,False,0.2100000000000002
884,0.46906187624750495,0.23752495009980037,0.10978043912175649,0.03093812375249501,0.14770459081836326,0.00499001996007984,7.667664670658683,892.25244,1.851943201022677,71.11205040470962,False,0.3863153692614771
885,0.2945891783567134,0.20140280561122242,0.2665330661322645,0.049098196392785565,0.029058116232464928,0.1593186372745491,7.902805611222444,579.0854,1.837548176133514,68.79362205983217,False,0.38316633266533057
886,0.4924924924924925,0.13413413413413414,0.1871871871871872,0.004004004004004004,0.16316316316316318,0.019019019019019017,7.6126126126126135,768.7645,1.935358526780935,86.17048290777232,False,0.44074674674674674
887,0.312,0.039,0.272,0.204,0.027,0.146,7.66,488.1744,1.8186422398703814,65.86311090909768,False,0.42999999999999994
888,0.403,0.271,0.163,0.144,0.0,0.019,8.377,789.36176,1.8311008006540905,67.77988078705921,False,0.43200000000000005
889,0.489,0.164,0.131,0.083,0.048,0.085,7.763,857.23004,1.7708644577778139,59.00169086312955,False,0.432
890,0.5235235235235235,0.19119119119119118,0.005005005005005005,0.25425425425425424,0.009009009009009009,0.01701701701701702,7.833833833833833,751.8181,1.791664478326141,61.896270002922265,False,0.4444444444444444
891,0.408,0.109,0.286,0.04,0.141,0.016,7.872,658.57196,1.9825329174597264,96.05786229264297,False,0.5433333333333332
892,0.36100000000000004,0.21000000000000002,0.010000000000000002,0.29500000000000004,0.11100000000000002,0.013000000000000001,7.328000000000001,573.2198,1.584644930644635,38.4277476996203,False,0.3580000000000001
893,0.334,0.384,0.133,0.105,0.044,0.0,8.325,1020.6467,1.9084429510849543,80.9921543413424,True,0.33399999999999996
894,0.5685685685685686,0.31631631631631635,0.09109109109109109,0.015015015015015017,0.009009009009009009,0.0,8.438438438438439,950.7184,1.7360939894714513,54.46205061814895,False,0.19886286286286273
895,0.4001996007984032,0.3652694610778443,0.054890219560878244,0.11477045908183633,0.00998003992015968,0.054890219560878244,8.090818363273453,1044.0004,1.7452634797532012,55.62416181211562,True,0.35049900199600803
896,0.459,0.081,0.326,0.125,0.0,0.009,8.572000000000001,735.1791,1.9361084558303885,86.31940852572409,False,0.43
897,0.31731731731731727,0.27127127127127126,0.27127127127127126,0.03403403403403403,0.09709709709709709,0.009009009009009007,8.258258258258257,733.55206,1.9358860791383086,86.27522074129682,False,0.2802802802802803
898,0.49149149149149146,0.1001001001001001,0.012012012012012012,0.08008008008008008,0.16116116116116116,0.15515515515515516,6.617617617617618,681.20233,2.3147435422970606,206.4160876472789,False,0.6168168168168169
899,0.5225225225225225,0.17017017017017017,0.17217217217217215,0.08508508508508508,0.04904904904904905,0.001001001001001001,8.18018018018018,841.94574,1.8648152738954888,73.25128942832885,False,0.3086146146146146
900,0.34765234765234765,0.25374625374625376,0.25974025974025977,0.06393606393606395,0.0009990009990009992,0.07392607392607393,8.408591408591409,780.40186,1.908500512355001,81.00288973040782,False,0.3063603063603063
901,0.43143143143143137,0.1111111111111111,0.2352352352352352,0.16716716716716715,0.05505505505505505,0.0,8.139139139139138,608.3746,1.9123437634210592,81.72289885463822,False,0.608914914914915
902,0.4624624624624625,0.24824824824824826,0.23923923923923923,0.022022022022022022,0.014014014014014014,0.014014014014014014,8.578578578578579,789.292,2.0124216128848,102.9014780464142,False,0.31307507507507504
903,0.469,0.102,0.016,0.308,0.008,0.097,7.398,550.3487,1.7226117078783005,52.79729928916448,False,0.44599999999999995
904,0.27127127127127126,0.08908908908908908,0.2732732732732733,0.3253253253253253,0.03303303303303304,0.008008008008008008,8.113113113113114,394.54105,1.9366132880249916,86.41980619444381,False,0.6058058058058058
905,0.4794794794794795,0.06206206206206207,0.005005005005005006,0.22322322322322324,0.036036036036036036,0.19419419419419423,6.891891891891893,559.70013,1.9415818137444785,87.41416506020639,False,0.541041041041041
906,0.425,0.324,0.099,0.039,0.043,0.07,7.988,971.04944,1.958574515864417,90.90222549231068,False,0.4859999999999999
907,0.381,0.363,0.055,0.05,0.011,0.14,7.808,1042.6167,1.7974469424985093,62.72590594323472,True,0.47800000000000004
908,0.753507014028056,0.13226452905811623,0.011022044088176352,0.05711422845691382,0.04609218436873747,0.0,7.866733466933866,870.96265,2.203362599444333,159.72121287773405,False,0.2585478649606905
909,0.5219999999999999,0.29399999999999993,0.04499999999999999,0.023999999999999994,0.0,0.11499999999999998,7.899999999999999,863.6847,1.794154703463379,62.25219991497229,False,0.3059999999999999
910,0.333,0.24,0.147,0.036,0.216,0.028,7.306,882.4649,1.9141816093136006,82.06946632081525,False,0.482
911,0.6276276276276276,0.11311311311311312,0.12012012012012012,0.13813813813813816,0.0,0.001001001001001001,8.21121121121121,872.56665,1.8597902815246738,72.40862182874731,False,0.2955335335335335
912,0.3553553553553553,0.26726726726726724,0.16516516516516516,0.05605605605605605,0.0030030030030030025,0.15315315315315314,7.913913913913913,717.4975,1.8690466145845044,73.9684664146385,False,0.45125125125125115
913,0.5305305305305305,0.25925925925925924,0.1201201201201201,0.04104104104104104,0.04704704704704704,0.002002002002002002,8.215215215215213,885.1748,1.8106472895864678,64.66172549934348,False,0.24269869869869876
914,0.3646353646353646,0.14485514485514484,0.27172827172827174,0.020979020979020976,0.047952047952047945,0.14985014985014983,7.828171828171827,701.0493,1.821604791188848,66.3139337675961,False,0.5001665001665001
915,0.3776223776223776,0.12887112887112886,0.33266733266733267,0.13486513486513485,0.021978021978021973,0.003996003996003996,8.533466533466534,746.95447,2.06150156675696,115.21302162331624,False,0.4102564102564102
916,0.379,0.267,0.039,0.288,0.002,0.025,7.947,742.45044,1.93981001324202,87.0582660961361,False,0.45
917,0.428,0.266,0.256,0.015,0.019,0.016,8.604000000000001,738.26904,2.00916421781208,102.13255999418291,False,0.28933333333333333
918,0.4635364635364636,0.4215784215784216,0.07992007992007993,0.014985014985014986,0.0019980019980019984,0.017982017982017984,8.484515484515486,1091.9316,1.9496884608184617,89.06118325630749,True,0.22977022977022965
919,0.30630630630630634,0.14214214214214216,0.2892892892892893,0.21021021021021022,0.021021021021021026,0.031031031031031036,8.281281281281283,432.3074,1.9266406310631674,84.45796851961352,False,0.45365365365365373
920,0.6943056943056942,0.12587412587412586,0.047952047952047945,0.021978021978021973,0.016983016983016984,0.0929070929070929,7.743256743256742,866.798,1.6587756543523104,45.580139954312976,False,0.3163476523476524
921,0.5034965034965034,0.16183816183816183,0.022977022977022973,0.3036963036963037,0.000999000999000999,0.006993006993006992,7.871128871128871,612.23883,1.9045013503449946,80.26040563929028,False,0.38561438561438555
922,0.344,0.212,0.272,0.013,0.047,0.112,8.059999999999999,747.6605,1.8668414825871065,73.59384310624847,False,0.3653333333333333
923,0.373,0.111,0.28,0.056,0.158,0.022,7.737000000000001,669.6801,2.0107373028783964,102.50317149709389,False,0.5513333333333332
924,0.21400000000000002,0.17300000000000001,0.29500000000000004,0.23800000000000002,0.007000000000000001,0.07300000000000001,8.198,421.84607,1.7724833270380609,59.22203505593789,False,0.30800000000000005
925,0.382,0.16,0.222,0.044,0.032,0.16,7.76,627.46423,1.8075084708442284,64.19607427272688,False,0.4720000000000001
926,0.5194805194805194,0.17082917082917082,0.13786213786213786,0.06293706293706293,0.08991008991008989,0.01898101898101898,7.858141858141857,932.7659,1.9026155170572159,79.91264713361268,False,0.3436563436563437
927,0.397,0.141,0.227,0.111,0.019,0.105,7.968999999999999,590.45764,1.7614527882537174,57.73681041565648,False,0.48600000000000004
928,0.35200000000000004,0.48100000000000004,0.08500000000000002,0.008000000000000002,0.061000000000000006,0.013000000000000001,8.286000000000001,1042.4761,1.9695627182936466,93.23151001669495,True,0.33399999999999996
929,0.4964964964964965,0.13313313313313313,0.14914914914914915,0.08908908908908908,0.03003003003003003,0.10210210210210209,7.783783783783784,838.90173,1.759622370162411,57.4939795495151,False,0.4424424424424424
930,0.354,0.151,0.322,0.064,0.109,0.0,8.186,646.4979,1.9538863414314773,89.92622061454338,False,0.3873333333333333
931,0.6143856143856143,0.14285714285714282,0.10789210789210787,0.01898101898101898,0.05394605394605394,0.06193806193806193,7.822177822177822,978.9135,1.6533001088366732,45.00907719409161,False,0.2697302697302698
932,0.40859140859140863,0.2547452547452548,0.09790209790209792,0.11988011988011989,0.09390609390609392,0.02497502497502498,7.761238761238761,898.848,1.8324997738300164,67.99856908832517,False,0.3629370629370629
933,0.3303303303303303,0.09209209209209208,0.04504504504504504,0.14414414414414414,0.02002002002002002,0.36836836836836834,6.464464464464464,263.17523,2.6260820728411125,422.74849760165813,False,0.5275275275275275
934,0.43443443443443436,0.09109109109109108,0.26726726726726724,0.04404404404404404,0.15915915915915915,0.004004004004004004,7.769769769769768,670.87024,2.0138873098175414,103.24934609035417,False,0.5965965965965967
935,0.6306306306306306,0.23223223223223224,0.018018018018018018,0.007007007007007007,0.002002002002002002,0.11011011011011011,7.8108108108108105,954.5362,1.634552542126011,43.107470743929305,False,0.2382382382382382
936,0.4624624624624625,0.23123123123123124,0.0850850850850851,0.18018018018018017,0.008008008008008008,0.03303303303303304,8.04904904904905,809.5123,1.8158651251674738,65.44329013131355,False,0.44890490490490487
937,0.347,0.451,0.067,0.04,0.092,0.003,8.073,1036.4209,1.8021428375046384,63.40782224455048,True,0.342
938,0.525,0.163,0.067,0.141,0.074,0.03,7.666,910.203,1.794185288797229,62.2565842013109,False,0.49
939,0.414,0.165,0.348,0.034,0.004,0.035,8.667,749.8976,1.930591302490236,85.22976725796424,False,0.33666666666666667
940,0.3443443443443443,0.15215215215215214,0.18318318318318316,0.17517517517517514,0.013013013013013011,0.13213213213213212,7.74974974974975,526.8445,1.6976818381800367,49.85191411883473,False,0.3147147147147148
941,0.38838838838838835,0.06806806806806806,0.14514514514514512,0.053053053053053044,0.0030030030030030025,0.34234234234234234,6.920920920920921,668.80615,2.2135669397715163,163.51851701882654,False,0.5385385385385385
942,0.325,0.42,0.185,0.064,0.005,0.001,8.697,826.61316,2.103694994813637,126.9682093778716,False,0.3133333333333333
943,0.26326326326326327,0.05205205205205205,0.6356356356356356,0.04504504504504504,0.003003003003003003,0.001001001001001001,9.25925925925926,663.1351,1.8862093082151858,76.95012120234833,False,0.32872872872872877
944,0.5359999999999999,0.12299999999999997,0.04999999999999999,0.15899999999999997,0.052999999999999985,0.07899999999999999,7.482999999999999,756.6551,1.4450520832219511,27.864553171737835,False,0.5820000000000001
945,0.43556443556443564,0.15084915084915085,0.2117882117882118,0.03596403596403597,0.0019980019980019984,0.16383616383616387,7.873126873126874,635.4586,1.814557978221388,65.24661392757365,False,0.49870129870129876
946,0.3613613613613613,0.04504504504504504,0.4644644644644645,0.08108108108108109,0.006006006006006006,0.042042042042042045,8.694694694694695,754.29285,1.761853547222447,57.79011347328454,False,0.3483483483483484
947,0.672,0.119,0.077,0.019,0.041,0.072,7.761000000000001,1007.29333,1.658115913044294,45.51095125101649,True,0.3220000000000002
948,0.6900000000000001,0.17400000000000002,0.010000000000000002,0.12400000000000001,0.0,0.0020000000000000005,8.062000000000001,781.9458,2.0958682133682003,124.70050532229654,False,0.2719999999999998
949,0.5255255255255256,0.07907907907907907,0.009009009009009009,0.01001001001001001,0.007007007007007007,0.36936936936936937,6.574574574574575,478.89734,2.6722895443403116,470.20749168851813,False,0.22126126126126125
950,0.666,0.125,0.088,0.103,0.006,0.012,8.120000000000001,893.7531,1.88530144929414,76.78943095766937,False,0.3139999999999999
951,0.34765234765234765,0.4285714285714286,0.08791208791208792,0.04195804195804197,0.0,0.09390609390609392,8.186813186813186,1061.674,1.7768605401204842,59.82194650322107,True,0.4475524475524476
952,0.49949949949949946,0.3093093093093093,0.10010010010010009,0.001001001001001001,0.038038038038038034,0.052052052052052045,8.11011011011011,958.1076,1.9349540489043249,86.09026584337816,False,0.3370010010010009
953,0.5294705294705295,0.27572427572427577,0.08991008991008992,0.08891108891108891,0.0019980019980019984,0.013986013986013988,8.300699300699302,876.3798,1.7932547240025984,62.123329544125134,False,0.2856103896103895
954,0.399,0.143,0.091,0.324,0.012,0.031,7.817,676.64703,1.9856911463384495,96.75894987980516,False,0.5539999999999999
955,0.449,0.134,0.342,0.07,0.005,0.0,8.723,788.67004,2.1241107581619136,133.07937671617287,False,0.3986666666666667
956,0.361,0.103,0.355,0.012,0.022,0.147,8.103,692.60516,1.8376962654042948,68.81708386943879,False,0.46066666666666667
957,0.2967032967032967,0.08591408591408592,0.4375624375624376,0.15584415584415587,0.02397602397602398,0.0,8.685314685314687,649.64215,1.8956454857928773,78.64035870532108,False,0.5314685314685315
958,0.37262737262737267,0.35864135864135865,0.24375624375624377,0.015984015984015987,0.0,0.008991008991008992,8.794205794205794,888.10016,2.069363733699219,117.31775229810175,False,0.17915417915417922
959,0.669,0.067,0.093,0.012,0.002,0.157,7.603,905.21954,1.581992236374547,38.19374431093655,False,0.348
960,0.239,0.217,0.157,0.074,0.188,0.125,7.017,663.5551,1.6457470236434448,44.23306398901171,False,0.48800000000000004
961,0.586,0.069,0.062,0.21,0.001,0.072,7.6899999999999995,809.7355,1.6796604385562819,47.8256012494075,False,0.4107692307692309
962,0.5800000000000001,0.07200000000000001,0.20400000000000001,0.12900000000000003,0.015000000000000001,0.0,8.276000000000002,800.3151,1.9229380659986464,83.74098520089008,False,0.39
963,0.559,0.319,0.009,0.111,0.002,0.0,8.216000000000001,817.47125,2.0462676773184865,111.24171541226515,False,0.24399999999999988
964,0.4489999999999999,0.11899999999999997,0.08399999999999999,0.060999999999999985,0.17499999999999996,0.11199999999999997,6.902999999999999,810.5301,1.7760134539838601,59.70537823922454,False,0.6399999999999999
965,0.492,0.179,0.171,0.027,0.13,0.001,7.84,785.2665,1.8236312169311681,66.62407876505766,False,0.3520000000000001
966,0.6980000000000001,0.18600000000000003,0.012000000000000002,0.06500000000000002,0.011000000000000001,0.028000000000000004,7.9780000000000015,824.41345,1.931752413396604,85.45793874900778,False,0.23476923076923067
967,0.7017017017017017,0.16516516516516516,0.049049049049049054,0.06306306306306306,0.008008008008008008,0.013013013013013013,8.108108108108107,802.67566,1.8102018493942829,64.59543829879726,False,0.2355715715715716
968,0.542,0.104,0.091,0.135,0.095,0.033,7.5440000000000005,910.203,1.8504028599582427,70.86027932614064,False,0.526
969,0.459,0.273,0.053,0.124,0.065,0.026,7.8260000000000005,910.57635,1.9809334658741957,95.70474399299692,False,0.37600000000000006
970,0.629,0.032,0.173,0.034,0.125,0.007,7.691000000000001,833.85626,1.8911091010017629,77.8232029531167,False,0.392
971,0.3723723723723724,0.21521521521521525,0.31131131131131135,0.020020020020020023,0.004004004004004005,0.07707707707707709,8.489489489489491,800.0297,1.9114476419973654,81.55444601799388,False,0.2802802802802803
972,0.3323323323323324,0.1021021021021021,0.03403403403403404,0.34534534534534533,0.0800800800800801,0.10610610610610612,7.0,516.8637,1.9723399509034494,93.82961857853483,False,0.5835835835835836
973,0.778,0.041,0.071,0.026,0.084,0.0,7.737,1007.15894,2.105694566212382,127.55414212230397,False,0.30200000000000005
974,0.499,0.214,0.028,0.212,0.006,0.041,7.864000000000001,702.5377,1.7942318804684176,62.263263526098534,False,0.518
975,0.302,0.393,0.12,0.131,0.001,0.053,8.285,1030.0508,1.680774276608501,47.94841732498884,True,0.432
976,0.611,0.299,0.048,0.003,0.003,0.036,8.233,932.0847,1.6716455728511233,46.951078508453314,False,0.12199999999999991
977,0.687,0.098,0.042,0.121,0.037,0.015,7.816000000000001,827.3618,1.9438269235172383,87.86722756453518,False,0.3819999999999999
978,0.316,0.17,0.307,0.168,0.0,0.039,8.46,646.1202,1.7055830489080321,50.767181039472526,False,0.4139999999999999
979,0.54,0.127,0.209,0.059,0.001,0.064,8.225,812.5147,1.7561449256188664,57.03545698833916,False,0.35999999999999993
980,0.336,0.484,0.018,0.075,0.008,0.079,8.089,985.23956,1.82878549605082,67.4194951396542,False,0.36000000000000004
981,0.6446446446446445,0.050050050050050046,0.1431431431431431,0.001001001001001001,0.15015015015015012,0.01101101101101101,7.540540540540539,937.3994,1.7017135392268057,50.31686091378069,False,0.37561361361361345
982,0.4754754754754755,0.26326326326326327,0.15315315315315314,0.07607607607607607,0.031031031031031032,0.001001001001001001,8.334334334334335,810.5027,2.013774558954268,103.22254413372823,False,0.28704904904904904
983,0.7177177177177178,0.06806806806806807,0.09909909909909911,0.05005005005005006,0.06306306306306307,0.0020020020020020024,7.8928928928928945,985.7045,2.0199449041277653,104.6995714676915,False,0.2684284284284284
984,0.468,0.147,0.237,0.006,0.141,0.001,7.906000000000001,791.9355,1.9333198007518562,85.76691732713661,False,0.46399999999999997
985,0.546,0.196,0.122,0.06,0.021,0.055,8.055,858.14465,1.6998490190034061,50.10130278762789,False,0.27199999999999996
986,0.6333666333666335,0.09390609390609392,0.08191808191808193,0.009990009990009992,0.17182817182817184,0.008991008991008992,7.352647352647353,960.2008,1.6926174589658578,49.27395913168152,False,0.3896103896103895
987,0.457,0.328,0.112,0.04,0.006,0.057,8.254,882.07135,1.9466361912885715,88.43744585028483,False,0.40599999999999997
988,0.5694305694305695,0.19880119880119884,0.1158841158841159,0.07792207792207793,0.007992007992007994,0.029970029970029972,8.192807192807194,869.07355,1.7825238080698953,60.60714245166277,False,0.2317682317682317
989,0.48451548451548454,0.09690309690309691,0.34865134865134867,0.03696303696303697,0.029970029970029972,0.0029970029970029974,8.595404595404595,840.62024,2.1035514680942877,126.92625554147988,False,0.33366633366633364
990,0.33,0.093,0.512,0.038,0.027,0.0,8.944,772.15216,2.1235486949879587,132.90725701750264,False,0.33999999999999997
991,0.49249249249249244,0.13613613613613612,0.16616616616616617,0.01001001001001001,0.16116116116116114,0.03403403403403403,7.516516516516516,768.7645,1.8973360841737352,78.94708230796142,False,0.4367427427427428
992,0.4010000000000001,0.17600000000000002,0.18400000000000002,0.08000000000000002,0.10300000000000001,0.05600000000000001,7.725000000000001,680.0894,1.7601883383409518,57.568953964797636,False,0.5399999999999999
993,0.7292707292707292,0.047952047952047945,0.15384615384615383,0.019980019980019977,0.042957042957042946,0.005994005994005993,8.096903096903096,880.0153,1.8985357172402682,79.16545591894457,False,0.23376623376623384
994,0.42142142142142147,0.2932932932932933,0.07707707707707709,0.07107107107107108,0.0930930930930931,0.044044044044044044,7.734734734734737,934.6595,1.916351643243367,82.48056803826142,False,0.3850850850850851
995,0.3603603603603604,0.32832832832832837,0.09909909909909911,0.03203203203203204,0.1801801801801802,0.0,7.593593593593594,916.4645,1.9986389724260614,99.68710236789343,False,0.2792792792792793
996,0.42100000000000004,0.15400000000000003,0.23500000000000001,0.07900000000000001,0.024000000000000004,0.08700000000000001,8.077,675.51447,1.8091423254152534,64.43804049297005,False,0.5439999999999999
997,0.596,0.202,0.079,0.018,0.031,0.074,7.891,999.0181,1.6328102931386235,42.93488392726427,False,0.246
998,0.655,0.119,0.142,0.009,0.001,0.074,8.093,950.66034,1.6236749556001078,42.04118565502489,False,0.24000000000000005
999,0.387,0.187,0.212,0.077,0.006,0.131,7.98,646.9595,1.7438644318667942,55.44526095881802,False,0.41
